an_base,nm_grande_area_conhecimento,nm_area_conhecimento,nm_subarea_conhecimento,nm_especialidade,cd_area_avaliacao,nm_area_avaliacao,cd_entidade_capes,cd_entidade_emec,sg_entidade_ensino,nm_entidade_ensino,cs_status_juridico,ds_dependencia_administrativa,ds_organizacao_academica,nm_regiao,nm_municipio_programa_ies,nm_modalidade_programa,cd_programa_ies,nm_programa_ies,nm_programa_idioma,sg_uf_programa,nm_grau_programa,cd_conceito_programa,ano_inicio_programa,an_inicio_curso,in_rede,sg_entidade_ensino_rede,ds_situacao_programa,dt_situacao_programa,id_add_foto_programa_ies,id_add_foto_programa,ds_clientela_quadrienal_2017,ano_fonte,tipo_fonte,nm_area_basica,an_inicio_programa,ano_base
2013,CIÊNCIAS HUMANAS,CIÊNCIA POLÍTICA,NÃO SE APLICA,NÃO SE APLICA,39,CIÊNCIA POLÍTICA E RELAÇÕES INTERNACIONAIS,15001016,569,UFPA,UNIVERSIDADE FEDERAL DO PARÁ,FEDERAL,PÚBLICA,UNIVERSIDADE,NORTE,BELÉM,ACADÊMICO,15001016053P9,CIÊNCIA POLÍTICA,PROGRAM IN CIENCIA POLITIC,PA,MESTRADO,3,2008,2008,NÃO,NA,EM FUNCIONAMENTO,18MAR2014:00:00:00,116183,52830,AVALIAÇÃO,2013,prog,NA,NA,2013
2013,CIÊNCIAS HUMANAS,CIÊNCIA POLÍTICA,NÃO SE APLICA,NÃO SE APLICA,39,CIÊNCIA POLÍTICA E RELAÇÕES INTERNACIONAIS,20002017,568,UEMA,UNIVERSIDADE ESTADUAL DO MARANHÃO,ESTADUAL,PÚBLICA,NÃO INFORMADO,NORDESTE,SÃO LUÍS,ACADÊMICO,20002017007P8,CARTOGRAFIA SOCIAL E POLÍTICA DA AMAZÔNIA,POSTGRADUATE PROGRAM IN SOCIAL CARTOGRAPHY AND POLITICS OF THE AMAZON,MA,MESTRADO,3,2013,2013,NÃO,NA,EM FUNCIONAMENTO,20SEP2013:00:00:00,115097,51732,AVALIAÇÃO,2013,prog,NA,NA,2013
2013,CIÊNCIAS HUMANAS,CIÊNCIA POLÍTICA,NÃO SE APLICA,NÃO SE APLICA,39,CIÊNCIA POLÍTICA E RELAÇÕES INTERNACIONAIS,21001014,NI,FUFPI,FUNDAÇÃO UNIVERSIDADE FEDERAL DO PIAUÍ,FEDERAL,PÚBLICA,NÃO INFORMADO,NORDESTE,TERESINA,ACADÊMICO,21001014014P0,CIÊNCIA POLÍTICA,GRADUATE PROGRAM IN POLITICAL SCIENCE AT FEDERAL UNIVERSITY OF PIAUI,PI,MESTRADO,3,2008,2008,NÃO,NA,EM FUNCIONAMENTO,08MAR2013:00:00:00,116435,53062,AVALIAÇÃO,2013,prog,NA,NA,2013
2013,CIÊNCIAS HUMANAS,CIÊNCIA POLÍTICA,NÃO SE APLICA,NÃO SE APLICA,39,CIÊNCIA POLÍTICA E RELAÇÕES INTERNACIONAIS,24004014,550,UEPB,UNIVERSIDADE ESTADUAL DA PARAIBA,ESTADUAL,PÚBLICA,UNIVERSIDADE,NORDESTE,JOÃO PESSOA,ACADÊMICO,24004014007P1,RELAÇOES INTERNACIONAIS,"GRADUATE PROGRAM IN INTERNATIONAL RELATIONS, STATE UNIVERSITY OF PARAIBA",PB,MESTRADO,4,2008,2008,NÃO,NA,EM FUNCIONAMENTO,16AUG2012:00:00:00,89441,28094,AVALIAÇÃO,2013,prog,NA,NA,2013
2013,CIÊNCIAS HUMANAS,CIÊNCIA POLÍTICA,COMPORTAMENTO POLÍTICO,NÃO SE APLICA,39,CIÊNCIA POLÍTICA E RELAÇÕES INTERNACIONAIS,25001019,580,UFPE,UNIVERSIDADE FEDERAL DE PERNAMBUCO,FEDERAL,PÚBLICA,UNIVERSIDADE,NORDESTE,RECIFE,ACADÊMICO,25001019033P6,CIÊNCIA POLÍTICA,POLITICAL SCIENCE,PE,MESTRADO/DOUTORADO,6,1982,1982/2002,NÃO,NA,EM FUNCIONAMENTO,29JAN2014:00:00:00,80690,21075,AVALIAÇÃO,2013,prog,NA,NA,2013
2013,CIÊNCIAS HUMANAS,CIÊNCIA POLÍTICA,POLÍTICAS PÚBLICAS,NÃO SE APLICA,39,CIÊNCIA POLÍTICA E RELAÇÕES INTERNACIONAIS,28022017,4503,UFRB,UNIVERSIDADE FEDERAL DO RECÔNCAVO DA BAHIA,FEDERAL,PÚBLICA,UNIVERSIDADE,NORDESTE,CRUZ DAS ALMAS,PROFISSIONAL,28022017008P0,GESTÃO DE POLÍTICAS PÚBLICAS E SEGURANÇA SOCIAL,MANAGEMENT OF PUBLIC POLICY AND SOCIAL SECURITY,BA,MESTRADO PROFISSIONAL,3,2011,2011,NÃO,NA,EM FUNCIONAMENTO,12FEB2014:00:00:00,113986,50787,AVALIAÇÃO,2013,prog,NA,NA,2013
2013,CIÊNCIAS HUMANAS,CIÊNCIA POLÍTICA,NÃO SE APLICA,NÃO SE APLICA,39,CIÊNCIA POLÍTICA E RELAÇÕES INTERNACIONAIS,31001017,586,UFRJ,UNIVERSIDADE FEDERAL DO RIO DE JANEIRO,FEDERAL,PÚBLICA,UNIVERSIDADE,SUDESTE,RIO DE JANEIRO,ACADÊMICO,31001017137P3,ECONOMIA POLÍTICA INTERNACIONAL,INTERNATIONAL POLITICAL ECONOMY,RJ,MESTRADO/DOUTORADO,4,2009,2009/2009,NÃO,NA,EM FUNCIONAMENTO,09AUG2013:00:00:00,90287,28847,AVALIAÇÃO,2013,prog,NA,NA,2013
2013,CIÊNCIAS HUMANAS,CIÊNCIA POLÍTICA,NÃO SE APLICA,NÃO SE APLICA,39,CIÊNCIA POLÍTICA E RELAÇÕES INTERNACIONAIS,31003010,572,UFF,UNIVERSIDADE FEDERAL FLUMINENSE,FEDERAL,PÚBLICA,NÃO INFORMADO,SUDESTE,NITERÓI,ACADÊMICO,31003010033P0,CIÊNCIA POLÍTICA,GRADUATE PROGRAM IN POLITICAL SCIENCE,RJ,MESTRADO/DOUTORADO,4,1994,1994/2006,NÃO,NA,EM FUNCIONAMENTO,07AUG2010:00:00:00,118473,54985,AVALIAÇÃO,2013,prog,NA,NA,2013
2013,CIÊNCIAS HUMANAS,CIÊNCIA POLÍTICA,ESTADO E GOVERNO,NÃO SE APLICA,39,CIÊNCIA POLÍTICA E RELAÇÕES INTERNACIONAIS,31003010,572,UFF,UNIVERSIDADE FEDERAL FLUMINENSE,FEDERAL,PÚBLICA,NÃO INFORMADO,SUDESTE,NITERÓI,ACADÊMICO,31003010062P0,ESTUDOS ESTRATÉGICOS DA DEFESA E DA SEGURANÇA,STRATEGIC STUDIES AND DEFENSE GRADUATE PROGRAMME,RJ,MESTRADO,3,2008,2008,NÃO,NA,EM FUNCIONAMENTO,07AUG2010:00:00:00,80247,19776,AVALIAÇÃO,2013,prog,NA,NA,2013
2013,CIÊNCIAS HUMANAS,CIÊNCIA POLÍTICA,POLÍTICA INTERNACIONAL,NÃO SE APLICA,39,CIÊNCIA POLÍTICA E RELAÇÕES INTERNACIONAIS,31004016,547,UERJ,UNIVERSIDADE DO ESTADO DO RIO DE JANEIRO,ESTADUAL,PÚBLICA,UNIVERSIDADE,SUDESTE,RIO DE JANEIRO,ACADÊMICO,31004016057P9,RELAÇÕES INTERNACIONAIS,GRADUATE PROGRAM OF INTERNATIONAL RELATIONSHIP,RJ,MESTRADO/DOUTORADO,4,2009,2009/2015,NÃO,NA,EM FUNCIONAMENTO,15JAN2013:00:00:00,112558,49385,AVALIAÇÃO,2013,prog,NA,NA,2013
2013,CIÊNCIAS HUMANAS,CIÊNCIA POLÍTICA,NÃO SE APLICA,NÃO SE APLICA,39,CIÊNCIA POLÍTICA E RELAÇÕES INTERNACIONAIS,31004016,547,UERJ,UNIVERSIDADE DO ESTADO DO RIO DE JANEIRO,ESTADUAL,PÚBLICA,UNIVERSIDADE,SUDESTE,RIO DE JANEIRO,ACADÊMICO,31004016061P6,CIÊNCIA POLÍTICA,GRADUATE PROGRAM IN POLITICAL SCIENCE,RJ,MESTRADO/DOUTORADO,6,2010,2010/2010,NÃO,NA,EM FUNCIONAMENTO,11APR2013:00:00:00,113351,50135,AVALIAÇÃO,2013,prog,NA,NA,2013
2013,CIÊNCIAS HUMANAS,CIÊNCIA POLÍTICA,POLÍTICA INTERNACIONAL,"RELAÇÕES INTERNACIONAIS, BILATERAIS E MULTILATERAIS",39,CIÊNCIA POLÍTICA E RELAÇÕES INTERNACIONAIS,31005012,528,PUC-RIO,PONTIFÍCIA UNIVERSIDADE CATÓLICA DO RIO DE JANEIRO,PARTICULAR,PRIVADA,UNIVERSIDADE,SUDESTE,RIO DE JANEIRO,ACADÊMICO,31005012026P2,RELAÇÕES INTERNACIONAIS,INSTITUTE OF INTERNATIONAL RELATIONS,RJ,MESTRADO/DOUTORADO,6,1987,1987/2001,NÃO,NA,EM FUNCIONAMENTO,19FEB2014:00:00:00,103471,41314,AVALIAÇÃO,2013,prog,NA,NA,2013
2013,CIÊNCIAS HUMANAS,CIÊNCIA POLÍTICA,NÃO SE APLICA,NÃO SE APLICA,39,CIÊNCIA POLÍTICA E RELAÇÕES INTERNACIONAIS,31032010,1153,UCAM,UNIVERSIDADE CÂNDIDO MENDES,PARTICULAR,PRIVADA,UNIVERSIDADE,SUDESTE,CAMPOS DOS GOYTACAZES,ACADÊMICO,31032010005P5,CIÊNCIA POLÍTICA (CIÊNCIA POLÍTICA E SOCIOLOGIA),GRADUATE PROGRAM IN POLITICAL SCIENCE AND INTERNATIONAL RELATIONS,RJ,MESTRADO/DOUTORADO,2,1969,1969/1980,NÃO,NA,EM DESATIVACAO,28JUL2014:00:00:00,37952,4165,NÃO,2013,prog,NA,NA,2013
2013,CIÊNCIAS HUMANAS,CIÊNCIA POLÍTICA,NÃO SE APLICA,NÃO SE APLICA,39,CIÊNCIA POLÍTICA E RELAÇÕES INTERNACIONAIS,31096018,NI,UNIFA,UNIVERSIDADE DA FORCA AEREA,FEDERAL,PÚBLICA,NÃO INFORMADO,SUDESTE,RIO DE JANEIRO,PROFISSIONAL,31096018001P2,CIÊNCIAS AEROESPACIAIS,AEROSPACE SCIENCES,RJ,MESTRADO PROFISSIONAL,4,2012,2012,NÃO,NA,EM FUNCIONAMENTO,24APR2013:00:00:00,116725,53348,AVALIAÇÃO,2013,prog,NA,NA,2013
2013,CIÊNCIAS HUMANAS,CIÊNCIA POLÍTICA,NÃO SE APLICA,NÃO SE APLICA,39,CIÊNCIA POLÍTICA E RELAÇÕES INTERNACIONAIS,31098010,NI,ECEME,ESCOLA DE COMANDO E ESTADO-MAIOR DO EXÉRCITO,FEDERAL,PÚBLICA,NÃO INFORMADO,SUDESTE,RIO DE JANEIRO,ACADÊMICO,31098010001P5,CIÊNCIAS MILITARES,MASTER OF ARTS AND SCIENCES IN MILITARY SCIENCE,RJ,MESTRADO/DOUTORADO,4,2013,2013/2016,NÃO,NA,EM FUNCIONAMENTO,01NOV2013:00:00:00,118255,54708,AVALIAÇÃO,2013,prog,NA,NA,2013
2013,CIÊNCIAS HUMANAS,CIÊNCIA POLÍTICA,NÃO SE APLICA,NÃO SE APLICA,39,CIÊNCIA POLÍTICA E RELAÇÕES INTERNACIONAIS,32001010,575,UFMG,UNIVERSIDADE FEDERAL DE MINAS GERAIS,FEDERAL,PÚBLICA,UNIVERSIDADE,SUDESTE,BELO HORIZONTE,ACADÊMICO,32001010011P2,CIÊNCIA POLÍTICA,GRADUATE PROGRAM IN POLITICAL SCIENCE,MG,MESTRADO/DOUTORADO,7,1969,1969/2006,NÃO,NA,EM FUNCIONAMENTO,13MAR2014:00:00:00,113248,50030,AVALIAÇÃO,2013,prog,NA,NA,2013
2013,CIÊNCIAS HUMANAS,CIÊNCIA POLÍTICA,POLÍTICA INTERNACIONAL,NÃO SE APLICA,39,CIÊNCIA POLÍTICA E RELAÇÕES INTERNACIONAIS,32008015,338,PUC/MG,PONTIFÍCIA UNIVERSIDADE CATÓLICA DE MINAS GERAIS,PARTICULAR,PRIVADA,UNIVERSIDADE,SUDESTE,BELO HORIZONTE,ACADÊMICO,32008015017P5,RELAÇÕES INTERNACIONAIS: POLÍTICA INTERNACIONAL,GRADUATE PROGRAM IN INTERNATIONAL RELATIONS,MG,MESTRADO/DOUTORADO,5,2007,2007/2012,NÃO,NA,EM FUNCIONAMENTO,06SEP2012:00:00:00,103283,41206,AVALIAÇÃO,2013,prog,NA,NA,2013
2013,CIÊNCIAS HUMANAS,CIÊNCIA POLÍTICA,NÃO SE APLICA,NÃO SE APLICA,39,CIÊNCIA POLÍTICA E RELAÇÕES INTERNACIONAIS,33001014,7,UFSCAR,UNIVERSIDADE FEDERAL DE SÃO CARLOS,FEDERAL,PÚBLICA,UNIVERSIDADE,SUDESTE,SÃO CARLOS,ACADÊMICO,33001014026P2,CIENCIA POLITICA,GRADUATE STUDIES PROGRAM IN POLITICAL SCIENCE,SP,MESTRADO/DOUTORADO,4,2008,2008/2008,NÃO,NA,EM FUNCIONAMENTO,15JAN2014:00:00:00,115831,52501,AVALIAÇÃO,2013,prog,NA,NA,2013
2013,CIÊNCIAS HUMANAS,CIÊNCIA POLÍTICA,NÃO SE APLICA,NÃO SE APLICA,39,CIÊNCIA POLÍTICA E RELAÇÕES INTERNACIONAIS,33002010,55,USP,UNIVERSIDADE DE SÃO PAULO,ESTADUAL,PÚBLICA,UNIVERSIDADE,SUDESTE,SÃO PAULO,ACADÊMICO,33002010030P6,CIÊNCIA POLÍTICA,GRADUATE STUDIES IN POLITICAL SCIENCE AT UNIVERSITY OF SÃO PAULO,SP,MESTRADO/DOUTORADO,7,1974,1974/1974,NÃO,NA,EM FUNCIONAMENTO,01JUN2010:00:00:00,116953,53572,AVALIAÇÃO,2013,prog,NA,NA,2013
2013,CIÊNCIAS HUMANAS,CIÊNCIA POLÍTICA,POLÍTICA INTERNACIONAL,"RELAÇÕES INTERNACIONAIS, BILATERAIS E MULTILATERAIS",39,CIÊNCIA POLÍTICA E RELAÇÕES INTERNACIONAIS,33002010,55,USP,UNIVERSIDADE DE SÃO PAULO,ESTADUAL,PÚBLICA,UNIVERSIDADE,SUDESTE,SÃO PAULO,ACADÊMICO,33002010208P0,RELAÇÕES INTERNACIONAIS,INTERNATIONAL RELATIONS,SP,MESTRADO/DOUTORADO,4,2009,2009/2009,NÃO,NA,EM FUNCIONAMENTO,04NOV2013:00:00:00,55837,7549,AVALIAÇÃO,2013,prog,NA,NA,2013
2013,CIÊNCIAS HUMANAS,CIÊNCIA POLÍTICA,NÃO SE APLICA,NÃO SE APLICA,39,CIÊNCIA POLÍTICA E RELAÇÕES INTERNACIONAIS,33003017,54,UNICAMP,UNIVERSIDADE ESTADUAL DE CAMPINAS,ESTADUAL,PÚBLICA,NÃO INFORMADO,SUDESTE,CAMPINAS,ACADÊMICO,33003017017P6,CIÊNCIA POLÍTICA,GRADUATE PROGRAM IN POLITICAL SCIENCE AT UNICAMP,SP,MESTRADO/DOUTORADO,5,1974,1974/2006,NÃO,NA,EM FUNCIONAMENTO,16APR2013:00:00:00,110183,47316,AVALIAÇÃO,2013,prog,NA,NA,2013
2013,CIÊNCIAS HUMANAS,CIÊNCIA POLÍTICA,POLÍTICA INTERNACIONAL,NÃO SE APLICA,39,CIÊNCIA POLÍTICA E RELAÇÕES INTERNACIONAIS,33004110,NI,UNESP/MAR,UNIVERSIDADE EST.PAULISTA JÚLIO DE MESQUITA FILHO/MARILIA,ESTADUAL,PÚBLICA,NÃO INFORMADO,SUDESTE,MARÍLIA,ACADÊMICO,33004110044P0,RELAÇÕES INTERNACIONAIS (UNESP - UNICAMP - PUC-SP),"GRADUATE PROGRAM IN INTERNATIONAL RELATIONS SAN TIAGO DANTAS (UNESP, UNICAMP, PUC-SP)",SP,MESTRADO/DOUTORADO,5,2003,2003/2011,SIM,UNICAMP;PUC/SP,EM FUNCIONAMENTO,18JUN2013:00:00:00,92648,31159,AVALIAÇÃO,2013,prog,NA,NA,2013
2013,CIÊNCIAS HUMANAS,CIÊNCIA POLÍTICA,NÃO SE APLICA,NÃO SE APLICA,39,CIÊNCIA POLÍTICA E RELAÇÕES INTERNACIONAIS,40001016,571,UFPR,UNIVERSIDADE FEDERAL DO PARANÁ,FEDERAL,PÚBLICA,UNIVERSIDADE,SUL,CURITIBA,ACADÊMICO,40001016061P2,CIÊNCIA POLÍTICA,POLITICAL SCIENCE GRADUATE PROGRAM,PR,MESTRADO/DOUTORADO,4,2009,2009/2014,NÃO,NA,EM FUNCIONAMENTO,19MAR2013:00:00:00,96057,34417,AVALIAÇÃO,2013,prog,NA,NA,2013
2013,CIÊNCIAS HUMANAS,CIÊNCIA POLÍTICA,POLÍTICAS PÚBLICAS,NÃO SE APLICA,39,CIÊNCIA POLÍTICA E RELAÇÕES INTERNACIONAIS,40004015,57,UEM,UNIVERSIDADE ESTADUAL DE MARINGÁ,ESTADUAL,PÚBLICA,UNIVERSIDADE,SUL,MARINGÁ,PROFISSIONAL,40004015033P8,POLÍTICAS PÚBLICAS,PUBLIC POLICIES,PR,MESTRADO PROFISSIONAL,3,2010,2010,NÃO,NA,EM FUNCIONAMENTO,13JUL2009:00:00:00,113089,49894,AVALIAÇÃO,2013,prog,NA,NA,2013
2013,CIÊNCIAS HUMANAS,CIÊNCIA POLÍTICA,POLÍTICA INTERNACIONAL,"RELAÇÕES INTERNACIONAIS, BILATERAIS E MULTILATERAIS",39,CIÊNCIA POLÍTICA E RELAÇÕES INTERNACIONAIS,41001010,585,UFSC,UNIVERSIDADE FEDERAL DE SANTA CATARINA,FEDERAL,PÚBLICA,UNIVERSIDADE,SUL,FLORIANÓPOLIS,ACADÊMICO,41001010083P2,RELAÇÕES INTERNACIONAIS,MASTER'S PROGRAM IN INTERNATIONAL RELATIONS,SC,MESTRADO,3,2011,2011,NÃO,NA,EM FUNCIONAMENTO,15MAR2013:00:00:00,112923,49728,AVALIAÇÃO,2013,prog,NA,NA,2013
2013,CIÊNCIAS HUMANAS,CIÊNCIA POLÍTICA,NÃO SE APLICA,NÃO SE APLICA,39,CIÊNCIA POLÍTICA E RELAÇÕES INTERNACIONAIS,42001013,581,UFRGS,UNIVERSIDADE FEDERAL DO RIO GRANDE DO SUL,FEDERAL,PÚBLICA,UNIVERSIDADE,SUL,PORTO ALEGRE,ACADÊMICO,42001013033P4,CIÊNCIA POLÍTICA,POLITICAL SCIENCE,RS,MESTRADO/DOUTORADO,5,1973,1973/1996,NÃO,NA,EM FUNCIONAMENTO,07JAN2013:00:00:00,111416,48335,AVALIAÇÃO,2013,prog,NA,NA,2013
2013,CIÊNCIAS HUMANAS,CIÊNCIA POLÍTICA,NÃO SE APLICA,NÃO SE APLICA,39,CIÊNCIA POLÍTICA E RELAÇÕES INTERNACIONAIS,42001013,581,UFRGS,UNIVERSIDADE FEDERAL DO RIO GRANDE DO SUL,FEDERAL,PÚBLICA,UNIVERSIDADE,SUL,PORTO ALEGRE,ACADÊMICO,42001013077P1,RELAÇÕES INTERNACIONAIS,POSTGRADUATE PROGRAM IN INTERNATIONAL RELATIONS,RS,MESTRADO,2,2002,2002,NÃO,NA,EM DESATIVACAO,29APR2014:00:00:00,55428,5819,NÃO,2013,prog,NA,NA,2013
2013,CIÊNCIAS HUMANAS,CIÊNCIA POLÍTICA,POLÍTICA INTERNACIONAL,"RELAÇÕES INTERNACIONAIS, BILATERAIS E MULTILATERAIS",39,CIÊNCIA POLÍTICA E RELAÇÕES INTERNACIONAIS,42001013,581,UFRGS,UNIVERSIDADE FEDERAL DO RIO GRANDE DO SUL,FEDERAL,PÚBLICA,UNIVERSIDADE,SUL,PORTO ALEGRE,ACADÊMICO,42001013101P0,ESTUDOS ESTRATÉGICOS INTERNACIONAIS,INTERNATIONAL STRATEGIC STUDIES DOCTORAL PROGRAM,RS,MESTRADO/DOUTORADO,4,2011,2011/2011,NÃO,NA,EM FUNCIONAMENTO,23MAR2012:00:00:00,106896,44456,AVALIAÇÃO,2013,prog,NA,NA,2013
2013,CIÊNCIAS HUMANAS,CIÊNCIA POLÍTICA,NÃO SE APLICA,NÃO SE APLICA,39,CIÊNCIA POLÍTICA E RELAÇÕES INTERNACIONAIS,42003016,634,UFPEL,UNIVERSIDADE FEDERAL DE PELOTAS,FEDERAL,PÚBLICA,UNIVERSIDADE,SUL,PELOTAS,ACADÊMICO,42003016037P2,CIÊNCIA POLÍTICA,POLITICAL SCIENCE,RS,MESTRADO/DOUTORADO,3,2011,2011/2016,NÃO,NA,EM FUNCIONAMENTO,28JAN2013:00:00:00,89330,28049,AVALIAÇÃO,2013,prog,NA,NA,2013
2013,CIÊNCIAS HUMANAS,CIÊNCIA POLÍTICA,NÃO SE APLICA,NÃO SE APLICA,39,CIÊNCIA POLÍTICA E RELAÇÕES INTERNACIONAIS,52001016,584,UFG,UNIVERSIDADE FEDERAL DE GOIÁS,FEDERAL,PÚBLICA,UNIVERSIDADE,CENTRO-OESTE,GOIÂNIA,ACADÊMICO,52001016055P6,CIÊNCIA POLÍTICA,POST GRADUATE PROGRAM IN POLITICAL SCIENCE,GO,MESTRADO,4,2012,2012,NÃO,NA,EM FUNCIONAMENTO,23MAR2012:00:00:00,110713,47771,AVALIAÇÃO,2013,prog,NA,NA,2013
2013,CIÊNCIAS HUMANAS,CIÊNCIA POLÍTICA,POLÍTICA INTERNACIONAL,NÃO SE APLICA,39,CIÊNCIA POLÍTICA E RELAÇÕES INTERNACIONAIS,53001010,2,UNB,UNIVERSIDADE DE BRASÍLIA,FEDERAL,PÚBLICA,UNIVERSIDADE,CENTRO-OESTE,BRASÍLIA,ACADÊMICO,53001010025P6,RELAÇÕES INTERNACIONAIS,INTERNATIONAL RELATIONS,DF,MESTRADO/DOUTORADO,6,1984,1984/2002,NÃO,NA,EM FUNCIONAMENTO,29OCT2012:00:00:00,70635,12683,AVALIAÇÃO,2013,prog,NA,NA,2013
2013,CIÊNCIAS HUMANAS,CIÊNCIA POLÍTICA,NÃO SE APLICA,NÃO SE APLICA,39,CIÊNCIA POLÍTICA E RELAÇÕES INTERNACIONAIS,53001010,2,UNB,UNIVERSIDADE DE BRASÍLIA,FEDERAL,PÚBLICA,UNIVERSIDADE,CENTRO-OESTE,BRASÍLIA,ACADÊMICO,53001010026P2,CIÊNCIA POLÍTICA,GRADUATE PROGRAM IN POLITICAL SCIENCE,DF,MESTRADO/DOUTORADO,5,1984,1984/2008,NÃO,NA,EM FUNCIONAMENTO,12MAR2014:00:00:00,95708,34095,AVALIAÇÃO,2013,prog,NA,NA,2013
2013,CIÊNCIAS HUMANAS,CIÊNCIA POLÍTICA,NÃO SE APLICA,NÃO SE APLICA,39,CIÊNCIA POLÍTICA E RELAÇÕES INTERNACIONAIS,53017013,1113,UNIEURO,CENTRO UNIVERSITÁRIO EURO-AMERICANO,PARTICULAR,PRIVADA,CENTRO UNIVERSITÁRIO,CENTRO-OESTE,BRASÍLIA,ACADÊMICO,53017013001P6,"DIREITOS HUMANOS, CIDADANIA E VIOLÊNCIA","HUMAN RIGHTS, CITIZENSHIP AND VIOLENCE",DF,MESTRADO,3,2006,2006,NÃO,NA,EM FUNCIONAMENTO,03APR2013:00:00:00,116828,53452,AVALIAÇÃO,2013,prog,NA,NA,2013
2013,CIÊNCIAS HUMANAS,CIÊNCIA POLÍTICA,NÃO SE APLICA,NÃO SE APLICA,39,CIÊNCIA POLÍTICA E RELAÇÕES INTERNACIONAIS,53037014,NI,CEFOR,"CENTRO DE FORMAÇÃO, TREINAMENTO E APERFEIÇOAMENTO",FEDERAL,PÚBLICA,NÃO INFORMADO,CENTRO-OESTE,BRASÍLIA,PROFISSIONAL,53037014001P0,PODER LEGISLATIVO,MA IN LEGISLATIVE AFFAIRS,DF,MESTRADO PROFISSIONAL,3,2013,2013,NÃO,NA,EM FUNCIONAMENTO,30AUG2012:00:00:00,116797,53376,AVALIAÇÃO,2013,prog,NA,NA,2013
2014,CIÊNCIAS HUMANAS,CIÊNCIA POLÍTICA,NÃO SE APLICA,NÃO SE APLICA,39,CIÊNCIA POLÍTICA E RELAÇÕES INTERNACIONAIS,15001016,569,UFPA,UNIVERSIDADE FEDERAL DO PARÁ,FEDERAL,PÚBLICA,UNIVERSIDADE,NORTE,BELÉM,ACADÊMICO,15001016053P9,CIÊNCIA POLÍTICA,PROGRAM IN CIENCIA POLITIC,PA,MESTRADO,3,2008,2008,NÃO,NA,EM FUNCIONAMENTO,18MAR2014:00:00:00,116223,52850,AVALIAÇÃO,2014,prog,NA,NA,2014
2014,CIÊNCIAS HUMANAS,CIÊNCIA POLÍTICA,NÃO SE APLICA,NÃO SE APLICA,39,CIÊNCIA POLÍTICA E RELAÇÕES INTERNACIONAIS,20002017,568,UEMA,UNIVERSIDADE ESTADUAL DO MARANHÃO,ESTADUAL,PÚBLICA,NÃO INFORMADO,NORDESTE,SÃO LUÍS,ACADÊMICO,20002017007P8,CARTOGRAFIA SOCIAL E POLÍTICA DA AMAZÔNIA,POSTGRADUATE PROGRAM IN SOCIAL CARTOGRAPHY AND POLITICS OF THE AMAZON,MA,MESTRADO,3,2013,2013,NÃO,NA,EM FUNCIONAMENTO,20SEP2013:00:00:00,115065,51772,AVALIAÇÃO,2014,prog,NA,NA,2014
2014,CIÊNCIAS HUMANAS,CIÊNCIA POLÍTICA,NÃO SE APLICA,NÃO SE APLICA,39,CIÊNCIA POLÍTICA E RELAÇÕES INTERNACIONAIS,21001014,NI,FUFPI,FUNDAÇÃO UNIVERSIDADE FEDERAL DO PIAUÍ,FEDERAL,PÚBLICA,NÃO INFORMADO,NORDESTE,TERESINA,ACADÊMICO,21001014014P0,CIÊNCIA POLÍTICA,GRADUATE PROGRAM IN POLITICAL SCIENCE AT FEDERAL UNIVERSITY OF PIAUI,PI,MESTRADO,3,2008,2008,NÃO,NA,EM FUNCIONAMENTO,08MAR2013:00:00:00,116463,53092,AVALIAÇÃO,2014,prog,NA,NA,2014
2014,CIÊNCIAS HUMANAS,CIÊNCIA POLÍTICA,NÃO SE APLICA,NÃO SE APLICA,39,CIÊNCIA POLÍTICA E RELAÇÕES INTERNACIONAIS,24004014,550,UEPB,UNIVERSIDADE ESTADUAL DA PARAIBA,ESTADUAL,PÚBLICA,UNIVERSIDADE,NORDESTE,JOÃO PESSOA,ACADÊMICO,24004014007P1,RELAÇOES INTERNACIONAIS,"GRADUATE PROGRAM IN INTERNATIONAL RELATIONS, STATE UNIVERSITY OF PARAIBA",PB,MESTRADO,4,2008,2008,NÃO,NA,EM FUNCIONAMENTO,16AUG2012:00:00:00,89464,28163,AVALIAÇÃO,2014,prog,NA,NA,2014
2014,CIÊNCIAS HUMANAS,CIÊNCIA POLÍTICA,COMPORTAMENTO POLÍTICO,NÃO SE APLICA,39,CIÊNCIA POLÍTICA E RELAÇÕES INTERNACIONAIS,25001019,580,UFPE,UNIVERSIDADE FEDERAL DE PERNAMBUCO,FEDERAL,PÚBLICA,UNIVERSIDADE,NORDESTE,RECIFE,ACADÊMICO,25001019033P6,CIÊNCIA POLÍTICA,POLITICAL SCIENCE,PE,MESTRADO/DOUTORADO,6,1982,1982/2002,NÃO,NA,EM FUNCIONAMENTO,29JAN2014:00:00:00,76712,17706,AVALIAÇÃO,2014,prog,NA,NA,2014
2014,CIÊNCIAS HUMANAS,CIÊNCIA POLÍTICA,NÃO SE APLICA,NÃO SE APLICA,39,CIÊNCIA POLÍTICA E RELAÇÕES INTERNACIONAIS,25001019,580,UFPE,UNIVERSIDADE FEDERAL DE PERNAMBUCO,FEDERAL,PÚBLICA,UNIVERSIDADE,NORDESTE,RECIFE,PROFISSIONAL,25001019091P6,POLÍTICAS PÚBLICAS,POLITICAL SCIENCE,PE,MESTRADO PROFISSIONAL,4,2014,2014,NÃO,NA,EM FUNCIONAMENTO,20NOV2013:00:00:00,77612,18253,AVALIAÇÃO,2014,prog,NA,NA,2014
2014,CIÊNCIAS HUMANAS,CIÊNCIA POLÍTICA,POLÍTICA INTERNACIONAL,"RELAÇÕES INTERNACIONAIS, BILATERAIS E MULTILATERAIS",39,CIÊNCIA POLÍTICA E RELAÇÕES INTERNACIONAIS,28001010,578,UFBA,UNIVERSIDADE FEDERAL DA BAHIA,FEDERAL,PÚBLICA,NÃO INFORMADO,NORDESTE,SALVADOR,ACADÊMICO,28001010094P7,RELAÇÕES INTERNACIONAIS,M.A. IN INTERNATIONAL RELATIONS,BA,MESTRADO,3,2014,2014,NÃO,NA,EM FUNCIONAMENTO,05DEC2013:00:00:00,98533,36909,AVALIAÇÃO,2014,prog,NA,NA,2014
2014,CIÊNCIAS HUMANAS,CIÊNCIA POLÍTICA,POLÍTICAS PÚBLICAS,NÃO SE APLICA,39,CIÊNCIA POLÍTICA E RELAÇÕES INTERNACIONAIS,28022017,4503,UFRB,UNIVERSIDADE FEDERAL DO RECÔNCAVO DA BAHIA,FEDERAL,PÚBLICA,UNIVERSIDADE,NORDESTE,CRUZ DAS ALMAS,PROFISSIONAL,28022017008P0,GESTÃO DE POLÍTICAS PÚBLICAS E SEGURANÇA SOCIAL,MANAGEMENT OF PUBLIC POLICY AND SOCIAL SECURITY,BA,MESTRADO PROFISSIONAL,3,2011,2011,NÃO,NA,EM FUNCIONAMENTO,12FEB2014:00:00:00,114005,50769,AVALIAÇÃO,2014,prog,NA,NA,2014
2014,CIÊNCIAS HUMANAS,CIÊNCIA POLÍTICA,NÃO SE APLICA,NÃO SE APLICA,39,CIÊNCIA POLÍTICA E RELAÇÕES INTERNACIONAIS,31001017,586,UFRJ,UNIVERSIDADE FEDERAL DO RIO DE JANEIRO,FEDERAL,PÚBLICA,UNIVERSIDADE,SUDESTE,RIO DE JANEIRO,ACADÊMICO,31001017137P3,ECONOMIA POLÍTICA INTERNACIONAL,INTERNATIONAL POLITICAL ECONOMY,RJ,MESTRADO/DOUTORADO,4,2009,2009/2009,NÃO,NA,EM FUNCIONAMENTO,09AUG2013:00:00:00,90305,28839,AVALIAÇÃO,2014,prog,NA,NA,2014
2014,CIÊNCIAS HUMANAS,CIÊNCIA POLÍTICA,NÃO SE APLICA,NÃO SE APLICA,39,CIÊNCIA POLÍTICA E RELAÇÕES INTERNACIONAIS,31003010,572,UFF,UNIVERSIDADE FEDERAL FLUMINENSE,FEDERAL,PÚBLICA,NÃO INFORMADO,SUDESTE,NITERÓI,ACADÊMICO,31003010033P0,CIÊNCIA POLÍTICA,GRADUATE PROGRAM IN POLITICAL SCIENCE,RJ,MESTRADO/DOUTORADO,4,1994,1994/2006,NÃO,NA,EM FUNCIONAMENTO,07AUG2010:00:00:00,118486,54959,AVALIAÇÃO,2014,prog,NA,NA,2014
2014,CIÊNCIAS HUMANAS,CIÊNCIA POLÍTICA,ESTADO E GOVERNO,NÃO SE APLICA,39,CIÊNCIA POLÍTICA E RELAÇÕES INTERNACIONAIS,31003010,572,UFF,UNIVERSIDADE FEDERAL FLUMINENSE,FEDERAL,PÚBLICA,NÃO INFORMADO,SUDESTE,NITERÓI,ACADÊMICO,31003010062P0,ESTUDOS ESTRATÉGICOS DA DEFESA E DA SEGURANÇA,STRATEGIC STUDIES AND DEFENSE GRADUATE PROGRAMME,RJ,MESTRADO,3,2008,2008,NÃO,NA,EM FUNCIONAMENTO,07AUG2010:00:00:00,75636,16375,AVALIAÇÃO,2014,prog,NA,NA,2014
2014,CIÊNCIAS HUMANAS,CIÊNCIA POLÍTICA,POLÍTICA INTERNACIONAL,NÃO SE APLICA,39,CIÊNCIA POLÍTICA E RELAÇÕES INTERNACIONAIS,31004016,547,UERJ,UNIVERSIDADE DO ESTADO DO RIO DE JANEIRO,ESTADUAL,PÚBLICA,UNIVERSIDADE,SUDESTE,RIO DE JANEIRO,ACADÊMICO,31004016057P9,RELAÇÕES INTERNACIONAIS,GRADUATE PROGRAM OF INTERNATIONAL RELATIONSHIP,RJ,MESTRADO/DOUTORADO,4,2009,2009/2015,NÃO,NA,EM FUNCIONAMENTO,15JAN2013:00:00:00,114374,51095,AVALIAÇÃO,2014,prog,NA,NA,2014
2014,CIÊNCIAS HUMANAS,CIÊNCIA POLÍTICA,NÃO SE APLICA,NÃO SE APLICA,39,CIÊNCIA POLÍTICA E RELAÇÕES INTERNACIONAIS,31004016,547,UERJ,UNIVERSIDADE DO ESTADO DO RIO DE JANEIRO,ESTADUAL,PÚBLICA,UNIVERSIDADE,SUDESTE,RIO DE JANEIRO,ACADÊMICO,31004016061P6,CIÊNCIA POLÍTICA,GRADUATE PROGRAM IN POLITICAL SCIENCE,RJ,MESTRADO/DOUTORADO,6,2010,2010/2010,NÃO,NA,EM FUNCIONAMENTO,11APR2013:00:00:00,113397,50159,AVALIAÇÃO,2014,prog,NA,NA,2014
2014,CIÊNCIAS HUMANAS,CIÊNCIA POLÍTICA,POLÍTICA INTERNACIONAL,"RELAÇÕES INTERNACIONAIS, BILATERAIS E MULTILATERAIS",39,CIÊNCIA POLÍTICA E RELAÇÕES INTERNACIONAIS,31005012,528,PUC-RIO,PONTIFÍCIA UNIVERSIDADE CATÓLICA DO RIO DE JANEIRO,PARTICULAR,PRIVADA,UNIVERSIDADE,SUDESTE,RIO DE JANEIRO,ACADÊMICO,31005012026P2,RELAÇÕES INTERNACIONAIS,INSTITUTE OF INTERNATIONAL RELATIONS,RJ,MESTRADO/DOUTORADO,6,1987,1987/2001,NÃO,NA,EM FUNCIONAMENTO,19FEB2014:00:00:00,110432,47558,AVALIAÇÃO,2014,prog,NA,NA,2014
2014,CIÊNCIAS HUMANAS,CIÊNCIA POLÍTICA,NÃO SE APLICA,NÃO SE APLICA,39,CIÊNCIA POLÍTICA E RELAÇÕES INTERNACIONAIS,31070019,NI,EGN,ESCOLA DE GUERRA NAVAL,FEDERAL,PÚBLICA,NÃO INFORMADO,SUDESTE,RIO DE JANEIRO,PROFISSIONAL,31070019001P0,ESTUDOS MARÍTIMOS,MSC IN MARITIME STUDIES,RJ,MESTRADO PROFISSIONAL,3,2014,2014,NÃO,NA,EM FUNCIONAMENTO,13FEB2014:00:00:00,111793,48750,AVALIAÇÃO,2014,prog,NA,NA,2014
2014,CIÊNCIAS HUMANAS,CIÊNCIA POLÍTICA,NÃO SE APLICA,NÃO SE APLICA,39,CIÊNCIA POLÍTICA E RELAÇÕES INTERNACIONAIS,31096018,NI,UNIFA,UNIVERSIDADE DA FORCA AEREA,FEDERAL,PÚBLICA,NÃO INFORMADO,SUDESTE,RIO DE JANEIRO,PROFISSIONAL,31096018001P2,CIÊNCIAS AEROESPACIAIS,AEROSPACE SCIENCES,RJ,MESTRADO PROFISSIONAL,4,2012,2012,NÃO,NA,EM FUNCIONAMENTO,24APR2013:00:00:00,116817,53441,AVALIAÇÃO,2014,prog,NA,NA,2014
2014,CIÊNCIAS HUMANAS,CIÊNCIA POLÍTICA,NÃO SE APLICA,NÃO SE APLICA,39,CIÊNCIA POLÍTICA E RELAÇÕES INTERNACIONAIS,31098010,NI,ECEME,ESCOLA DE COMANDO E ESTADO-MAIOR DO EXÉRCITO,FEDERAL,PÚBLICA,NÃO INFORMADO,SUDESTE,RIO DE JANEIRO,ACADÊMICO,31098010001P5,CIÊNCIAS MILITARES,MASTER OF ARTS AND SCIENCES IN MILITARY SCIENCE,RJ,MESTRADO/DOUTORADO,4,2013,2013/2016,NÃO,NA,EM FUNCIONAMENTO,01NOV2013:00:00:00,118238,54721,AVALIAÇÃO,2014,prog,NA,NA,2014
2014,CIÊNCIAS HUMANAS,CIÊNCIA POLÍTICA,NÃO SE APLICA,NÃO SE APLICA,39,CIÊNCIA POLÍTICA E RELAÇÕES INTERNACIONAIS,32001010,575,UFMG,UNIVERSIDADE FEDERAL DE MINAS GERAIS,FEDERAL,PÚBLICA,UNIVERSIDADE,SUDESTE,BELO HORIZONTE,ACADÊMICO,32001010011P2,CIÊNCIA POLÍTICA,GRADUATE PROGRAM IN POLITICAL SCIENCE,MG,MESTRADO/DOUTORADO,7,1969,1969/2006,NÃO,NA,EM FUNCIONAMENTO,13MAR2014:00:00:00,113317,50083,AVALIAÇÃO,2014,prog,NA,NA,2014
2014,CIÊNCIAS HUMANAS,CIÊNCIA POLÍTICA,POLÍTICA INTERNACIONAL,NÃO SE APLICA,39,CIÊNCIA POLÍTICA E RELAÇÕES INTERNACIONAIS,32008015,338,PUC/MG,PONTIFÍCIA UNIVERSIDADE CATÓLICA DE MINAS GERAIS,PARTICULAR,PRIVADA,UNIVERSIDADE,SUDESTE,BELO HORIZONTE,ACADÊMICO,32008015017P5,RELAÇÕES INTERNACIONAIS: POLÍTICA INTERNACIONAL,GRADUATE PROGRAM IN INTERNATIONAL RELATIONS,MG,MESTRADO/DOUTORADO,5,2007,2007/2012,NÃO,NA,EM FUNCIONAMENTO,06SEP2012:00:00:00,111843,48760,AVALIAÇÃO,2014,prog,NA,NA,2014
2014,CIÊNCIAS HUMANAS,CIÊNCIA POLÍTICA,NÃO SE APLICA,NÃO SE APLICA,39,CIÊNCIA POLÍTICA E RELAÇÕES INTERNACIONAIS,33001014,7,UFSCAR,UNIVERSIDADE FEDERAL DE SÃO CARLOS,FEDERAL,PÚBLICA,UNIVERSIDADE,SUDESTE,SÃO CARLOS,ACADÊMICO,33001014026P2,CIENCIA POLITICA,GRADUATE STUDIES PROGRAM IN POLITICAL SCIENCE,SP,MESTRADO/DOUTORADO,4,2008,2008/2008,NÃO,NA,EM FUNCIONAMENTO,15JAN2014:00:00:00,115922,52554,AVALIAÇÃO,2014,prog,NA,NA,2014
2014,CIÊNCIAS HUMANAS,CIÊNCIA POLÍTICA,NÃO SE APLICA,NÃO SE APLICA,39,CIÊNCIA POLÍTICA E RELAÇÕES INTERNACIONAIS,33002010,55,USP,UNIVERSIDADE DE SÃO PAULO,ESTADUAL,PÚBLICA,UNIVERSIDADE,SUDESTE,SÃO PAULO,ACADÊMICO,33002010030P6,CIÊNCIA POLÍTICA,GRADUATE STUDIES IN POLITICAL SCIENCE AT UNIVERSITY OF SÃO PAULO,SP,MESTRADO/DOUTORADO,7,1974,1974/1974,NÃO,NA,EM FUNCIONAMENTO,01JUN2010:00:00:00,117376,53929,AVALIAÇÃO,2014,prog,NA,NA,2014
2014,CIÊNCIAS HUMANAS,CIÊNCIA POLÍTICA,POLÍTICA INTERNACIONAL,"RELAÇÕES INTERNACIONAIS, BILATERAIS E MULTILATERAIS",39,CIÊNCIA POLÍTICA E RELAÇÕES INTERNACIONAIS,33002010,55,USP,UNIVERSIDADE DE SÃO PAULO,ESTADUAL,PÚBLICA,UNIVERSIDADE,SUDESTE,SÃO PAULO,ACADÊMICO,33002010208P0,RELAÇÕES INTERNACIONAIS,INTERNATIONAL RELATIONS,SP,MESTRADO/DOUTORADO,4,2009,2009/2009,NÃO,NA,EM FUNCIONAMENTO,04NOV2013:00:00:00,59223,9406,AVALIAÇÃO,2014,prog,NA,NA,2014
2014,CIÊNCIAS HUMANAS,CIÊNCIA POLÍTICA,NÃO SE APLICA,NÃO SE APLICA,39,CIÊNCIA POLÍTICA E RELAÇÕES INTERNACIONAIS,33003017,54,UNICAMP,UNIVERSIDADE ESTADUAL DE CAMPINAS,ESTADUAL,PÚBLICA,NÃO INFORMADO,SUDESTE,CAMPINAS,ACADÊMICO,33003017017P6,CIÊNCIA POLÍTICA,GRADUATE PROGRAM IN POLITICAL SCIENCE AT UNICAMP,SP,MESTRADO/DOUTORADO,5,1974,1974/2006,NÃO,NA,EM FUNCIONAMENTO,16APR2013:00:00:00,111678,48557,AVALIAÇÃO,2014,prog,NA,NA,2014
2014,CIÊNCIAS HUMANAS,CIÊNCIA POLÍTICA,POLÍTICA INTERNACIONAL,NÃO SE APLICA,39,CIÊNCIA POLÍTICA E RELAÇÕES INTERNACIONAIS,33004110,NI,UNESP/MAR,UNIVERSIDADE EST.PAULISTA JÚLIO DE MESQUITA FILHO/MARILIA,ESTADUAL,PÚBLICA,NÃO INFORMADO,SUDESTE,MARÍLIA,ACADÊMICO,33004110044P0,RELAÇÕES INTERNACIONAIS (UNESP - UNICAMP - PUC-SP),"GRADUATE PROGRAM IN INTERNATIONAL RELATIONS SAN TIAGO DANTAS (UNESP, UNICAMP, PUC-SP)",SP,MESTRADO/DOUTORADO,5,2003,2003/2011,SIM,UNICAMP;PUC/SP,EM FUNCIONAMENTO,18JUN2013:00:00:00,114011,50773,AVALIAÇÃO,2014,prog,NA,NA,2014
2014,CIÊNCIAS HUMANAS,CIÊNCIA POLÍTICA,POLÍTICAS PÚBLICAS,NÃO SE APLICA,39,CIÊNCIA POLÍTICA E RELAÇÕES INTERNACIONAIS,33144010,4925,UFABC,UNIVERSIDADE FEDERAL DO ABC,FEDERAL,PÚBLICA,UNIVERSIDADE,SUDESTE,SÃO BERNARDO DO CAMPO,ACADÊMICO,33144010019P3,POLÍTICAS PÚBLICAS,PUBLIC POLICIES,SP,MESTRADO,3,2014,2014,NÃO,NA,EM FUNCIONAMENTO,28FEB2014:00:00:00,115580,52238,AVALIAÇÃO,2014,prog,NA,NA,2014
2014,CIÊNCIAS HUMANAS,CIÊNCIA POLÍTICA,NÃO SE APLICA,NÃO SE APLICA,39,CIÊNCIA POLÍTICA E RELAÇÕES INTERNACIONAIS,40001016,571,UFPR,UNIVERSIDADE FEDERAL DO PARANÁ,FEDERAL,PÚBLICA,UNIVERSIDADE,SUL,CURITIBA,ACADÊMICO,40001016061P2,CIÊNCIA POLÍTICA,POLITICAL SCIENCE GRADUATE PROGRAM,PR,MESTRADO/DOUTORADO,4,2009,2009/2014,NÃO,NA,EM FUNCIONAMENTO,19MAR2013:00:00:00,98260,36638,AVALIAÇÃO,2014,prog,NA,NA,2014
2014,CIÊNCIAS HUMANAS,CIÊNCIA POLÍTICA,POLÍTICAS PÚBLICAS,NÃO SE APLICA,39,CIÊNCIA POLÍTICA E RELAÇÕES INTERNACIONAIS,40004015,57,UEM,UNIVERSIDADE ESTADUAL DE MARINGÁ,ESTADUAL,PÚBLICA,UNIVERSIDADE,SUL,MARINGÁ,PROFISSIONAL,40004015033P8,POLÍTICAS PÚBLICAS,PUBLIC POLICIES,PR,MESTRADO PROFISSIONAL,3,2010,2010,NÃO,NA,EM FUNCIONAMENTO,13JUL2009:00:00:00,113173,49958,AVALIAÇÃO,2014,prog,NA,NA,2014
2014,CIÊNCIAS HUMANAS,CIÊNCIA POLÍTICA,NÃO SE APLICA,NÃO SE APLICA,39,CIÊNCIA POLÍTICA E RELAÇÕES INTERNACIONAIS,40043010,15001,UNILA,UNIVERSIDADE FEDERAL DA INTEGRAÇÃO LATINO-AMERICANA,FEDERAL,PÚBLICA,NÃO INFORMADO,SUL,FOZ DO IGUAÇU,ACADÊMICO,40043010002P6,INTEGRAÇÃO CONTEMPORÂNEA DA AMÉRICA LATINA - ICAL,CONTEMPORARY LATIN AMERICAN INTEGRATION,PR,MESTRADO,3,2014,2014,NÃO,NA,EM FUNCIONAMENTO,15AUG2014:00:00:00,112487,49274,AVALIAÇÃO,2014,prog,NA,NA,2014
2014,CIÊNCIAS HUMANAS,CIÊNCIA POLÍTICA,POLÍTICA INTERNACIONAL,"RELAÇÕES INTERNACIONAIS, BILATERAIS E MULTILATERAIS",39,CIÊNCIA POLÍTICA E RELAÇÕES INTERNACIONAIS,41001010,585,UFSC,UNIVERSIDADE FEDERAL DE SANTA CATARINA,FEDERAL,PÚBLICA,UNIVERSIDADE,SUL,FLORIANÓPOLIS,ACADÊMICO,41001010083P2,RELAÇÕES INTERNACIONAIS,MASTER'S PROGRAM IN INTERNATIONAL RELATIONS,SC,MESTRADO,3,2011,2011,NÃO,NA,EM FUNCIONAMENTO,15MAR2013:00:00:00,112924,49729,AVALIAÇÃO,2014,prog,NA,NA,2014
2014,CIÊNCIAS HUMANAS,CIÊNCIA POLÍTICA,NÃO SE APLICA,NÃO SE APLICA,39,CIÊNCIA POLÍTICA E RELAÇÕES INTERNACIONAIS,42001013,581,UFRGS,UNIVERSIDADE FEDERAL DO RIO GRANDE DO SUL,FEDERAL,PÚBLICA,UNIVERSIDADE,SUL,PORTO ALEGRE,ACADÊMICO,42001013033P4,CIÊNCIA POLÍTICA,POLITICAL SCIENCE,RS,MESTRADO/DOUTORADO,5,1973,1973/1996,NÃO,NA,EM FUNCIONAMENTO,07JAN2013:00:00:00,111423,48382,AVALIAÇÃO,2014,prog,NA,NA,2014
2014,CIÊNCIAS HUMANAS,CIÊNCIA POLÍTICA,POLÍTICA INTERNACIONAL,"RELAÇÕES INTERNACIONAIS, BILATERAIS E MULTILATERAIS",39,CIÊNCIA POLÍTICA E RELAÇÕES INTERNACIONAIS,42001013,581,UFRGS,UNIVERSIDADE FEDERAL DO RIO GRANDE DO SUL,FEDERAL,PÚBLICA,UNIVERSIDADE,SUL,PORTO ALEGRE,ACADÊMICO,42001013101P0,ESTUDOS ESTRATÉGICOS INTERNACIONAIS,INTERNATIONAL STRATEGIC STUDIES DOCTORAL PROGRAM,RS,MESTRADO/DOUTORADO,4,2011,2011/2011,NÃO,NA,EM FUNCIONAMENTO,23MAR2012:00:00:00,108470,45666,AVALIAÇÃO,2014,prog,NA,NA,2014
2014,CIÊNCIAS HUMANAS,CIÊNCIA POLÍTICA,NÃO SE APLICA,NÃO SE APLICA,39,CIÊNCIA POLÍTICA E RELAÇÕES INTERNACIONAIS,42003016,634,UFPEL,UNIVERSIDADE FEDERAL DE PELOTAS,FEDERAL,PÚBLICA,UNIVERSIDADE,SUL,PELOTAS,ACADÊMICO,42003016037P2,CIÊNCIA POLÍTICA,POLITICAL SCIENCE,RS,MESTRADO/DOUTORADO,3,2011,2011/2016,NÃO,NA,EM FUNCIONAMENTO,28JAN2013:00:00:00,89329,28048,AVALIAÇÃO,2014,prog,NA,NA,2014
2014,CIÊNCIAS HUMANAS,CIÊNCIA POLÍTICA,NÃO SE APLICA,NÃO SE APLICA,39,CIÊNCIA POLÍTICA E RELAÇÕES INTERNACIONAIS,52001016,584,UFG,UNIVERSIDADE FEDERAL DE GOIÁS,FEDERAL,PÚBLICA,UNIVERSIDADE,CENTRO-OESTE,GOIÂNIA,ACADÊMICO,52001016055P6,CIÊNCIA POLÍTICA,POST GRADUATE PROGRAM IN POLITICAL SCIENCE,GO,MESTRADO,4,2012,2012,NÃO,NA,EM FUNCIONAMENTO,23MAR2012:00:00:00,111127,48054,AVALIAÇÃO,2014,prog,NA,NA,2014
2014,CIÊNCIAS HUMANAS,CIÊNCIA POLÍTICA,POLÍTICA INTERNACIONAL,NÃO SE APLICA,39,CIÊNCIA POLÍTICA E RELAÇÕES INTERNACIONAIS,53001010,2,UNB,UNIVERSIDADE DE BRASÍLIA,FEDERAL,PÚBLICA,UNIVERSIDADE,CENTRO-OESTE,BRASÍLIA,ACADÊMICO,53001010025P6,RELAÇÕES INTERNACIONAIS,INTERNATIONAL RELATIONS,DF,MESTRADO/DOUTORADO,6,1984,1984/2002,NÃO,NA,EM FUNCIONAMENTO,29OCT2012:00:00:00,60047,9937,AVALIAÇÃO,2014,prog,NA,NA,2014
2014,CIÊNCIAS HUMANAS,CIÊNCIA POLÍTICA,NÃO SE APLICA,NÃO SE APLICA,39,CIÊNCIA POLÍTICA E RELAÇÕES INTERNACIONAIS,53001010,2,UNB,UNIVERSIDADE DE BRASÍLIA,FEDERAL,PÚBLICA,UNIVERSIDADE,CENTRO-OESTE,BRASÍLIA,ACADÊMICO,53001010026P2,CIÊNCIA POLÍTICA,GRADUATE PROGRAM IN POLITICAL SCIENCE,DF,MESTRADO/DOUTORADO,5,1984,1984/2008,NÃO,NA,EM FUNCIONAMENTO,12MAR2014:00:00:00,113565,50347,AVALIAÇÃO,2014,prog,NA,NA,2014
2014,CIÊNCIAS HUMANAS,CIÊNCIA POLÍTICA,NÃO SE APLICA,NÃO SE APLICA,39,CIÊNCIA POLÍTICA E RELAÇÕES INTERNACIONAIS,53017013,1113,UNIEURO,CENTRO UNIVERSITÁRIO EURO-AMERICANO,PARTICULAR,PRIVADA,CENTRO UNIVERSITÁRIO,CENTRO-OESTE,BRASÍLIA,ACADÊMICO,53017013001P6,"DIREITOS HUMANOS, CIDADANIA E VIOLÊNCIA","HUMAN RIGHTS, CITIZENSHIP AND VIOLENCE",DF,MESTRADO,3,2006,2006,NÃO,NA,EM FUNCIONAMENTO,03APR2013:00:00:00,116870,53489,AVALIAÇÃO,2014,prog,NA,NA,2014
2014,CIÊNCIAS HUMANAS,CIÊNCIA POLÍTICA,NÃO SE APLICA,NÃO SE APLICA,39,CIÊNCIA POLÍTICA E RELAÇÕES INTERNACIONAIS,53037014,NI,CEFOR,"CENTRO DE FORMAÇÃO, TREINAMENTO E APERFEIÇOAMENTO",FEDERAL,PÚBLICA,NÃO INFORMADO,CENTRO-OESTE,BRASÍLIA,PROFISSIONAL,53037014001P0,PODER LEGISLATIVO,MA IN LEGISLATIVE AFFAIRS,DF,MESTRADO PROFISSIONAL,3,2013,2013,NÃO,NA,EM FUNCIONAMENTO,30AUG2012:00:00:00,116946,53565,AVALIAÇÃO,2014,prog,NA,NA,2014
2015,CIÊNCIAS HUMANAS,CIÊNCIA POLÍTICA,NÃO SE APLICA,NÃO SE APLICA,39,CIÊNCIA POLÍTICA E RELAÇÕES INTERNACIONAIS,15001016,569,UFPA,UNIVERSIDADE FEDERAL DO PARÁ,FEDERAL,PÚBLICA,UNIVERSIDADE,NORTE,BELÉM,ACADÊMICO,15001016053P9,CIÊNCIA POLÍTICA,PROGRAM IN CIENCIA POLITIC,PA,MESTRADO,3,2008,2008,NÃO,NA,EM FUNCIONAMENTO,18MAR2014:00:00:00,116187,52834,AVALIAÇÃO,2015,prog,NA,NA,2015
2015,CIÊNCIAS HUMANAS,CIÊNCIA POLÍTICA,NÃO SE APLICA,NÃO SE APLICA,39,CIÊNCIA POLÍTICA E RELAÇÕES INTERNACIONAIS,20002017,568,UEMA,UNIVERSIDADE ESTADUAL DO MARANHÃO,ESTADUAL,PÚBLICA,NÃO INFORMADO,NORDESTE,SÃO LUÍS,ACADÊMICO,20002017007P8,CARTOGRAFIA SOCIAL E POLÍTICA DA AMAZÔNIA,POSTGRADUATE PROGRAM IN SOCIAL CARTOGRAPHY AND POLITICS OF THE AMAZON,MA,MESTRADO,3,2013,2013,NÃO,NA,EM FUNCIONAMENTO,20SEP2013:00:00:00,115092,51785,AVALIAÇÃO,2015,prog,NA,NA,2015
2015,CIÊNCIAS HUMANAS,CIÊNCIA POLÍTICA,NÃO SE APLICA,NÃO SE APLICA,39,CIÊNCIA POLÍTICA E RELAÇÕES INTERNACIONAIS,21001014,NI,FUFPI,FUNDAÇÃO UNIVERSIDADE FEDERAL DO PIAUÍ,FEDERAL,PÚBLICA,NÃO INFORMADO,NORDESTE,TERESINA,ACADÊMICO,21001014014P0,CIÊNCIA POLÍTICA,GRADUATE PROGRAM IN POLITICAL SCIENCE AT FEDERAL UNIVERSITY OF PIAUI,PI,MESTRADO,3,2008,2008,NÃO,NA,EM FUNCIONAMENTO,08MAR2013:00:00:00,116520,53147,AVALIAÇÃO,2015,prog,NA,NA,2015
2015,CIÊNCIAS HUMANAS,CIÊNCIA POLÍTICA,NÃO SE APLICA,NÃO SE APLICA,39,CIÊNCIA POLÍTICA E RELAÇÕES INTERNACIONAIS,24004014,550,UEPB,UNIVERSIDADE ESTADUAL DA PARAIBA,ESTADUAL,PÚBLICA,UNIVERSIDADE,NORDESTE,JOÃO PESSOA,ACADÊMICO,24004014007P1,RELAÇOES INTERNACIONAIS,"GRADUATE PROGRAM IN INTERNATIONAL RELATIONS, STATE UNIVERSITY OF PARAIBA",PB,MESTRADO,4,2008,2008,NÃO,NA,EM FUNCIONAMENTO,16AUG2012:00:00:00,89516,28187,AVALIAÇÃO,2015,prog,NA,NA,2015
2015,CIÊNCIAS HUMANAS,CIÊNCIA POLÍTICA,NÃO SE APLICA,NÃO SE APLICA,39,CIÊNCIA POLÍTICA E RELAÇÕES INTERNACIONAIS,25001019,580,UFPE,UNIVERSIDADE FEDERAL DE PERNAMBUCO,FEDERAL,PÚBLICA,UNIVERSIDADE,NORDESTE,RECIFE,ACADÊMICO,25001019033P6,CIÊNCIA POLÍTICA,POLITICAL SCIENCE,PE,MESTRADO/DOUTORADO,6,1982,1982/2002,NÃO,NA,EM FUNCIONAMENTO,29JAN2014:00:00:00,113140,49909,AVALIAÇÃO,2015,prog,NA,NA,2015
2015,CIÊNCIAS HUMANAS,CIÊNCIA POLÍTICA,NÃO SE APLICA,NÃO SE APLICA,39,CIÊNCIA POLÍTICA E RELAÇÕES INTERNACIONAIS,25001019,580,UFPE,UNIVERSIDADE FEDERAL DE PERNAMBUCO,FEDERAL,PÚBLICA,UNIVERSIDADE,NORDESTE,RECIFE,PROFISSIONAL,25001019091P6,POLÍTICAS PÚBLICAS,POLITICAL SCIENCE,PE,MESTRADO PROFISSIONAL,4,2014,2014,NÃO,NA,EM FUNCIONAMENTO,20NOV2013:00:00:00,119151,55497,AVALIAÇÃO,2015,prog,NA,NA,2015
2015,CIÊNCIAS HUMANAS,CIÊNCIA POLÍTICA,POLÍTICA INTERNACIONAL,"RELAÇÕES INTERNACIONAIS, BILATERAIS E MULTILATERAIS",39,CIÊNCIA POLÍTICA E RELAÇÕES INTERNACIONAIS,28001010,578,UFBA,UNIVERSIDADE FEDERAL DA BAHIA,FEDERAL,PÚBLICA,NÃO INFORMADO,NORDESTE,SALVADOR,ACADÊMICO,28001010094P7,RELAÇÕES INTERNACIONAIS,M.A. IN INTERNATIONAL RELATIONS,BA,MESTRADO,3,2014,2014,NÃO,NA,EM FUNCIONAMENTO,05DEC2013:00:00:00,98575,36911,AVALIAÇÃO,2015,prog,NA,NA,2015
2015,CIÊNCIAS HUMANAS,CIÊNCIA POLÍTICA,POLÍTICAS PÚBLICAS,NÃO SE APLICA,39,CIÊNCIA POLÍTICA E RELAÇÕES INTERNACIONAIS,28022017,4503,UFRB,UNIVERSIDADE FEDERAL DO RECÔNCAVO DA BAHIA,FEDERAL,PÚBLICA,UNIVERSIDADE,NORDESTE,CRUZ DAS ALMAS,PROFISSIONAL,28022017008P0,GESTÃO DE POLÍTICAS PÚBLICAS E SEGURANÇA SOCIAL,MANAGEMENT OF PUBLIC POLICY AND SOCIAL SECURITY,BA,MESTRADO PROFISSIONAL,3,2011,2011,NÃO,NA,EM FUNCIONAMENTO,12FEB2014:00:00:00,114022,50801,AVALIAÇÃO,2015,prog,NA,NA,2015
2015,CIÊNCIAS HUMANAS,CIÊNCIA POLÍTICA,NÃO SE APLICA,NÃO SE APLICA,39,CIÊNCIA POLÍTICA E RELAÇÕES INTERNACIONAIS,31001017,586,UFRJ,UNIVERSIDADE FEDERAL DO RIO DE JANEIRO,FEDERAL,PÚBLICA,UNIVERSIDADE,SUDESTE,RIO DE JANEIRO,ACADÊMICO,31001017137P3,ECONOMIA POLÍTICA INTERNACIONAL,INTERNATIONAL POLITICAL ECONOMY,RJ,MESTRADO/DOUTORADO,4,2009,2009/2009,NÃO,NA,EM FUNCIONAMENTO,09AUG2013:00:00:00,113567,50349,AVALIAÇÃO,2015,prog,NA,NA,2015
2015,CIÊNCIAS HUMANAS,CIÊNCIA POLÍTICA,NÃO SE APLICA,NÃO SE APLICA,39,CIÊNCIA POLÍTICA E RELAÇÕES INTERNACIONAIS,31001017,586,UFRJ,UNIVERSIDADE FEDERAL DO RIO DE JANEIRO,FEDERAL,PÚBLICA,UNIVERSIDADE,SUDESTE,RIO DE JANEIRO,ACADÊMICO,31001017160P5,POLÍTICAS PÚBLICAS EM DIREITOS HUMANOS,POST-GRADUATE PROGRAM IN PUBLIC POLICIES ON HUMAN RIGHTS,RJ,MESTRADO,3,2015,2015,NÃO,NA,EM FUNCIONAMENTO,25MAY2015:00:00:00,113566,50348,ACOMPANHAMENTO,2015,prog,NA,NA,2015
2015,CIÊNCIAS HUMANAS,CIÊNCIA POLÍTICA,NÃO SE APLICA,NÃO SE APLICA,39,CIÊNCIA POLÍTICA E RELAÇÕES INTERNACIONAIS,31003010,572,UFF,UNIVERSIDADE FEDERAL FLUMINENSE,FEDERAL,PÚBLICA,NÃO INFORMADO,SUDESTE,NITERÓI,ACADÊMICO,31003010033P0,CIÊNCIA POLÍTICA,GRADUATE PROGRAM IN POLITICAL SCIENCE,RJ,MESTRADO/DOUTORADO,4,1994,1994/2006,NÃO,NA,EM FUNCIONAMENTO,07AUG2010:00:00:00,118428,54911,AVALIAÇÃO,2015,prog,NA,NA,2015
2015,CIÊNCIAS HUMANAS,CIÊNCIA POLÍTICA,ESTADO E GOVERNO,NÃO SE APLICA,39,CIÊNCIA POLÍTICA E RELAÇÕES INTERNACIONAIS,31003010,572,UFF,UNIVERSIDADE FEDERAL FLUMINENSE,FEDERAL,PÚBLICA,NÃO INFORMADO,SUDESTE,NITERÓI,ACADÊMICO,31003010062P0,ESTUDOS ESTRATÉGICOS DA DEFESA E DA SEGURANÇA,STRATEGIC STUDIES AND DEFENSE GRADUATE PROGRAMME,RJ,MESTRADO,3,2008,2008,NÃO,NA,EM FUNCIONAMENTO,07AUG2010:00:00:00,114347,51077,AVALIAÇÃO,2015,prog,NA,NA,2015
2015,CIÊNCIAS HUMANAS,CIÊNCIA POLÍTICA,POLÍTICA INTERNACIONAL,NÃO SE APLICA,39,CIÊNCIA POLÍTICA E RELAÇÕES INTERNACIONAIS,31004016,547,UERJ,UNIVERSIDADE DO ESTADO DO RIO DE JANEIRO,ESTADUAL,PÚBLICA,UNIVERSIDADE,SUDESTE,RIO DE JANEIRO,ACADÊMICO,31004016057P9,RELAÇÕES INTERNACIONAIS,GRADUATE PROGRAM OF INTERNATIONAL RELATIONSHIP,RJ,MESTRADO/DOUTORADO,4,2009,2009/2015,NÃO,NA,EM FUNCIONAMENTO,15JAN2013:00:00:00,116427,53053,AVALIAÇÃO,2015,prog,NA,NA,2015
2015,CIÊNCIAS HUMANAS,CIÊNCIA POLÍTICA,NÃO SE APLICA,NÃO SE APLICA,39,CIÊNCIA POLÍTICA E RELAÇÕES INTERNACIONAIS,31004016,547,UERJ,UNIVERSIDADE DO ESTADO DO RIO DE JANEIRO,ESTADUAL,PÚBLICA,UNIVERSIDADE,SUDESTE,RIO DE JANEIRO,ACADÊMICO,31004016061P6,CIÊNCIA POLÍTICA,GRADUATE PROGRAM IN POLITICAL SCIENCE,RJ,MESTRADO/DOUTORADO,6,2010,2010/2010,NÃO,NA,EM FUNCIONAMENTO,11APR2013:00:00:00,113399,50181,AVALIAÇÃO,2015,prog,NA,NA,2015
2015,CIÊNCIAS HUMANAS,CIÊNCIA POLÍTICA,POLÍTICA INTERNACIONAL,"RELAÇÕES INTERNACIONAIS, BILATERAIS E MULTILATERAIS",39,CIÊNCIA POLÍTICA E RELAÇÕES INTERNACIONAIS,31005012,528,PUC-RIO,PONTIFÍCIA UNIVERSIDADE CATÓLICA DO RIO DE JANEIRO,PARTICULAR,PRIVADA,UNIVERSIDADE,SUDESTE,RIO DE JANEIRO,ACADÊMICO,31005012026P2,RELAÇÕES INTERNACIONAIS,INSTITUTE OF INTERNATIONAL RELATIONS,RJ,MESTRADO/DOUTORADO,6,1987,1987/2001,NÃO,NA,EM FUNCIONAMENTO,19FEB2014:00:00:00,111291,48230,AVALIAÇÃO,2015,prog,NA,NA,2015
2015,CIÊNCIAS HUMANAS,CIÊNCIA POLÍTICA,NÃO SE APLICA,NÃO SE APLICA,39,CIÊNCIA POLÍTICA E RELAÇÕES INTERNACIONAIS,31070019,NI,EGN,ESCOLA DE GUERRA NAVAL,FEDERAL,PÚBLICA,NÃO INFORMADO,SUDESTE,RIO DE JANEIRO,PROFISSIONAL,31070019001P0,ESTUDOS MARÍTIMOS,MSC IN MARITIME STUDIES,RJ,MESTRADO PROFISSIONAL,3,2014,2014,NÃO,NA,EM FUNCIONAMENTO,13FEB2014:00:00:00,111857,48734,AVALIAÇÃO,2015,prog,NA,NA,2015
2015,CIÊNCIAS HUMANAS,CIÊNCIA POLÍTICA,NÃO SE APLICA,NÃO SE APLICA,39,CIÊNCIA POLÍTICA E RELAÇÕES INTERNACIONAIS,31096018,NI,UNIFA,UNIVERSIDADE DA FORCA AEREA,FEDERAL,PÚBLICA,NÃO INFORMADO,SUDESTE,RIO DE JANEIRO,PROFISSIONAL,31096018001P2,CIÊNCIAS AEROESPACIAIS,AEROSPACE SCIENCES,RJ,MESTRADO PROFISSIONAL,4,2012,2012,NÃO,NA,EM FUNCIONAMENTO,24APR2013:00:00:00,116438,53065,AVALIAÇÃO,2015,prog,NA,NA,2015
2015,CIÊNCIAS HUMANAS,CIÊNCIA POLÍTICA,NÃO SE APLICA,NÃO SE APLICA,39,CIÊNCIA POLÍTICA E RELAÇÕES INTERNACIONAIS,31098010,NI,ECEME,ESCOLA DE COMANDO E ESTADO-MAIOR DO EXÉRCITO,FEDERAL,PÚBLICA,NÃO INFORMADO,SUDESTE,RIO DE JANEIRO,ACADÊMICO,31098010001P5,CIÊNCIAS MILITARES,MASTER OF ARTS AND SCIENCES IN MILITARY SCIENCE,RJ,MESTRADO/DOUTORADO,4,2013,2013/2016,NÃO,NA,EM FUNCIONAMENTO,01NOV2013:00:00:00,118288,54781,AVALIAÇÃO,2015,prog,NA,NA,2015
2015,CIÊNCIAS HUMANAS,CIÊNCIA POLÍTICA,NÃO SE APLICA,NÃO SE APLICA,39,CIÊNCIA POLÍTICA E RELAÇÕES INTERNACIONAIS,32001010,575,UFMG,UNIVERSIDADE FEDERAL DE MINAS GERAIS,FEDERAL,PÚBLICA,UNIVERSIDADE,SUDESTE,BELO HORIZONTE,ACADÊMICO,32001010011P2,CIÊNCIA POLÍTICA,GRADUATE PROGRAM IN POLITICAL SCIENCE,MG,MESTRADO/DOUTORADO,7,1969,1969/2006,NÃO,NA,EM FUNCIONAMENTO,13MAR2014:00:00:00,89338,28031,AVALIAÇÃO,2015,prog,NA,NA,2015
2015,CIÊNCIAS HUMANAS,CIÊNCIA POLÍTICA,POLÍTICA INTERNACIONAL,NÃO SE APLICA,39,CIÊNCIA POLÍTICA E RELAÇÕES INTERNACIONAIS,32006012,17,UFU,UNIVERSIDADE FEDERAL DE UBERLÂNDIA,FEDERAL,PÚBLICA,UNIVERSIDADE,SUDESTE,UBERLÂNDIA,ACADÊMICO,32006012072P3,RELAÇÕES INTERNACIONAIS,INTERNATIONAL RELATIONS,MG,MESTRADO,3,2015,2015,NÃO,NA,EM FUNCIONAMENTO,19MAR2015:00:00:00,83638,22039,ACOMPANHAMENTO,2015,prog,NA,NA,2015
2015,CIÊNCIAS HUMANAS,CIÊNCIA POLÍTICA,POLÍTICA INTERNACIONAL,NÃO SE APLICA,39,CIÊNCIA POLÍTICA E RELAÇÕES INTERNACIONAIS,32008015,338,PUC/MG,PONTIFÍCIA UNIVERSIDADE CATÓLICA DE MINAS GERAIS,PARTICULAR,PRIVADA,UNIVERSIDADE,SUDESTE,BELO HORIZONTE,ACADÊMICO,32008015017P5,RELAÇÕES INTERNACIONAIS: POLÍTICA INTERNACIONAL,GRADUATE PROGRAM IN INTERNATIONAL RELATIONS,MG,MESTRADO/DOUTORADO,5,2007,2007/2012,NÃO,NA,EM FUNCIONAMENTO,06SEP2012:00:00:00,112247,49182,AVALIAÇÃO,2015,prog,NA,NA,2015
2015,CIÊNCIAS HUMANAS,CIÊNCIA POLÍTICA,NÃO SE APLICA,NÃO SE APLICA,39,CIÊNCIA POLÍTICA E RELAÇÕES INTERNACIONAIS,33001014,7,UFSCAR,UNIVERSIDADE FEDERAL DE SÃO CARLOS,FEDERAL,PÚBLICA,UNIVERSIDADE,SUDESTE,SÃO CARLOS,ACADÊMICO,33001014026P2,CIENCIA POLITICA,GRADUATE STUDIES PROGRAM IN POLITICAL SCIENCE,SP,MESTRADO/DOUTORADO,4,2008,2008/2008,NÃO,NA,EM FUNCIONAMENTO,15JAN2014:00:00:00,116082,52711,AVALIAÇÃO,2015,prog,NA,NA,2015
2015,CIÊNCIAS HUMANAS,CIÊNCIA POLÍTICA,NÃO SE APLICA,NÃO SE APLICA,39,CIÊNCIA POLÍTICA E RELAÇÕES INTERNACIONAIS,33002010,55,USP,UNIVERSIDADE DE SÃO PAULO,ESTADUAL,PÚBLICA,UNIVERSIDADE,SUDESTE,SÃO PAULO,ACADÊMICO,33002010030P6,CIÊNCIA POLÍTICA,GRADUATE STUDIES IN POLITICAL SCIENCE AT UNIVERSITY OF SÃO PAULO,SP,MESTRADO/DOUTORADO,7,1974,1974/1974,NÃO,NA,EM FUNCIONAMENTO,01JUN2010:00:00:00,119022,55353,AVALIAÇÃO,2015,prog,NA,NA,2015
2015,CIÊNCIAS HUMANAS,CIÊNCIA POLÍTICA,POLÍTICA INTERNACIONAL,"RELAÇÕES INTERNACIONAIS, BILATERAIS E MULTILATERAIS",39,CIÊNCIA POLÍTICA E RELAÇÕES INTERNACIONAIS,33002010,55,USP,UNIVERSIDADE DE SÃO PAULO,ESTADUAL,PÚBLICA,UNIVERSIDADE,SUDESTE,SÃO PAULO,ACADÊMICO,33002010208P0,RELAÇÕES INTERNACIONAIS,INTERNATIONAL RELATIONS,SP,MESTRADO/DOUTORADO,4,2009,2009/2009,NÃO,NA,EM FUNCIONAMENTO,04NOV2013:00:00:00,83900,22226,AVALIAÇÃO,2015,prog,NA,NA,2015
2015,CIÊNCIAS HUMANAS,CIÊNCIA POLÍTICA,NÃO SE APLICA,NÃO SE APLICA,39,CIÊNCIA POLÍTICA E RELAÇÕES INTERNACIONAIS,33003017,54,UNICAMP,UNIVERSIDADE ESTADUAL DE CAMPINAS,ESTADUAL,PÚBLICA,NÃO INFORMADO,SUDESTE,CAMPINAS,ACADÊMICO,33003017017P6,CIÊNCIA POLÍTICA,GRADUATE PROGRAM IN POLITICAL SCIENCE AT UNICAMP,SP,MESTRADO/DOUTORADO,5,1974,1974/2006,NÃO,NA,EM FUNCIONAMENTO,16APR2013:00:00:00,112260,49155,AVALIAÇÃO,2015,prog,NA,NA,2015
2015,CIÊNCIAS HUMANAS,CIÊNCIA POLÍTICA,POLÍTICA INTERNACIONAL,NÃO SE APLICA,39,CIÊNCIA POLÍTICA E RELAÇÕES INTERNACIONAIS,33004110,NI,UNESP/MAR,UNIVERSIDADE EST.PAULISTA JÚLIO DE MESQUITA FILHO/MARILIA,ESTADUAL,PÚBLICA,NÃO INFORMADO,SUDESTE,MARÍLIA,ACADÊMICO,33004110044P0,RELAÇÕES INTERNACIONAIS (UNESP - UNICAMP - PUC-SP),"GRADUATE PROGRAM IN INTERNATIONAL RELATIONS SAN TIAGO DANTAS (UNESP, UNICAMP, PUC-SP)",SP,MESTRADO/DOUTORADO,5,2003,2003/2011,SIM,UNICAMP;PUC/SP,EM FUNCIONAMENTO,18JUN2013:00:00:00,110080,47222,AVALIAÇÃO,2015,prog,NA,NA,2015
2015,CIÊNCIAS HUMANAS,CIÊNCIA POLÍTICA,POLÍTICAS PÚBLICAS,NÃO SE APLICA,39,CIÊNCIA POLÍTICA E RELAÇÕES INTERNACIONAIS,33144010,4925,UFABC,UNIVERSIDADE FEDERAL DO ABC,FEDERAL,PÚBLICA,UNIVERSIDADE,SUDESTE,SÃO BERNARDO DO CAMPO,ACADÊMICO,33144010019P3,POLÍTICAS PÚBLICAS,PUBLIC POLICIES,SP,MESTRADO,3,2014,2014,NÃO,NA,EM FUNCIONAMENTO,28FEB2014:00:00:00,115691,52362,AVALIAÇÃO,2015,prog,NA,NA,2015
2015,CIÊNCIAS HUMANAS,CIÊNCIA POLÍTICA,NÃO SE APLICA,NÃO SE APLICA,39,CIÊNCIA POLÍTICA E RELAÇÕES INTERNACIONAIS,40001016,571,UFPR,UNIVERSIDADE FEDERAL DO PARANÁ,FEDERAL,PÚBLICA,UNIVERSIDADE,SUL,CURITIBA,ACADÊMICO,40001016061P2,CIÊNCIA POLÍTICA,POLITICAL SCIENCE GRADUATE PROGRAM,PR,MESTRADO/DOUTORADO,4,2009,2009/2014,NÃO,NA,EM FUNCIONAMENTO,19MAR2013:00:00:00,114571,51313,AVALIAÇÃO,2015,prog,NA,NA,2015
2015,CIÊNCIAS HUMANAS,CIÊNCIA POLÍTICA,POLÍTICAS PÚBLICAS,NÃO SE APLICA,39,CIÊNCIA POLÍTICA E RELAÇÕES INTERNACIONAIS,40004015,57,UEM,UNIVERSIDADE ESTADUAL DE MARINGÁ,ESTADUAL,PÚBLICA,UNIVERSIDADE,SUL,MARINGÁ,PROFISSIONAL,40004015033P8,POLÍTICAS PÚBLICAS,PUBLIC POLICIES,PR,MESTRADO PROFISSIONAL,3,2010,2010,NÃO,NA,EM FUNCIONAMENTO,13JUL2009:00:00:00,113306,50108,AVALIAÇÃO,2015,prog,NA,NA,2015
2015,CIÊNCIAS HUMANAS,CIÊNCIA POLÍTICA,NÃO SE APLICA,NÃO SE APLICA,39,CIÊNCIA POLÍTICA E RELAÇÕES INTERNACIONAIS,40043010,15001,UNILA,UNIVERSIDADE FEDERAL DA INTEGRAÇÃO LATINO-AMERICANA,FEDERAL,PÚBLICA,NÃO INFORMADO,SUL,FOZ DO IGUAÇU,ACADÊMICO,40043010002P6,INTEGRAÇÃO CONTEMPORÂNEA DA AMÉRICA LATINA - ICAL,CONTEMPORARY LATIN AMERICAN INTEGRATION,PR,MESTRADO,3,2014,2014,NÃO,NA,EM FUNCIONAMENTO,15AUG2014:00:00:00,112445,49292,AVALIAÇÃO,2015,prog,NA,NA,2015
2015,CIÊNCIAS HUMANAS,CIÊNCIA POLÍTICA,POLÍTICA INTERNACIONAL,"RELAÇÕES INTERNACIONAIS, BILATERAIS E MULTILATERAIS",39,CIÊNCIA POLÍTICA E RELAÇÕES INTERNACIONAIS,41001010,585,UFSC,UNIVERSIDADE FEDERAL DE SANTA CATARINA,FEDERAL,PÚBLICA,UNIVERSIDADE,SUL,FLORIANÓPOLIS,ACADÊMICO,41001010083P2,RELAÇÕES INTERNACIONAIS,MASTER'S PROGRAM IN INTERNATIONAL RELATIONS,SC,MESTRADO,3,2011,2011,NÃO,NA,EM FUNCIONAMENTO,15MAR2013:00:00:00,112937,49714,AVALIAÇÃO,2015,prog,NA,NA,2015
2015,CIÊNCIAS HUMANAS,CIÊNCIA POLÍTICA,NÃO SE APLICA,NÃO SE APLICA,39,CIÊNCIA POLÍTICA E RELAÇÕES INTERNACIONAIS,42001013,581,UFRGS,UNIVERSIDADE FEDERAL DO RIO GRANDE DO SUL,FEDERAL,PÚBLICA,UNIVERSIDADE,SUL,PORTO ALEGRE,ACADÊMICO,42001013033P4,CIÊNCIA POLÍTICA,POLITICAL SCIENCE,RS,MESTRADO/DOUTORADO,5,1973,1973/1996,NÃO,NA,EM FUNCIONAMENTO,07JAN2013:00:00:00,111442,48367,AVALIAÇÃO,2015,prog,NA,NA,2015
2015,CIÊNCIAS HUMANAS,CIÊNCIA POLÍTICA,POLÍTICA INTERNACIONAL,"RELAÇÕES INTERNACIONAIS, BILATERAIS E MULTILATERAIS",39,CIÊNCIA POLÍTICA E RELAÇÕES INTERNACIONAIS,42001013,581,UFRGS,UNIVERSIDADE FEDERAL DO RIO GRANDE DO SUL,FEDERAL,PÚBLICA,UNIVERSIDADE,SUL,PORTO ALEGRE,ACADÊMICO,42001013101P0,ESTUDOS ESTRATÉGICOS INTERNACIONAIS,INTERNATIONAL STRATEGIC STUDIES DOCTORAL PROGRAM,RS,MESTRADO/DOUTORADO,4,2011,2011/2011,NÃO,NA,EM FUNCIONAMENTO,23MAR2012:00:00:00,109363,46519,AVALIAÇÃO,2015,prog,NA,NA,2015
2015,CIÊNCIAS HUMANAS,CIÊNCIA POLÍTICA,NÃO SE APLICA,NÃO SE APLICA,39,CIÊNCIA POLÍTICA E RELAÇÕES INTERNACIONAIS,42001013,581,UFRGS,UNIVERSIDADE FEDERAL DO RIO GRANDE DO SUL,FEDERAL,PÚBLICA,UNIVERSIDADE,SUL,PORTO ALEGRE,ACADÊMICO,42001013156P9,POLÍTICAS PÚBLICAS,POSTGRADUATE PROGRAM IN PUBLIC POLICY,RS,MESTRADO/DOUTORADO,5,2015,2015/2015,NÃO,NA,EM FUNCIONAMENTO,16APR2015:00:00:00,113174,49959,ACOMPANHAMENTO,2015,prog,NA,NA,2015
2015,CIÊNCIAS HUMANAS,CIÊNCIA POLÍTICA,NÃO SE APLICA,NÃO SE APLICA,39,CIÊNCIA POLÍTICA E RELAÇÕES INTERNACIONAIS,42003016,634,UFPEL,UNIVERSIDADE FEDERAL DE PELOTAS,FEDERAL,PÚBLICA,UNIVERSIDADE,SUL,PELOTAS,ACADÊMICO,42003016037P2,CIÊNCIA POLÍTICA,POLITICAL SCIENCE,RS,MESTRADO/DOUTORADO,3,2011,2011/2016,NÃO,NA,EM FUNCIONAMENTO,28JAN2013:00:00:00,87100,25594,AVALIAÇÃO,2015,prog,NA,NA,2015
2015,CIÊNCIAS HUMANAS,CIÊNCIA POLÍTICA,NÃO SE APLICA,NÃO SE APLICA,39,CIÊNCIA POLÍTICA E RELAÇÕES INTERNACIONAIS,52001016,584,UFG,UNIVERSIDADE FEDERAL DE GOIÁS,FEDERAL,PÚBLICA,UNIVERSIDADE,CENTRO-OESTE,GOIÂNIA,ACADÊMICO,52001016055P6,CIÊNCIA POLÍTICA,POST GRADUATE PROGRAM IN POLITICAL SCIENCE,GO,MESTRADO,4,2012,2012,NÃO,NA,EM FUNCIONAMENTO,23MAR2012:00:00:00,111310,48289,AVALIAÇÃO,2015,prog,NA,NA,2015
2015,CIÊNCIAS HUMANAS,CIÊNCIA POLÍTICA,POLÍTICA INTERNACIONAL,NÃO SE APLICA,39,CIÊNCIA POLÍTICA E RELAÇÕES INTERNACIONAIS,53001010,2,UNB,UNIVERSIDADE DE BRASÍLIA,FEDERAL,PÚBLICA,UNIVERSIDADE,CENTRO-OESTE,BRASÍLIA,ACADÊMICO,53001010025P6,RELAÇÕES INTERNACIONAIS,INTERNATIONAL RELATIONS,DF,MESTRADO/DOUTORADO,6,1984,1984/2002,NÃO,NA,EM FUNCIONAMENTO,29OCT2012:00:00:00,87242,26820,AVALIAÇÃO,2015,prog,NA,NA,2015
2015,CIÊNCIAS HUMANAS,CIÊNCIA POLÍTICA,NÃO SE APLICA,NÃO SE APLICA,39,CIÊNCIA POLÍTICA E RELAÇÕES INTERNACIONAIS,53001010,2,UNB,UNIVERSIDADE DE BRASÍLIA,FEDERAL,PÚBLICA,UNIVERSIDADE,CENTRO-OESTE,BRASÍLIA,ACADÊMICO,53001010026P2,CIÊNCIA POLÍTICA,GRADUATE PROGRAM IN POLITICAL SCIENCE,DF,MESTRADO/DOUTORADO,5,1984,1984/2008,NÃO,NA,EM FUNCIONAMENTO,12MAR2014:00:00:00,115741,52372,AVALIAÇÃO,2015,prog,NA,NA,2015
2015,CIÊNCIAS HUMANAS,CIÊNCIA POLÍTICA,NÃO SE APLICA,NÃO SE APLICA,39,CIÊNCIA POLÍTICA E RELAÇÕES INTERNACIONAIS,53017013,1113,UNIEURO,CENTRO UNIVERSITÁRIO EURO-AMERICANO,PARTICULAR,PRIVADA,CENTRO UNIVERSITÁRIO,CENTRO-OESTE,BRASÍLIA,ACADÊMICO,53017013001P6,"DIREITOS HUMANOS, CIDADANIA E VIOLÊNCIA","HUMAN RIGHTS, CITIZENSHIP AND VIOLENCE",DF,MESTRADO,3,2006,2006,NÃO,NA,EM FUNCIONAMENTO,03APR2013:00:00:00,116872,53491,AVALIAÇÃO,2015,prog,NA,NA,2015
2015,CIÊNCIAS HUMANAS,CIÊNCIA POLÍTICA,NÃO SE APLICA,NÃO SE APLICA,39,CIÊNCIA POLÍTICA E RELAÇÕES INTERNACIONAIS,53037014,NI,CEFOR,"CENTRO DE FORMAÇÃO, TREINAMENTO E APERFEIÇOAMENTO",FEDERAL,PÚBLICA,NÃO INFORMADO,CENTRO-OESTE,BRASÍLIA,PROFISSIONAL,53037014001P0,PODER LEGISLATIVO,MA IN LEGISLATIVE AFFAIRS,DF,MESTRADO PROFISSIONAL,3,2013,2013,NÃO,NA,EM FUNCIONAMENTO,30AUG2012:00:00:00,117482,53974,AVALIAÇÃO,2015,prog,NA,NA,2015
2016,CIÊNCIAS HUMANAS,CIÊNCIA POLÍTICA,NÃO SE APLICA,NÃO SE APLICA,39,CIÊNCIA POLÍTICA E RELAÇÕES INTERNACIONAIS,15001016,569,UFPA,UNIVERSIDADE FEDERAL DO PARÁ,FEDERAL,PÚBLICA,UNIVERSIDADE,NORTE,BELÉM,ACADÊMICO,15001016053P9,CIÊNCIA POLÍTICA,PROGRAM IN CIENCIA POLITIC,PA,MESTRADO,3,2008,2008,NÃO,NA,EM FUNCIONAMENTO,18MAR2014:00:00:00,124825,60518,AVALIAÇÃO,2016,prog,NA,NA,2016
2016,CIÊNCIAS HUMANAS,CIÊNCIA POLÍTICA,NÃO SE APLICA,NÃO SE APLICA,39,CIÊNCIA POLÍTICA E RELAÇÕES INTERNACIONAIS,20002017,568,UEMA,UNIVERSIDADE ESTADUAL DO MARANHÃO,ESTADUAL,PÚBLICA,NÃO INFORMADO,NORDESTE,SÃO LUÍS,ACADÊMICO,20002017007P8,CARTOGRAFIA SOCIAL E POLÍTICA DA AMAZÔNIA,POSTGRADUATE PROGRAM IN SOCIAL CARTOGRAPHY AND POLITICS OF THE AMAZON,MA,MESTRADO,3,2013,2013,NÃO,NA,EM FUNCIONAMENTO,20SEP2013:00:00:00,121240,57328,AVALIAÇÃO,2016,prog,NA,NA,2016
2016,CIÊNCIAS HUMANAS,CIÊNCIA POLÍTICA,NÃO SE APLICA,NÃO SE APLICA,39,CIÊNCIA POLÍTICA E RELAÇÕES INTERNACIONAIS,21001014,NI,FUFPI,FUNDAÇÃO UNIVERSIDADE FEDERAL DO PIAUÍ,FEDERAL,PÚBLICA,NÃO INFORMADO,NORDESTE,TERESINA,ACADÊMICO,21001014014P0,CIÊNCIA POLÍTICA,GRADUATE PROGRAM IN POLITICAL SCIENCE AT FEDERAL UNIVERSITY OF PIAUI,PI,MESTRADO,3,2008,2008,NÃO,NA,EM FUNCIONAMENTO,08MAR2013:00:00:00,123830,59717,AVALIAÇÃO,2016,prog,NA,NA,2016
2016,CIÊNCIAS HUMANAS,CIÊNCIA POLÍTICA,NÃO SE APLICA,NÃO SE APLICA,39,CIÊNCIA POLÍTICA E RELAÇÕES INTERNACIONAIS,24001015,NI,UFPB/J.P.,UNIVERSIDADE FEDERAL DA PARAÍBA/JOÃO PESSOA,FEDERAL,PÚBLICA,NÃO INFORMADO,NORDESTE,JOÃO PESSOA,ACADÊMICO,24001015080P1,CIÊNCIA POLÍTICA E RELAÇÕES INTERNACIONAIS,POLITICAL SCIENCE AND INTERNATIONAL RELATIONS,PB,MESTRADO,3,2016,2016,NÃO,NA,EM FUNCIONAMENTO,19MAY2016:00:00:00,124760,60454,ACOMPANHAMENTO,2016,prog,NA,NA,2016
2016,CIÊNCIAS HUMANAS,CIÊNCIA POLÍTICA,NÃO SE APLICA,NÃO SE APLICA,39,CIÊNCIA POLÍTICA E RELAÇÕES INTERNACIONAIS,24004014,550,UEPB,UNIVERSIDADE ESTADUAL DA PARAIBA,ESTADUAL,PÚBLICA,UNIVERSIDADE,NORDESTE,JOÃO PESSOA,ACADÊMICO,24004014007P1,RELAÇOES INTERNACIONAIS,"GRADUATE PROGRAM IN INTERNATIONAL RELATIONS, STATE UNIVERSITY OF PARAIBA",PB,MESTRADO,4,2008,2008,NÃO,NA,EM FUNCIONAMENTO,16AUG2012:00:00:00,120440,56560,AVALIAÇÃO,2016,prog,NA,NA,2016
2016,CIÊNCIAS HUMANAS,CIÊNCIA POLÍTICA,NÃO SE APLICA,NÃO SE APLICA,39,CIÊNCIA POLÍTICA E RELAÇÕES INTERNACIONAIS,25001019,580,UFPE,UNIVERSIDADE FEDERAL DE PERNAMBUCO,FEDERAL,PÚBLICA,UNIVERSIDADE,NORDESTE,RECIFE,ACADÊMICO,25001019033P6,CIÊNCIA POLÍTICA,POLITICAL SCIENCE,PE,MESTRADO/DOUTORADO,6,1982,1982/2002,NÃO,NA,EM FUNCIONAMENTO,29JAN2014:00:00:00,120364,56504,AVALIAÇÃO,2016,prog,NA,NA,2016
2016,CIÊNCIAS HUMANAS,CIÊNCIA POLÍTICA,NÃO SE APLICA,NÃO SE APLICA,39,CIÊNCIA POLÍTICA E RELAÇÕES INTERNACIONAIS,25001019,580,UFPE,UNIVERSIDADE FEDERAL DE PERNAMBUCO,FEDERAL,PÚBLICA,UNIVERSIDADE,NORDESTE,RECIFE,PROFISSIONAL,25001019091P6,POLÍTICAS PÚBLICAS,POLITICAL SCIENCE,PE,MESTRADO PROFISSIONAL,4,2014,2014,NÃO,NA,EM FUNCIONAMENTO,20NOV2013:00:00:00,125420,61013,AVALIAÇÃO,2016,prog,NA,NA,2016
2016,CIÊNCIAS HUMANAS,CIÊNCIA POLÍTICA,POLÍTICA INTERNACIONAL,"RELAÇÕES INTERNACIONAIS, BILATERAIS E MULTILATERAIS",39,CIÊNCIA POLÍTICA E RELAÇÕES INTERNACIONAIS,28001010,578,UFBA,UNIVERSIDADE FEDERAL DA BAHIA,FEDERAL,PÚBLICA,NÃO INFORMADO,NORDESTE,SALVADOR,ACADÊMICO,28001010094P7,RELAÇÕES INTERNACIONAIS,M.A. IN INTERNATIONAL RELATIONS,BA,MESTRADO,3,2014,2014,NÃO,NA,EM FUNCIONAMENTO,05DEC2013:00:00:00,122859,58831,AVALIAÇÃO,2016,prog,NA,NA,2016
2016,CIÊNCIAS HUMANAS,CIÊNCIA POLÍTICA,POLÍTICAS PÚBLICAS,NÃO SE APLICA,39,CIÊNCIA POLÍTICA E RELAÇÕES INTERNACIONAIS,28022017,4503,UFRB,UNIVERSIDADE FEDERAL DO RECÔNCAVO DA BAHIA,FEDERAL,PÚBLICA,UNIVERSIDADE,NORDESTE,CRUZ DAS ALMAS,PROFISSIONAL,28022017008P0,GESTÃO DE POLÍTICAS PÚBLICAS E SEGURANÇA SOCIAL,MANAGEMENT OF PUBLIC POLICY AND SOCIAL SECURITY,BA,MESTRADO PROFISSIONAL,3,2011,2011,NÃO,NA,EM FUNCIONAMENTO,12FEB2014:00:00:00,122849,58848,AVALIAÇÃO,2016,prog,NA,NA,2016
2016,CIÊNCIAS HUMANAS,CIÊNCIA POLÍTICA,NÃO SE APLICA,NÃO SE APLICA,39,CIÊNCIA POLÍTICA E RELAÇÕES INTERNACIONAIS,31001017,586,UFRJ,UNIVERSIDADE FEDERAL DO RIO DE JANEIRO,FEDERAL,PÚBLICA,UNIVERSIDADE,SUDESTE,RIO DE JANEIRO,ACADÊMICO,31001017137P3,ECONOMIA POLÍTICA INTERNACIONAL,INTERNATIONAL POLITICAL ECONOMY,RJ,MESTRADO/DOUTORADO,4,2009,2009/2009,NÃO,NA,EM FUNCIONAMENTO,09AUG2013:00:00:00,123598,59504,AVALIAÇÃO,2016,prog,NA,NA,2016
2016,CIÊNCIAS HUMANAS,CIÊNCIA POLÍTICA,NÃO SE APLICA,NÃO SE APLICA,39,CIÊNCIA POLÍTICA E RELAÇÕES INTERNACIONAIS,31001017,586,UFRJ,UNIVERSIDADE FEDERAL DO RIO DE JANEIRO,FEDERAL,PÚBLICA,UNIVERSIDADE,SUDESTE,RIO DE JANEIRO,ACADÊMICO,31001017160P5,POLÍTICAS PÚBLICAS EM DIREITOS HUMANOS,POST-GRADUATE PROGRAM IN PUBLIC POLICIES ON HUMAN RIGHTS,RJ,MESTRADO,3,2015,2015,NÃO,NA,EM FUNCIONAMENTO,25MAY2015:00:00:00,120713,56844,ACOMPANHAMENTO,2016,prog,NA,NA,2016
2016,CIÊNCIAS HUMANAS,CIÊNCIA POLÍTICA,NÃO SE APLICA,NÃO SE APLICA,39,CIÊNCIA POLÍTICA E RELAÇÕES INTERNACIONAIS,31003010,572,UFF,UNIVERSIDADE FEDERAL FLUMINENSE,FEDERAL,PÚBLICA,NÃO INFORMADO,SUDESTE,NITERÓI,ACADÊMICO,31003010033P0,CIÊNCIA POLÍTICA,GRADUATE PROGRAM IN POLITICAL SCIENCE,RJ,MESTRADO/DOUTORADO,4,1994,1994/2006,NÃO,NA,EM FUNCIONAMENTO,07AUG2010:00:00:00,122257,58283,AVALIAÇÃO,2016,prog,NA,NA,2016
2016,CIÊNCIAS HUMANAS,CIÊNCIA POLÍTICA,ESTADO E GOVERNO,NÃO SE APLICA,39,CIÊNCIA POLÍTICA E RELAÇÕES INTERNACIONAIS,31003010,572,UFF,UNIVERSIDADE FEDERAL FLUMINENSE,FEDERAL,PÚBLICA,NÃO INFORMADO,SUDESTE,NITERÓI,ACADÊMICO,31003010062P0,ESTUDOS ESTRATÉGICOS DA DEFESA E DA SEGURANÇA,STRATEGIC STUDIES AND DEFENSE GRADUATE PROGRAMME,RJ,MESTRADO,3,2008,2008,NÃO,NA,EM FUNCIONAMENTO,07AUG2010:00:00:00,122451,58452,AVALIAÇÃO,2016,prog,NA,NA,2016
2016,CIÊNCIAS HUMANAS,CIÊNCIA POLÍTICA,POLÍTICA INTERNACIONAL,NÃO SE APLICA,39,CIÊNCIA POLÍTICA E RELAÇÕES INTERNACIONAIS,31004016,547,UERJ,UNIVERSIDADE DO ESTADO DO RIO DE JANEIRO,ESTADUAL,PÚBLICA,UNIVERSIDADE,SUDESTE,RIO DE JANEIRO,ACADÊMICO,31004016057P9,RELAÇÕES INTERNACIONAIS,GRADUATE PROGRAM OF INTERNATIONAL RELATIONSHIP,RJ,MESTRADO/DOUTORADO,4,2009,2009/2015,NÃO,NA,EM FUNCIONAMENTO,15JAN2013:00:00:00,122242,58250,AVALIAÇÃO,2016,prog,NA,NA,2016
2016,CIÊNCIAS HUMANAS,CIÊNCIA POLÍTICA,NÃO SE APLICA,NÃO SE APLICA,39,CIÊNCIA POLÍTICA E RELAÇÕES INTERNACIONAIS,31004016,547,UERJ,UNIVERSIDADE DO ESTADO DO RIO DE JANEIRO,ESTADUAL,PÚBLICA,UNIVERSIDADE,SUDESTE,RIO DE JANEIRO,ACADÊMICO,31004016061P6,CIÊNCIA POLÍTICA,GRADUATE PROGRAM IN POLITICAL SCIENCE,RJ,MESTRADO/DOUTORADO,6,2010,2010/2010,NÃO,NA,EM FUNCIONAMENTO,11APR2013:00:00:00,120124,56265,AVALIAÇÃO,2016,prog,NA,NA,2016
2016,CIÊNCIAS HUMANAS,CIÊNCIA POLÍTICA,POLÍTICA INTERNACIONAL,"RELAÇÕES INTERNACIONAIS, BILATERAIS E MULTILATERAIS",39,CIÊNCIA POLÍTICA E RELAÇÕES INTERNACIONAIS,31005012,528,PUC-RIO,PONTIFÍCIA UNIVERSIDADE CATÓLICA DO RIO DE JANEIRO,PARTICULAR,PRIVADA,UNIVERSIDADE,SUDESTE,RIO DE JANEIRO,ACADÊMICO,31005012026P2,RELAÇÕES INTERNACIONAIS,INSTITUTE OF INTERNATIONAL RELATIONS,RJ,MESTRADO/DOUTORADO,6,1987,1987/2001,NÃO,NA,EM FUNCIONAMENTO,19FEB2014:00:00:00,121257,57317,AVALIAÇÃO,2016,prog,NA,NA,2016
2016,CIÊNCIAS HUMANAS,CIÊNCIA POLÍTICA,POLÍTICA INTERNACIONAL,"INTEGRAÇÃO INTERNACIONAL, CONFLITO, GUERRA E PAZ",39,CIÊNCIA POLÍTICA E RELAÇÕES INTERNACIONAIS,31005012,528,PUC-RIO,PONTIFÍCIA UNIVERSIDADE CATÓLICA DO RIO DE JANEIRO,PARTICULAR,PRIVADA,UNIVERSIDADE,SUDESTE,RIO DE JANEIRO,PROFISSIONAL,31005012157P0,ANÁLISE E GESTÃO DE POLÍTICAS INTERNACIONAIS: RESOLUÇÃO DE CONFLITOS E COOPERAÇÃO PARA O DESENVOLVIM,PROFESSIONAL MASTER IN ANALYSIS AND MANAGEMENT OF INTERNATIONAL POLICIES: CONFLICT RESOLUTION AND COOPERATION FOR THE DEVELOPMENT,RJ,MESTRADO PROFISSIONAL,3,2016,2016,NÃO,NA,EM FUNCIONAMENTO,19MAY2016:00:00:00,121956,57988,ACOMPANHAMENTO,2016,prog,NA,NA,2016
2016,CIÊNCIAS HUMANAS,CIÊNCIA POLÍTICA,NÃO SE APLICA,NÃO SE APLICA,39,CIÊNCIA POLÍTICA E RELAÇÕES INTERNACIONAIS,31070019,NI,EGN,ESCOLA DE GUERRA NAVAL,FEDERAL,PÚBLICA,NÃO INFORMADO,SUDESTE,RIO DE JANEIRO,PROFISSIONAL,31070019001P0,ESTUDOS MARÍTIMOS,MSC IN MARITIME STUDIES,RJ,MESTRADO PROFISSIONAL,3,2014,2014,NÃO,NA,EM FUNCIONAMENTO,13FEB2014:00:00:00,123730,59621,AVALIAÇÃO,2016,prog,NA,NA,2016
2016,CIÊNCIAS HUMANAS,CIÊNCIA POLÍTICA,NÃO SE APLICA,NÃO SE APLICA,39,CIÊNCIA POLÍTICA E RELAÇÕES INTERNACIONAIS,31096018,NI,UNIFA,UNIVERSIDADE DA FORCA AEREA,FEDERAL,PÚBLICA,NÃO INFORMADO,SUDESTE,RIO DE JANEIRO,PROFISSIONAL,31096018001P2,CIÊNCIAS AEROESPACIAIS,AEROSPACE SCIENCES,RJ,MESTRADO PROFISSIONAL,4,2012,2012,NÃO,NA,EM FUNCIONAMENTO,24APR2013:00:00:00,123980,59860,AVALIAÇÃO,2016,prog,NA,NA,2016
2016,CIÊNCIAS HUMANAS,CIÊNCIA POLÍTICA,NÃO SE APLICA,NÃO SE APLICA,39,CIÊNCIA POLÍTICA E RELAÇÕES INTERNACIONAIS,31098010,NI,ECEME,ESCOLA DE COMANDO E ESTADO-MAIOR DO EXÉRCITO,FEDERAL,PÚBLICA,NÃO INFORMADO,SUDESTE,RIO DE JANEIRO,ACADÊMICO,31098010001P5,CIÊNCIAS MILITARES,MASTER OF ARTS AND SCIENCES IN MILITARY SCIENCE,RJ,MESTRADO/DOUTORADO,4,2013,2013/2016,NÃO,NA,EM FUNCIONAMENTO,01NOV2013:00:00:00,123415,59309,AVALIAÇÃO,2016,prog,NA,NA,2016
2016,CIÊNCIAS HUMANAS,CIÊNCIA POLÍTICA,NÃO SE APLICA,NÃO SE APLICA,39,CIÊNCIA POLÍTICA E RELAÇÕES INTERNACIONAIS,32001010,575,UFMG,UNIVERSIDADE FEDERAL DE MINAS GERAIS,FEDERAL,PÚBLICA,UNIVERSIDADE,SUDESTE,BELO HORIZONTE,ACADÊMICO,32001010011P2,CIÊNCIA POLÍTICA,GRADUATE PROGRAM IN POLITICAL SCIENCE,MG,MESTRADO/DOUTORADO,7,1969,1969/2006,NÃO,NA,EM FUNCIONAMENTO,13MAR2014:00:00:00,119201,55547,AVALIAÇÃO,2016,prog,NA,NA,2016
2016,CIÊNCIAS HUMANAS,CIÊNCIA POLÍTICA,POLÍTICA INTERNACIONAL,NÃO SE APLICA,39,CIÊNCIA POLÍTICA E RELAÇÕES INTERNACIONAIS,32006012,17,UFU,UNIVERSIDADE FEDERAL DE UBERLÂNDIA,FEDERAL,PÚBLICA,UNIVERSIDADE,SUDESTE,UBERLÂNDIA,ACADÊMICO,32006012072P3,RELAÇÕES INTERNACIONAIS,INTERNATIONAL RELATIONS,MG,MESTRADO,3,2015,2015,NÃO,NA,EM FUNCIONAMENTO,19MAR2015:00:00:00,122214,58237,ACOMPANHAMENTO,2016,prog,NA,NA,2016
2016,CIÊNCIAS HUMANAS,CIÊNCIA POLÍTICA,POLÍTICA INTERNACIONAL,NÃO SE APLICA,39,CIÊNCIA POLÍTICA E RELAÇÕES INTERNACIONAIS,32008015,338,PUC/MG,PONTIFÍCIA UNIVERSIDADE CATÓLICA DE MINAS GERAIS,PARTICULAR,PRIVADA,UNIVERSIDADE,SUDESTE,BELO HORIZONTE,ACADÊMICO,32008015017P5,RELAÇÕES INTERNACIONAIS: POLÍTICA INTERNACIONAL,GRADUATE PROGRAM IN INTERNATIONAL RELATIONS,MG,MESTRADO/DOUTORADO,5,2007,2007/2012,NÃO,NA,EM FUNCIONAMENTO,06SEP2012:00:00:00,122988,58961,AVALIAÇÃO,2016,prog,NA,NA,2016
2016,CIÊNCIAS HUMANAS,CIÊNCIA POLÍTICA,NÃO SE APLICA,NÃO SE APLICA,39,CIÊNCIA POLÍTICA E RELAÇÕES INTERNACIONAIS,33001014,7,UFSCAR,UNIVERSIDADE FEDERAL DE SÃO CARLOS,FEDERAL,PÚBLICA,UNIVERSIDADE,SUDESTE,SÃO CARLOS,ACADÊMICO,33001014026P2,CIENCIA POLITICA,GRADUATE STUDIES PROGRAM IN POLITICAL SCIENCE,SP,MESTRADO/DOUTORADO,4,2008,2008/2008,NÃO,NA,EM FUNCIONAMENTO,15JAN2014:00:00:00,124214,60097,AVALIAÇÃO,2016,prog,NA,NA,2016
2016,CIÊNCIAS HUMANAS,CIÊNCIA POLÍTICA,NÃO SE APLICA,NÃO SE APLICA,39,CIÊNCIA POLÍTICA E RELAÇÕES INTERNACIONAIS,33002010,55,USP,UNIVERSIDADE DE SÃO PAULO,ESTADUAL,PÚBLICA,UNIVERSIDADE,SUDESTE,SÃO PAULO,ACADÊMICO,33002010030P6,CIÊNCIA POLÍTICA,GRADUATE STUDIES IN POLITICAL SCIENCE AT UNIVERSITY OF SÃO PAULO,SP,MESTRADO/DOUTORADO,7,1974,1974/1974,NÃO,NA,EM FUNCIONAMENTO,01JUN2010:00:00:00,124813,60527,AVALIAÇÃO,2016,prog,NA,NA,2016
2016,CIÊNCIAS HUMANAS,CIÊNCIA POLÍTICA,POLÍTICA INTERNACIONAL,"RELAÇÕES INTERNACIONAIS, BILATERAIS E MULTILATERAIS",39,CIÊNCIA POLÍTICA E RELAÇÕES INTERNACIONAIS,33002010,55,USP,UNIVERSIDADE DE SÃO PAULO,ESTADUAL,PÚBLICA,UNIVERSIDADE,SUDESTE,SÃO PAULO,ACADÊMICO,33002010208P0,RELAÇÕES INTERNACIONAIS,INTERNATIONAL RELATIONS,SP,MESTRADO/DOUTORADO,4,2009,2009/2009,NÃO,NA,EM FUNCIONAMENTO,04NOV2013:00:00:00,121876,57909,AVALIAÇÃO,2016,prog,NA,NA,2016
2016,CIÊNCIAS HUMANAS,CIÊNCIA POLÍTICA,NÃO SE APLICA,NÃO SE APLICA,39,CIÊNCIA POLÍTICA E RELAÇÕES INTERNACIONAIS,33003017,54,UNICAMP,UNIVERSIDADE ESTADUAL DE CAMPINAS,ESTADUAL,PÚBLICA,NÃO INFORMADO,SUDESTE,CAMPINAS,ACADÊMICO,33003017017P6,CIÊNCIA POLÍTICA,GRADUATE PROGRAM IN POLITICAL SCIENCE AT UNICAMP,SP,MESTRADO/DOUTORADO,5,1974,1974/2006,NÃO,NA,EM FUNCIONAMENTO,16APR2013:00:00:00,122117,58161,AVALIAÇÃO,2016,prog,NA,NA,2016
2016,CIÊNCIAS HUMANAS,CIÊNCIA POLÍTICA,POLÍTICA INTERNACIONAL,NÃO SE APLICA,39,CIÊNCIA POLÍTICA E RELAÇÕES INTERNACIONAIS,33004110,NI,UNESP/MAR,UNIVERSIDADE EST.PAULISTA JÚLIO DE MESQUITA FILHO/MARILIA,ESTADUAL,PÚBLICA,NÃO INFORMADO,SUDESTE,MARÍLIA,ACADÊMICO,33004110044P0,RELAÇÕES INTERNACIONAIS (UNESP - UNICAMP - PUC-SP),"GRADUATE PROGRAM IN INTERNATIONAL RELATIONS SAN TIAGO DANTAS (UNESP, UNICAMP, PUC-SP)",SP,MESTRADO/DOUTORADO,5,2003,2003/2011,SIM,UNICAMP;PUC/SP,EM FUNCIONAMENTO,18JUN2013:00:00:00,121984,58014,AVALIAÇÃO,2016,prog,NA,NA,2016
2016,CIÊNCIAS HUMANAS,CIÊNCIA POLÍTICA,POLÍTICAS PÚBLICAS,NÃO SE APLICA,39,CIÊNCIA POLÍTICA E RELAÇÕES INTERNACIONAIS,33144010,4925,UFABC,UNIVERSIDADE FEDERAL DO ABC,FEDERAL,PÚBLICA,UNIVERSIDADE,SUDESTE,SÃO BERNARDO DO CAMPO,ACADÊMICO,33144010019P3,POLÍTICAS PÚBLICAS,PUBLIC POLICIES,SP,MESTRADO,3,2014,2014,NÃO,NA,EM FUNCIONAMENTO,28FEB2014:00:00:00,124658,60374,AVALIAÇÃO,2016,prog,NA,NA,2016
2016,CIÊNCIAS HUMANAS,CIÊNCIA POLÍTICA,NÃO SE APLICA,NÃO SE APLICA,39,CIÊNCIA POLÍTICA E RELAÇÕES INTERNACIONAIS,40001016,571,UFPR,UNIVERSIDADE FEDERAL DO PARANÁ,FEDERAL,PÚBLICA,UNIVERSIDADE,SUL,CURITIBA,ACADÊMICO,40001016061P2,CIÊNCIA POLÍTICA,POLITICAL SCIENCE GRADUATE PROGRAM,PR,MESTRADO/DOUTORADO,4,2009,2009/2014,NÃO,NA,EM FUNCIONAMENTO,19MAR2013:00:00:00,122822,58816,AVALIAÇÃO,2016,prog,NA,NA,2016
2016,CIÊNCIAS HUMANAS,CIÊNCIA POLÍTICA,POLÍTICAS PÚBLICAS,NÃO SE APLICA,39,CIÊNCIA POLÍTICA E RELAÇÕES INTERNACIONAIS,40004015,57,UEM,UNIVERSIDADE ESTADUAL DE MARINGÁ,ESTADUAL,PÚBLICA,UNIVERSIDADE,SUL,MARINGÁ,PROFISSIONAL,40004015033P8,POLÍTICAS PÚBLICAS,PUBLIC POLICIES,PR,MESTRADO PROFISSIONAL,3,2010,2010,NÃO,NA,EM FUNCIONAMENTO,13JUL2009:00:00:00,121551,57619,AVALIAÇÃO,2016,prog,NA,NA,2016
2016,CIÊNCIAS HUMANAS,CIÊNCIA POLÍTICA,NÃO SE APLICA,NÃO SE APLICA,39,CIÊNCIA POLÍTICA E RELAÇÕES INTERNACIONAIS,40043010,15001,UNILA,UNIVERSIDADE FEDERAL DA INTEGRAÇÃO LATINO-AMERICANA,FEDERAL,PÚBLICA,NÃO INFORMADO,SUL,FOZ DO IGUAÇU,ACADÊMICO,40043010002P6,INTEGRAÇÃO CONTEMPORÂNEA DA AMÉRICA LATINA - ICAL,CONTEMPORARY LATIN AMERICAN INTEGRATION,PR,MESTRADO,3,2014,2014,NÃO,NA,EM FUNCIONAMENTO,15AUG2014:00:00:00,122635,58619,AVALIAÇÃO,2016,prog,NA,NA,2016
2016,CIÊNCIAS HUMANAS,CIÊNCIA POLÍTICA,POLÍTICA INTERNACIONAL,"RELAÇÕES INTERNACIONAIS, BILATERAIS E MULTILATERAIS",39,CIÊNCIA POLÍTICA E RELAÇÕES INTERNACIONAIS,41001010,585,UFSC,UNIVERSIDADE FEDERAL DE SANTA CATARINA,FEDERAL,PÚBLICA,UNIVERSIDADE,SUL,FLORIANÓPOLIS,ACADÊMICO,41001010083P2,RELAÇÕES INTERNACIONAIS,MASTER'S PROGRAM IN INTERNATIONAL RELATIONS,SC,MESTRADO,3,2011,2011,NÃO,NA,EM FUNCIONAMENTO,15MAR2013:00:00:00,122904,58902,AVALIAÇÃO,2016,prog,NA,NA,2016
2016,CIÊNCIAS HUMANAS,CIÊNCIA POLÍTICA,NÃO SE APLICA,NÃO SE APLICA,39,CIÊNCIA POLÍTICA E RELAÇÕES INTERNACIONAIS,42001013,581,UFRGS,UNIVERSIDADE FEDERAL DO RIO GRANDE DO SUL,FEDERAL,PÚBLICA,UNIVERSIDADE,SUL,PORTO ALEGRE,ACADÊMICO,42001013033P4,CIÊNCIA POLÍTICA,POLITICAL SCIENCE,RS,MESTRADO/DOUTORADO,5,1973,1973/1996,NÃO,NA,EM FUNCIONAMENTO,07JAN2013:00:00:00,123483,59389,AVALIAÇÃO,2016,prog,NA,NA,2016
2016,CIÊNCIAS HUMANAS,CIÊNCIA POLÍTICA,POLÍTICA INTERNACIONAL,"RELAÇÕES INTERNACIONAIS, BILATERAIS E MULTILATERAIS",39,CIÊNCIA POLÍTICA E RELAÇÕES INTERNACIONAIS,42001013,581,UFRGS,UNIVERSIDADE FEDERAL DO RIO GRANDE DO SUL,FEDERAL,PÚBLICA,UNIVERSIDADE,SUL,PORTO ALEGRE,ACADÊMICO,42001013101P0,ESTUDOS ESTRATÉGICOS INTERNACIONAIS,INTERNATIONAL STRATEGIC STUDIES DOCTORAL PROGRAM,RS,MESTRADO/DOUTORADO,4,2011,2011/2011,NÃO,NA,EM FUNCIONAMENTO,23MAR2012:00:00:00,121667,57750,AVALIAÇÃO,2016,prog,NA,NA,2016
2016,CIÊNCIAS HUMANAS,CIÊNCIA POLÍTICA,NÃO SE APLICA,NÃO SE APLICA,39,CIÊNCIA POLÍTICA E RELAÇÕES INTERNACIONAIS,42001013,581,UFRGS,UNIVERSIDADE FEDERAL DO RIO GRANDE DO SUL,FEDERAL,PÚBLICA,UNIVERSIDADE,SUL,PORTO ALEGRE,ACADÊMICO,42001013156P9,POLÍTICAS PÚBLICAS,POSTGRADUATE PROGRAM IN PUBLIC POLICY,RS,MESTRADO/DOUTORADO,5,2015,2015/2015,NÃO,NA,EM FUNCIONAMENTO,16APR2015:00:00:00,121303,57371,ACOMPANHAMENTO,2016,prog,NA,NA,2016
2016,CIÊNCIAS HUMANAS,CIÊNCIA POLÍTICA,NÃO SE APLICA,NÃO SE APLICA,39,CIÊNCIA POLÍTICA E RELAÇÕES INTERNACIONAIS,42003016,634,UFPEL,UNIVERSIDADE FEDERAL DE PELOTAS,FEDERAL,PÚBLICA,UNIVERSIDADE,SUL,PELOTAS,ACADÊMICO,42003016037P2,CIÊNCIA POLÍTICA,POLITICAL SCIENCE,RS,MESTRADO/DOUTORADO,3,2011,2011/2016,NÃO,NA,EM FUNCIONAMENTO,28JAN2013:00:00:00,120728,56838,AVALIAÇÃO,2016,prog,NA,NA,2016
2016,CIÊNCIAS HUMANAS,CIÊNCIA POLÍTICA,POLÍTICAS PÚBLICAS,NÃO SE APLICA,39,CIÊNCIA POLÍTICA E RELAÇÕES INTERNACIONAIS,42046017,5322,UNIPAMPA,FUNDAÇÃO UNIVERSIDADE FEDERAL DO PAMPA,FEDERAL,PÚBLICA,UNIVERSIDADE,SUL,BAGÉ,PROFISSIONAL,42046017012P6,POLÍTICAS PÚBLICAS,GRADUATE PROGRAM IN PUBLIC POLICY,RS,MESTRADO PROFISSIONAL,3,2016,2016,NÃO,NA,EM FUNCIONAMENTO,22DEC2015:00:00:00,123114,59084,ACOMPANHAMENTO,2016,prog,NA,NA,2016
2016,CIÊNCIAS HUMANAS,CIÊNCIA POLÍTICA,NÃO SE APLICA,NÃO SE APLICA,39,CIÊNCIA POLÍTICA E RELAÇÕES INTERNACIONAIS,52001016,584,UFG,UNIVERSIDADE FEDERAL DE GOIÁS,FEDERAL,PÚBLICA,UNIVERSIDADE,CENTRO-OESTE,GOIÂNIA,ACADÊMICO,52001016055P6,CIÊNCIA POLÍTICA,POST GRADUATE PROGRAM IN POLITICAL SCIENCE,GO,MESTRADO,4,2012,2012,NÃO,NA,EM FUNCIONAMENTO,23MAR2012:00:00:00,119488,55778,AVALIAÇÃO,2016,prog,NA,NA,2016
2016,CIÊNCIAS HUMANAS,CIÊNCIA POLÍTICA,POLÍTICA INTERNACIONAL,NÃO SE APLICA,39,CIÊNCIA POLÍTICA E RELAÇÕES INTERNACIONAIS,53001010,2,UNB,UNIVERSIDADE DE BRASÍLIA,FEDERAL,PÚBLICA,UNIVERSIDADE,CENTRO-OESTE,BRASÍLIA,ACADÊMICO,53001010025P6,RELAÇÕES INTERNACIONAIS,INTERNATIONAL RELATIONS,DF,MESTRADO/DOUTORADO,6,1984,1984/2002,NÃO,NA,EM FUNCIONAMENTO,29OCT2012:00:00:00,120406,56546,AVALIAÇÃO,2016,prog,NA,NA,2016
2016,CIÊNCIAS HUMANAS,CIÊNCIA POLÍTICA,NÃO SE APLICA,NÃO SE APLICA,39,CIÊNCIA POLÍTICA E RELAÇÕES INTERNACIONAIS,53001010,2,UNB,UNIVERSIDADE DE BRASÍLIA,FEDERAL,PÚBLICA,UNIVERSIDADE,CENTRO-OESTE,BRASÍLIA,ACADÊMICO,53001010026P2,CIÊNCIA POLÍTICA,GRADUATE PROGRAM IN POLITICAL SCIENCE,DF,MESTRADO/DOUTORADO,5,1984,1984/2008,NÃO,NA,EM FUNCIONAMENTO,12MAR2014:00:00:00,120367,56507,AVALIAÇÃO,2016,prog,NA,NA,2016
2016,CIÊNCIAS HUMANAS,CIÊNCIA POLÍTICA,NÃO SE APLICA,NÃO SE APLICA,39,CIÊNCIA POLÍTICA E RELAÇÕES INTERNACIONAIS,53017013,1113,UNIEURO,CENTRO UNIVERSITÁRIO EURO-AMERICANO,PARTICULAR,PRIVADA,CENTRO UNIVERSITÁRIO,CENTRO-OESTE,BRASÍLIA,ACADÊMICO,53017013001P6,"DIREITOS HUMANOS, CIDADANIA E VIOLÊNCIA","HUMAN RIGHTS, CITIZENSHIP AND VIOLENCE",DF,MESTRADO,3,2006,2006,NÃO,NA,EM FUNCIONAMENTO,03APR2013:00:00:00,125507,61074,AVALIAÇÃO,2016,prog,NA,NA,2016
2016,CIÊNCIAS HUMANAS,CIÊNCIA POLÍTICA,NÃO SE APLICA,NÃO SE APLICA,39,CIÊNCIA POLÍTICA E RELAÇÕES INTERNACIONAIS,53037014,NI,CEFOR,"CENTRO DE FORMAÇÃO, TREINAMENTO E APERFEIÇOAMENTO",FEDERAL,PÚBLICA,NÃO INFORMADO,CENTRO-OESTE,BRASÍLIA,PROFISSIONAL,53037014001P0,PODER LEGISLATIVO,MA IN LEGISLATIVE AFFAIRS,DF,MESTRADO PROFISSIONAL,3,2013,2013,NÃO,NA,EM FUNCIONAMENTO,30AUG2012:00:00:00,123050,59003,AVALIAÇÃO,2016,prog,NA,NA,2016
2017,CIÊNCIAS HUMANAS,CIÊNCIA POLÍTICA,POLÍTICA INTERNACIONAL,"RELAÇÕES INTERNACIONAIS, BILATERAIS E MULTILATERAIS",39,CIÊNCIA POLÍTICA E RELAÇÕES INTERNACIONAIS,14001012,830,UNIFAP,UNIVERSIDADE FEDERAL DO AMAPÁ,FEDERAL,PÚBLICA,UNIVERSIDADE,NORTE,MACAPÁ,PROFISSIONAL,14001012156P0,ESTUDOS DE FRONTEIRA,BORDER STUDIES,AP,MESTRADO PROFISSIONAL,3,NA,2017,NÃO,NA,EM FUNCIONAMENTO,22MAR2017:00:00:00,134049,70346,NA,2017,prog,"RELAÇÕES INTERNACIONAIS, BILATERAIS E MULTILATERAIS",2017,2017
2017,CIÊNCIAS HUMANAS,CIÊNCIA POLÍTICA,NÃO SE APLICA,NÃO SE APLICA,39,CIÊNCIA POLÍTICA E RELAÇÕES INTERNACIONAIS,15001016,569,UFPA,UNIVERSIDADE FEDERAL DO PARÁ,FEDERAL,PÚBLICA,UNIVERSIDADE,NORTE,BELÉM,ACADÊMICO,15001016053P9,CIÊNCIA POLÍTICA,PROGRAM IN CIENCIA POLITIC,PA,MESTRADO,3,NA,2008,NÃO,NA,EM FUNCIONAMENTO,18MAR2014:00:00:00,169951,103733,NA,2017,prog,CIÊNCIA POLÍTICA,2008,2017
2017,CIÊNCIAS HUMANAS,CIÊNCIA POLÍTICA,NÃO SE APLICA,NÃO SE APLICA,39,CIÊNCIA POLÍTICA E RELAÇÕES INTERNACIONAIS,20002017,568,UEMA,UNIVERSIDADE ESTADUAL DO MARANHÃO,ESTADUAL,PÚBLICA,UNIVERSIDADE,NORDESTE,SÃO LUÍS,ACADÊMICO,20002017007P8,CARTOGRAFIA SOCIAL E POLÍTICA DA AMAZÔNIA,POSTGRADUATE PROGRAM IN SOCIAL CARTOGRAPHY AND POLITICS OF THE AMAZON,MA,MESTRADO,3,NA,2013,NÃO,NA,EM FUNCIONAMENTO,20SEP2013:00:00:00,170847,104581,NA,2017,prog,CIÊNCIA POLÍTICA,2013,2017
2017,CIÊNCIAS HUMANAS,CIÊNCIA POLÍTICA,NÃO SE APLICA,NÃO SE APLICA,39,CIÊNCIA POLÍTICA E RELAÇÕES INTERNACIONAIS,21001014,5,FUFPI,FUNDAÇÃO UNIVERSIDADE FEDERAL DO PIAUÍ,FEDERAL,PÚBLICA,NÃO INFORMADO,NORDESTE,TERESINA,ACADÊMICO,21001014014P0,CIÊNCIA POLÍTICA,GRADUATE PROGRAM IN POLITICAL SCIENCE AT FEDERAL UNIVERSITY OF PIAUI,PI,MESTRADO,3,NA,2008,NÃO,NA,EM FUNCIONAMENTO,08MAR2013:00:00:00,126496,62521,NA,2017,prog,CIÊNCIA POLÍTICA,2008,2017
2017,CIÊNCIAS HUMANAS,CIÊNCIA POLÍTICA,POLÍTICAS PÚBLICAS,NÃO SE APLICA,39,CIÊNCIA POLÍTICA E RELAÇÕES INTERNACIONAIS,22003010,29,UECE,UNIVERSIDADE ESTADUAL DO CEARÁ,ESTADUAL,PÚBLICA,UNIVERSIDADE,NORDESTE,FORTALEZA,ACADÊMICO,22003010074P9,POLÍTICAS PÚBLICAS,PUBLIC POLICY,CE,DOUTORADO,4,NA,2017,NÃO,NA,EM FUNCIONAMENTO,06APR2017:00:00:00,176189,109118,NA,2017,prog,POLÍTICAS PÚBLICAS,2017,2017
2017,CIÊNCIAS HUMANAS,CIÊNCIA POLÍTICA,NÃO SE APLICA,NÃO SE APLICA,39,CIÊNCIA POLÍTICA E RELAÇÕES INTERNACIONAIS,24001015,NI,UFPB-JP,UNIVERSIDADE FEDERAL DA PARAÍBA ( JOÃO PESSOA ),FEDERAL,PÚBLICA,NÃO INFORMADO,NORDESTE,JOÃO PESSOA,ACADÊMICO,24001015080P1,CIÊNCIA POLÍTICA E RELAÇÕES INTERNACIONAIS,POLITICAL SCIENCE AND INTERNATIONAL RELATIONS,PB,MESTRADO,3,NA,2016,NÃO,NA,EM FUNCIONAMENTO,19MAY2016:00:00:00,132464,68952,NA,2017,prog,CIÊNCIA POLÍTICA,2016,2017
2017,CIÊNCIAS HUMANAS,CIÊNCIA POLÍTICA,NÃO SE APLICA,NÃO SE APLICA,39,CIÊNCIA POLÍTICA E RELAÇÕES INTERNACIONAIS,24004014,550,UEPB,UNIVERSIDADE ESTADUAL DA PARAIBA,ESTADUAL,PÚBLICA,UNIVERSIDADE,NORDESTE,JOÃO PESSOA,ACADÊMICO,24004014007P1,RELAÇOES INTERNACIONAIS,"GRADUATE PROGRAM IN INTERNATIONAL RELATIONS, STATE UNIVERSITY OF PARAIBA",PB,MESTRADO,4,NA,2008,NÃO,NA,EM FUNCIONAMENTO,16AUG2012:00:00:00,176968,109674,NA,2017,prog,CIÊNCIA POLÍTICA,2008,2017
2017,CIÊNCIAS HUMANAS,CIÊNCIA POLÍTICA,NÃO SE APLICA,NÃO SE APLICA,39,CIÊNCIA POLÍTICA E RELAÇÕES INTERNACIONAIS,24009016,2564,UFCG,UNIVERSIDADE FEDERAL DE CAMPINA GRANDE,FEDERAL,PÚBLICA,UNIVERSIDADE,NORDESTE,CAMPINA GRANDE,ACADÊMICO,24009016171P8,CIÊNCIA POLÍTICA,GRADUATE PROGRAM OF POLITICAL SCIENCE AT UNIVERSIDADE FEDERAL DE CAMPINA GRANDE (UFCG),PB,MESTRADO,3,NA,2017,NÃO,NA,EM FUNCIONAMENTO,14MAR2017:00:00:00,132056,68625,NA,2017,prog,CIÊNCIA POLÍTICA,2017,2017
2017,CIÊNCIAS HUMANAS,CIÊNCIA POLÍTICA,NÃO SE APLICA,NÃO SE APLICA,39,CIÊNCIA POLÍTICA E RELAÇÕES INTERNACIONAIS,25001019,580,UFPE,UNIVERSIDADE FEDERAL DE PERNAMBUCO,FEDERAL,PÚBLICA,UNIVERSIDADE,NORDESTE,RECIFE,ACADÊMICO,25001019033P6,CIÊNCIA POLÍTICA,POLITICAL SCIENCE,PE,MESTRADO/DOUTORADO,6,NA,1982/2002,NÃO,NA,EM FUNCIONAMENTO,29JAN2014:00:00:00,131638,68350,NA,2017,prog,CIÊNCIA POLÍTICA,1982,2017
2017,CIÊNCIAS HUMANAS,CIÊNCIA POLÍTICA,NÃO SE APLICA,NÃO SE APLICA,39,CIÊNCIA POLÍTICA E RELAÇÕES INTERNACIONAIS,25001019,580,UFPE,UNIVERSIDADE FEDERAL DE PERNAMBUCO,FEDERAL,PÚBLICA,UNIVERSIDADE,NORDESTE,RECIFE,PROFISSIONAL,25001019091P6,POLÍTICAS PÚBLICAS,POLITICAL SCIENCE,PE,MESTRADO PROFISSIONAL,3,NA,2014,NÃO,NA,EM FUNCIONAMENTO,20NOV2013:00:00:00,131930,68535,NA,2017,prog,CIÊNCIA POLÍTICA,2014,2017
2017,CIÊNCIAS HUMANAS,CIÊNCIA POLÍTICA,POLÍTICA INTERNACIONAL,"RELAÇÕES INTERNACIONAIS, BILATERAIS E MULTILATERAIS",39,CIÊNCIA POLÍTICA E RELAÇÕES INTERNACIONAIS,28001010,578,UFBA,UNIVERSIDADE FEDERAL DA BAHIA,FEDERAL,PÚBLICA,UNIVERSIDADE,NORDESTE,SALVADOR,ACADÊMICO,28001010094P7,RELAÇÕES INTERNACIONAIS,M.A. IN INTERNATIONAL RELATIONS,BA,MESTRADO,4,NA,2014,NÃO,NA,EM FUNCIONAMENTO,05DEC2013:00:00:00,171654,105353,NA,2017,prog,"RELAÇÕES INTERNACIONAIS, BILATERAIS E MULTILATERAIS",2014,2017
2017,CIÊNCIAS HUMANAS,CIÊNCIA POLÍTICA,POLÍTICAS PÚBLICAS,NÃO SE APLICA,39,CIÊNCIA POLÍTICA E RELAÇÕES INTERNACIONAIS,28022017,4503,UFRB,UNIVERSIDADE FEDERAL DO RECÔNCAVO DA BAHIA,FEDERAL,PÚBLICA,UNIVERSIDADE,NORDESTE,CRUZ DAS ALMAS,PROFISSIONAL,28022017008P0,GESTÃO DE POLÍTICAS PÚBLICAS E SEGURANÇA SOCIAL,MANAGEMENT OF PUBLIC POLICY AND SOCIAL SECURITY,BA,MESTRADO PROFISSIONAL,3,NA,2011,NÃO,NA,EM FUNCIONAMENTO,12FEB2014:00:00:00,172891,106564,NA,2017,prog,POLÍTICAS PÚBLICAS,2011,2017
2017,CIÊNCIAS HUMANAS,CIÊNCIA POLÍTICA,NÃO SE APLICA,NÃO SE APLICA,39,CIÊNCIA POLÍTICA E RELAÇÕES INTERNACIONAIS,31001017,586,UFRJ,UNIVERSIDADE FEDERAL DO RIO DE JANEIRO,FEDERAL,PÚBLICA,UNIVERSIDADE,SUDESTE,RIO DE JANEIRO,ACADÊMICO,31001017160P5,POLÍTICAS PÚBLICAS EM DIREITOS HUMANOS,POST-GRADUATE PROGRAM IN PUBLIC POLICIES ON HUMAN RIGHTS,RJ,MESTRADO,3,NA,2015,NÃO,NA,EM FUNCIONAMENTO,25MAY2015:00:00:00,166186,100205,NA,2017,prog,CIÊNCIA POLÍTICA,2015,2017
2017,CIÊNCIAS HUMANAS,CIÊNCIA POLÍTICA,NÃO SE APLICA,NÃO SE APLICA,39,CIÊNCIA POLÍTICA E RELAÇÕES INTERNACIONAIS,31001017,586,UFRJ,UNIVERSIDADE FEDERAL DO RIO DE JANEIRO,FEDERAL,PÚBLICA,UNIVERSIDADE,SUDESTE,RIO DE JANEIRO,ACADÊMICO,31001017137P3,ECONOMIA POLÍTICA INTERNACIONAL,INTERNATIONAL POLITICAL ECONOMY,RJ,MESTRADO/DOUTORADO,4,NA,2009/2009,NÃO,NA,EM FUNCIONAMENTO,09AUG2013:00:00:00,168409,102333,NA,2017,prog,CIÊNCIA POLÍTICA,2009,2017
2017,CIÊNCIAS HUMANAS,CIÊNCIA POLÍTICA,ESTADO E GOVERNO,NÃO SE APLICA,39,CIÊNCIA POLÍTICA E RELAÇÕES INTERNACIONAIS,31003010,572,UFF,UNIVERSIDADE FEDERAL FLUMINENSE,FEDERAL,PÚBLICA,UNIVERSIDADE,SUDESTE,NITERÓI,ACADÊMICO,31003010062P0,ESTUDOS ESTRATÉGICOS DA DEFESA E DA SEGURANÇA,STRATEGIC STUDIES AND DEFENSE GRADUATE PROGRAMME,RJ,MESTRADO,4,NA,2008,NÃO,NA,EM FUNCIONAMENTO,07AUG2010:00:00:00,175380,108512,NA,2017,prog,ESTADO E GOVERNO,2008,2017
2017,CIÊNCIAS HUMANAS,CIÊNCIA POLÍTICA,NÃO SE APLICA,NÃO SE APLICA,39,CIÊNCIA POLÍTICA E RELAÇÕES INTERNACIONAIS,31003010,572,UFF,UNIVERSIDADE FEDERAL FLUMINENSE,FEDERAL,PÚBLICA,UNIVERSIDADE,SUDESTE,NITERÓI,ACADÊMICO,31003010033P0,CIÊNCIA POLÍTICA,GRADUATE PROGRAM IN POLITICAL SCIENCE,RJ,MESTRADO/DOUTORADO,4,NA,1994/2006,NÃO,NA,EM FUNCIONAMENTO,07AUG2010:00:00:00,177909,110408,NA,2017,prog,CIÊNCIA POLÍTICA,1994,2017
2017,CIÊNCIAS HUMANAS,CIÊNCIA POLÍTICA,POLÍTICA INTERNACIONAL,NÃO SE APLICA,39,CIÊNCIA POLÍTICA E RELAÇÕES INTERNACIONAIS,31004016,547,UERJ,UNIVERSIDADE DO ESTADO DO RIO DE JANEIRO,ESTADUAL,PÚBLICA,UNIVERSIDADE,SUDESTE,RIO DE JANEIRO,ACADÊMICO,31004016057P9,RELAÇÕES INTERNACIONAIS,GRADUATE PROGRAM OF INTERNATIONAL RELATIONS,RJ,MESTRADO/DOUTORADO,4,NA,2009/2015,NÃO,NA,EM FUNCIONAMENTO,15JAN2013:00:00:00,167453,101341,NA,2017,prog,POLÍTICA INTERNACIONAL,2009,2017
2017,CIÊNCIAS HUMANAS,CIÊNCIA POLÍTICA,NÃO SE APLICA,NÃO SE APLICA,39,CIÊNCIA POLÍTICA E RELAÇÕES INTERNACIONAIS,31004016,547,UERJ,UNIVERSIDADE DO ESTADO DO RIO DE JANEIRO,ESTADUAL,PÚBLICA,UNIVERSIDADE,SUDESTE,RIO DE JANEIRO,ACADÊMICO,31004016061P6,CIÊNCIA POLÍTICA,GRADUATE PROGRAM IN POLITICAL SCIENCE,RJ,MESTRADO/DOUTORADO,6,NA,2010/2010,NÃO,NA,EM FUNCIONAMENTO,11APR2013:00:00:00,170533,104313,NA,2017,prog,CIÊNCIA POLÍTICA,2010,2017
2017,CIÊNCIAS HUMANAS,CIÊNCIA POLÍTICA,POLÍTICA INTERNACIONAL,"INTEGRAÇÃO INTERNACIONAL, CONFLITO, GUERRA E PAZ",39,CIÊNCIA POLÍTICA E RELAÇÕES INTERNACIONAIS,31005012,528,PUC-RIO,PONTIFÍCIA UNIVERSIDADE CATÓLICA DO RIO DE JANEIRO,PARTICULAR,PRIVADA,UNIVERSIDADE,SUDESTE,RIO DE JANEIRO,PROFISSIONAL,31005012157P0,ANÁLISE E GESTÃO DE POLÍTICAS INTERNACIONAIS: RESOLUÇÃO DE CONFLITOS E COOPERAÇÃO PARA O DESENVOLVIMENTO,PROFESSIONAL MASTER IN ANALYSIS AND MANAGEMENT OF INTERNATIONAL POLICIES: CONFLICT RESOLUTION AND COOPERATION FOR THE DEVELOPMENT,RJ,MESTRADO PROFISSIONAL,3,NA,2016,NÃO,NA,EM FUNCIONAMENTO,19MAY2016:00:00:00,168696,102578,NA,2017,prog,"INTEGRAÇÃO INTERNACIONAL, CONFLITO, GUERRA E PAZ",2016,2017
2017,CIÊNCIAS HUMANAS,CIÊNCIA POLÍTICA,POLÍTICA INTERNACIONAL,"RELAÇÕES INTERNACIONAIS, BILATERAIS E MULTILATERAIS",39,CIÊNCIA POLÍTICA E RELAÇÕES INTERNACIONAIS,31005012,528,PUC-RIO,PONTIFÍCIA UNIVERSIDADE CATÓLICA DO RIO DE JANEIRO,PARTICULAR,PRIVADA,UNIVERSIDADE,SUDESTE,RIO DE JANEIRO,ACADÊMICO,31005012026P2,RELAÇÕES INTERNACIONAIS,INSTITUTE OF INTERNATIONAL RELATIONS,RJ,MESTRADO/DOUTORADO,6,NA,1987/2001,NÃO,NA,EM FUNCIONAMENTO,19FEB2014:00:00:00,168402,102326,NA,2017,prog,"RELAÇÕES INTERNACIONAIS, BILATERAIS E MULTILATERAIS",1987,2017
2017,CIÊNCIAS HUMANAS,CIÊNCIA POLÍTICA,NÃO SE APLICA,NÃO SE APLICA,39,CIÊNCIA POLÍTICA E RELAÇÕES INTERNACIONAIS,31021018,693,UNIRIO,UNIVERSIDADE FEDERAL DO ESTADO DO RIO DE JANEIRO,FEDERAL,PÚBLICA,UNIVERSIDADE,SUDESTE,RIO DE JANEIRO,ACADÊMICO,31021018157P8,CIÊNCIA POLÍTICA,POLITICAL SCIENCE,RJ,MESTRADO,3,NA,2017,NÃO,NA,EM FUNCIONAMENTO,03APR2017:00:00:00,166529,100548,NA,2017,prog,CIÊNCIA POLÍTICA,2017,2017
2017,CIÊNCIAS HUMANAS,CIÊNCIA POLÍTICA,NÃO SE APLICA,NÃO SE APLICA,39,CIÊNCIA POLÍTICA E RELAÇÕES INTERNACIONAIS,31070019,NI,EGN,ESCOLA DE GUERRA NAVAL,FEDERAL,PÚBLICA,NÃO INFORMADO,SUDESTE,RIO DE JANEIRO,PROFISSIONAL,31070019001P0,ESTUDOS MARÍTIMOS,MSC IN MARITIME STUDIES,RJ,MESTRADO PROFISSIONAL,5,NA,2014,NÃO,NA,EM FUNCIONAMENTO,13FEB2014:00:00:00,173817,107276,NA,2017,prog,CIÊNCIA POLÍTICA,2014,2017
2017,CIÊNCIAS HUMANAS,CIÊNCIA POLÍTICA,NÃO SE APLICA,NÃO SE APLICA,39,CIÊNCIA POLÍTICA E RELAÇÕES INTERNACIONAIS,31096018,NI,UNIFA,UNIVERSIDADE DA FORCA AEREA,FEDERAL,PÚBLICA,NÃO INFORMADO,SUDESTE,RIO DE JANEIRO,PROFISSIONAL,31096018001P2,CIÊNCIAS AEROESPACIAIS,AEROSPACE SCIENCES,RJ,MESTRADO PROFISSIONAL,4,NA,2012,NÃO,NA,EM FUNCIONAMENTO,24APR2013:00:00:00,175145,108288,NA,2017,prog,CIÊNCIA POLÍTICA,2012,2017
2017,CIÊNCIAS HUMANAS,CIÊNCIA POLÍTICA,NÃO SE APLICA,NÃO SE APLICA,39,CIÊNCIA POLÍTICA E RELAÇÕES INTERNACIONAIS,31098010,NI,ECEME,ESCOLA DE COMANDO E ESTADO-MAIOR DO EXÉRCITO,FEDERAL,PÚBLICA,NÃO INFORMADO,SUDESTE,RIO DE JANEIRO,ACADÊMICO,31098010001P5,CIÊNCIAS MILITARES,MASTER OF ARTS AND SCIENCES IN MILITARY SCIENCE,RJ,MESTRADO/DOUTORADO,4,NA,2013/2016,NÃO,NA,EM FUNCIONAMENTO,01NOV2013:00:00:00,174897,108049,NA,2017,prog,CIÊNCIA POLÍTICA,2013,2017
2017,CIÊNCIAS HUMANAS,CIÊNCIA POLÍTICA,NÃO SE APLICA,NÃO SE APLICA,39,CIÊNCIA POLÍTICA E RELAÇÕES INTERNACIONAIS,32001010,575,UFMG,UNIVERSIDADE FEDERAL DE MINAS GERAIS,FEDERAL,PÚBLICA,UNIVERSIDADE,SUDESTE,BELO HORIZONTE,ACADÊMICO,32001010011P2,CIÊNCIA POLÍTICA,GRADUATE PROGRAM IN POLITICAL SCIENCE,MG,MESTRADO/DOUTORADO,7,NA,1969/2006,NÃO,NA,EM FUNCIONAMENTO,13MAR2014:00:00:00,169340,103184,NA,2017,prog,CIÊNCIA POLÍTICA,1969,2017
2017,CIÊNCIAS HUMANAS,CIÊNCIA POLÍTICA,POLÍTICA INTERNACIONAL,NÃO SE APLICA,39,CIÊNCIA POLÍTICA E RELAÇÕES INTERNACIONAIS,32006012,17,UFU,UNIVERSIDADE FEDERAL DE UBERLÂNDIA,FEDERAL,PÚBLICA,UNIVERSIDADE,SUDESTE,UBERLÂNDIA,ACADÊMICO,32006012072P3,RELAÇÕES INTERNACIONAIS,INTERNATIONAL RELATIONS,MG,MESTRADO,3,NA,2015,NÃO,NA,EM FUNCIONAMENTO,19MAR2015:00:00:00,128519,65485,NA,2017,prog,POLÍTICA INTERNACIONAL,2015,2017
2017,CIÊNCIAS HUMANAS,CIÊNCIA POLÍTICA,POLÍTICA INTERNACIONAL,NÃO SE APLICA,39,CIÊNCIA POLÍTICA E RELAÇÕES INTERNACIONAIS,32008015,338,PUC/MG,PONTIFÍCIA UNIVERSIDADE CATÓLICA DE MINAS GERAIS,PARTICULAR,PRIVADA,UNIVERSIDADE,SUDESTE,BELO HORIZONTE,ACADÊMICO,32008015017P5,RELAÇÕES INTERNACIONAIS: POLÍTICA INTERNACIONAL,GRADUATE PROGRAM IN INTERNATIONAL RELATIONS,MG,MESTRADO/DOUTORADO,5,NA,2007/2012,NÃO,NA,EM FUNCIONAMENTO,06SEP2012:00:00:00,172122,105781,NA,2017,prog,POLÍTICA INTERNACIONAL,2007,2017
2017,CIÊNCIAS HUMANAS,CIÊNCIA POLÍTICA,NÃO SE APLICA,NÃO SE APLICA,39,CIÊNCIA POLÍTICA E RELAÇÕES INTERNACIONAIS,33001014,7,UFSCAR,UNIVERSIDADE FEDERAL DE SÃO CARLOS,FEDERAL,PÚBLICA,UNIVERSIDADE,SUDESTE,SÃO CARLOS,ACADÊMICO,33001014026P2,CIENCIA POLITICA,GRADUATE STUDIES PROGRAM IN POLITICAL SCIENCE,SP,MESTRADO/DOUTORADO,5,NA,2008/2008,NÃO,NA,EM FUNCIONAMENTO,15JAN2014:00:00:00,168342,102234,NA,2017,prog,CIÊNCIA POLÍTICA,2008,2017
2017,CIÊNCIAS HUMANAS,CIÊNCIA POLÍTICA,NÃO SE APLICA,NÃO SE APLICA,39,CIÊNCIA POLÍTICA E RELAÇÕES INTERNACIONAIS,33002010,55,USP,UNIVERSIDADE DE SÃO PAULO,ESTADUAL,PÚBLICA,UNIVERSIDADE,SUDESTE,SÃO PAULO,ACADÊMICO,33002010030P6,CIÊNCIA POLÍTICA,GRADUATE STUDIES IN POLITICAL SCIENCE AT UNIVERSITY OF SÃO PAULO,SP,MESTRADO/DOUTORADO,7,NA,1974/1974,NÃO,NA,EM FUNCIONAMENTO,01JUN2010:00:00:00,167681,101604,NA,2017,prog,CIÊNCIA POLÍTICA,1974,2017
2017,CIÊNCIAS HUMANAS,CIÊNCIA POLÍTICA,POLÍTICA INTERNACIONAL,"RELAÇÕES INTERNACIONAIS, BILATERAIS E MULTILATERAIS",39,CIÊNCIA POLÍTICA E RELAÇÕES INTERNACIONAIS,33002010,55,USP,UNIVERSIDADE DE SÃO PAULO,ESTADUAL,PÚBLICA,UNIVERSIDADE,SUDESTE,SÃO PAULO,ACADÊMICO,33002010208P0,RELAÇÕES INTERNACIONAIS,INTERNATIONAL RELATIONS,SP,MESTRADO/DOUTORADO,4,NA,2009/2009,NÃO,NA,EM FUNCIONAMENTO,04NOV2013:00:00:00,165399,99551,NA,2017,prog,"RELAÇÕES INTERNACIONAIS, BILATERAIS E MULTILATERAIS",2009,2017
2017,CIÊNCIAS HUMANAS,CIÊNCIA POLÍTICA,NÃO SE APLICA,NÃO SE APLICA,39,CIÊNCIA POLÍTICA E RELAÇÕES INTERNACIONAIS,33003017,54,UNICAMP,UNIVERSIDADE ESTADUAL DE CAMPINAS,ESTADUAL,PÚBLICA,UNIVERSIDADE,SUDESTE,CAMPINAS,ACADÊMICO,33003017017P6,CIÊNCIA POLÍTICA,GRADUATE PROGRAM IN POLITICAL SCIENCE AT UNICAMP,SP,MESTRADO/DOUTORADO,6,NA,1974/2006,NÃO,NA,EM FUNCIONAMENTO,16APR2013:00:00:00,174213,107613,NA,2017,prog,CIÊNCIA POLÍTICA,1974,2017
2017,CIÊNCIAS HUMANAS,CIÊNCIA POLÍTICA,POLÍTICA INTERNACIONAL,NÃO SE APLICA,39,CIÊNCIA POLÍTICA E RELAÇÕES INTERNACIONAIS,33004110,NI,UNESP-MAR,UNIVERSIDADE ESTADUAL PAULISTA JÚLIO DE MESQUITA FILHO ( MARÍLIA ),ESTADUAL,PÚBLICA,NÃO INFORMADO,SUDESTE,MARÍLIA,ACADÊMICO,33004110044P0,RELAÇÕES INTERNACIONAIS (UNESP - UNICAMP - PUC-SP),"GRADUATE PROGRAM IN INTERNATIONAL RELATIONS SAN TIAGO DANTAS (UNESP, UNICAMP, PUC-SP)",SP,MESTRADO/DOUTORADO,5,NA,2003/2011,SIM,UNICAMP;PUC/SP,EM FUNCIONAMENTO,18JUN2013:00:00:00,175854,108892,NA,2017,prog,POLÍTICA INTERNACIONAL,2003,2017
2017,CIÊNCIAS HUMANAS,CIÊNCIA POLÍTICA,POLÍTICAS PÚBLICAS,NÃO SE APLICA,39,CIÊNCIA POLÍTICA E RELAÇÕES INTERNACIONAIS,33144010,4925,UFABC,UNIVERSIDADE FEDERAL DO ABC,FEDERAL,PÚBLICA,UNIVERSIDADE,SUDESTE,SÃO BERNARDO DO CAMPO,ACADÊMICO,33144010019P3,POLÍTICAS PÚBLICAS,PUBLIC POLICIES,SP,MESTRADO,3,NA,2014,NÃO,NA,EM FUNCIONAMENTO,28FEB2014:00:00:00,175529,108635,NA,2017,prog,POLÍTICAS PÚBLICAS,2014,2017
2017,CIÊNCIAS HUMANAS,CIÊNCIA POLÍTICA,NÃO SE APLICA,NÃO SE APLICA,39,CIÊNCIA POLÍTICA E RELAÇÕES INTERNACIONAIS,40001016,571,UFPR,UNIVERSIDADE FEDERAL DO PARANÁ,FEDERAL,PÚBLICA,UNIVERSIDADE,SUL,CURITIBA,ACADÊMICO,40001016061P2,CIÊNCIA POLÍTICA,POLITICAL SCIENCE GRADUATE PROGRAM,PR,MESTRADO/DOUTORADO,5,NA,2009/2014,NÃO,NA,EM FUNCIONAMENTO,19MAR2013:00:00:00,172512,106190,NA,2017,prog,CIÊNCIA POLÍTICA,2009,2017
2017,CIÊNCIAS HUMANAS,CIÊNCIA POLÍTICA,POLÍTICAS PÚBLICAS,NÃO SE APLICA,39,CIÊNCIA POLÍTICA E RELAÇÕES INTERNACIONAIS,40004015,57,UEM,UNIVERSIDADE ESTADUAL DE MARINGÁ,ESTADUAL,PÚBLICA,UNIVERSIDADE,SUL,MARINGÁ,PROFISSIONAL,40004015033P8,POLÍTICAS PÚBLICAS,PUBLIC POLICIES,PR,MESTRADO PROFISSIONAL,3,NA,2010,NÃO,NA,EM FUNCIONAMENTO,13JUL2009:00:00:00,164067,97986,NA,2017,prog,POLÍTICAS PÚBLICAS,2010,2017
2017,CIÊNCIAS HUMANAS,CIÊNCIA POLÍTICA,NÃO SE APLICA,NÃO SE APLICA,39,CIÊNCIA POLÍTICA E RELAÇÕES INTERNACIONAIS,40043010,15001,UNILA,UNIVERSIDADE FEDERAL DA INTEGRAÇÃO LATINO-AMERICANA,FEDERAL,PÚBLICA,UNIVERSIDADE,SUL,FOZ DO IGUAÇU,ACADÊMICO,40043010002P6,INTEGRAÇÃO CONTEMPORÂNEA DA AMÉRICA LATINA - ICAL,CONTEMPORARY LATIN AMERICAN INTEGRATION,PR,MESTRADO,3,NA,2014,NÃO,NA,EM FUNCIONAMENTO,15AUG2014:00:00:00,166337,100357,NA,2017,prog,CIÊNCIA POLÍTICA,2014,2017
2017,CIÊNCIAS HUMANAS,CIÊNCIA POLÍTICA,POLÍTICA INTERNACIONAL,"RELAÇÕES INTERNACIONAIS, BILATERAIS E MULTILATERAIS",39,CIÊNCIA POLÍTICA E RELAÇÕES INTERNACIONAIS,41001010,585,UFSC,UNIVERSIDADE FEDERAL DE SANTA CATARINA,FEDERAL,PÚBLICA,UNIVERSIDADE,SUL,FLORIANÓPOLIS,ACADÊMICO,41001010083P2,RELAÇÕES INTERNACIONAIS,MASTER'S PROGRAM IN INTERNATIONAL RELATIONS,SC,MESTRADO,4,NA,2011,NÃO,NA,EM FUNCIONAMENTO,15MAR2013:00:00:00,164394,98288,NA,2017,prog,"RELAÇÕES INTERNACIONAIS, BILATERAIS E MULTILATERAIS",2011,2017
2017,CIÊNCIAS HUMANAS,CIÊNCIA POLÍTICA,NÃO SE APLICA,NÃO SE APLICA,39,CIÊNCIA POLÍTICA E RELAÇÕES INTERNACIONAIS,42001013,581,UFRGS,UNIVERSIDADE FEDERAL DO RIO GRANDE DO SUL,FEDERAL,PÚBLICA,UNIVERSIDADE,SUL,PORTO ALEGRE,ACADÊMICO,42001013033P4,CIÊNCIA POLÍTICA,POLITICAL SCIENCE,RS,MESTRADO/DOUTORADO,5,NA,1973/1996,NÃO,NA,EM FUNCIONAMENTO,07JAN2013:00:00:00,162824,96987,NA,2017,prog,CIÊNCIA POLÍTICA,1973,2017
2017,CIÊNCIAS HUMANAS,CIÊNCIA POLÍTICA,NÃO SE APLICA,NÃO SE APLICA,39,CIÊNCIA POLÍTICA E RELAÇÕES INTERNACIONAIS,42001013,581,UFRGS,UNIVERSIDADE FEDERAL DO RIO GRANDE DO SUL,FEDERAL,PÚBLICA,UNIVERSIDADE,SUL,PORTO ALEGRE,ACADÊMICO,42001013156P9,POLÍTICAS PÚBLICAS,POSTGRADUATE PROGRAM IN PUBLIC POLICY,RS,MESTRADO/DOUTORADO,5,NA,2015/2015,NÃO,NA,EM FUNCIONAMENTO,16APR2015:00:00:00,167170,101099,NA,2017,prog,CIÊNCIA POLÍTICA,2015,2017
2017,CIÊNCIAS HUMANAS,CIÊNCIA POLÍTICA,POLÍTICA INTERNACIONAL,"RELAÇÕES INTERNACIONAIS, BILATERAIS E MULTILATERAIS",39,CIÊNCIA POLÍTICA E RELAÇÕES INTERNACIONAIS,42001013,581,UFRGS,UNIVERSIDADE FEDERAL DO RIO GRANDE DO SUL,FEDERAL,PÚBLICA,UNIVERSIDADE,SUL,PORTO ALEGRE,ACADÊMICO,42001013101P0,ESTUDOS ESTRATÉGICOS INTERNACIONAIS,INTERNATIONAL STRATEGIC STUDIES DOCTORAL PROGRAM,RS,MESTRADO/DOUTORADO,4,NA,2011/2011,NÃO,NA,EM FUNCIONAMENTO,23MAR2012:00:00:00,165848,99874,NA,2017,prog,"RELAÇÕES INTERNACIONAIS, BILATERAIS E MULTILATERAIS",2011,2017
2017,CIÊNCIAS HUMANAS,CIÊNCIA POLÍTICA,NÃO SE APLICA,NÃO SE APLICA,39,CIÊNCIA POLÍTICA E RELAÇÕES INTERNACIONAIS,42003016,634,UFPEL,UNIVERSIDADE FEDERAL DE PELOTAS,FEDERAL,PÚBLICA,UNIVERSIDADE,SUL,PELOTAS,ACADÊMICO,42003016037P2,CIÊNCIA POLÍTICA,POLITICAL SCIENCE,RS,MESTRADO/DOUTORADO,4,NA,2011/2016,NÃO,NA,EM FUNCIONAMENTO,28JAN2013:00:00:00,163744,97695,NA,2017,prog,CIÊNCIA POLÍTICA,2011,2017
2017,CIÊNCIAS HUMANAS,CIÊNCIA POLÍTICA,POLÍTICAS PÚBLICAS,NÃO SE APLICA,39,CIÊNCIA POLÍTICA E RELAÇÕES INTERNACIONAIS,42046017,5322,UNIPAMPA,FUNDAÇÃO UNIVERSIDADE FEDERAL DO PAMPA,FEDERAL,PÚBLICA,UNIVERSIDADE,SUL,BAGÉ,PROFISSIONAL,42046017012P6,POLÍTICAS PÚBLICAS,GRADUATE PROGRAM IN PUBLIC POLICY,RS,MESTRADO PROFISSIONAL,3,NA,2016,NÃO,NA,EM FUNCIONAMENTO,22DEC2015:00:00:00,172639,106315,NA,2017,prog,POLÍTICAS PÚBLICAS,2016,2017
2017,CIÊNCIAS HUMANAS,CIÊNCIA POLÍTICA,NÃO SE APLICA,NÃO SE APLICA,39,CIÊNCIA POLÍTICA E RELAÇÕES INTERNACIONAIS,52001016,584,UFG,UNIVERSIDADE FEDERAL DE GOIÁS,FEDERAL,PÚBLICA,UNIVERSIDADE,CENTRO-OESTE,GOIÂNIA,ACADÊMICO,52001016055P6,CIÊNCIA POLÍTICA,POST GRADUATE PROGRAM IN POLITICAL SCIENCE,GO,MESTRADO,3,NA,2012,NÃO,NA,EM FUNCIONAMENTO,23MAR2012:00:00:00,128048,65114,NA,2017,prog,CIÊNCIA POLÍTICA,2012,2017
2017,CIÊNCIAS HUMANAS,CIÊNCIA POLÍTICA,NÃO SE APLICA,NÃO SE APLICA,39,CIÊNCIA POLÍTICA E RELAÇÕES INTERNACIONAIS,53001010,2,UNB,UNIVERSIDADE DE BRASÍLIA,FEDERAL,PÚBLICA,UNIVERSIDADE,CENTRO-OESTE,BRASÍLIA,ACADÊMICO,53001010026P2,CIÊNCIA POLÍTICA,GRADUATE PROGRAM IN POLITICAL SCIENCE,DF,MESTRADO/DOUTORADO,6,NA,1984/2008,NÃO,NA,EM FUNCIONAMENTO,12MAR2014:00:00:00,168681,102588,NA,2017,prog,CIÊNCIA POLÍTICA,1984,2017
2017,CIÊNCIAS HUMANAS,CIÊNCIA POLÍTICA,POLÍTICA INTERNACIONAL,NÃO SE APLICA,39,CIÊNCIA POLÍTICA E RELAÇÕES INTERNACIONAIS,53001010,2,UNB,UNIVERSIDADE DE BRASÍLIA,FEDERAL,PÚBLICA,UNIVERSIDADE,CENTRO-OESTE,BRASÍLIA,ACADÊMICO,53001010025P6,RELAÇÕES INTERNACIONAIS,INTERNATIONAL RELATIONS,DF,MESTRADO/DOUTORADO,6,NA,1984/2002,NÃO,NA,EM FUNCIONAMENTO,29OCT2012:00:00:00,130857,67604,NA,2017,prog,POLÍTICA INTERNACIONAL,1984,2017
2017,CIÊNCIAS HUMANAS,CIÊNCIA POLÍTICA,ESTADO E GOVERNO,NÃO SE APLICA,39,CIÊNCIA POLÍTICA E RELAÇÕES INTERNACIONAIS,53013018,NI,ENAP,FUNDAÇÃO ESCOLA NACIONAL DE ADMINISTRAÇÃO PÚBLICA,FEDERAL,PÚBLICA,NÃO INFORMADO,CENTRO-OESTE,BRASÍLIA,PROFISSIONAL,53013018001P0,GOVERNANÇA E DESENVOLVIMENTO,PROFESSIONAL MASTERS IN GOVERNANCE AND DEVELOPMENT,DF,MESTRADO PROFISSIONAL,3,NA,2017,NÃO,NA,EM FUNCIONAMENTO,23JAN2017:00:00:00,129943,66802,NA,2017,prog,ESTADO E GOVERNO,2017,2017
2017,CIÊNCIAS HUMANAS,CIÊNCIA POLÍTICA,NÃO SE APLICA,NÃO SE APLICA,39,CIÊNCIA POLÍTICA E RELAÇÕES INTERNACIONAIS,53017013,1113,UNIEURO,CENTRO UNIVERSITÁRIO EURO-AMERICANO,PARTICULAR,PRIVADA,CENTRO UNIVERSITÁRIO,CENTRO-OESTE,BRASÍLIA,ACADÊMICO,53017013001P6,"DIREITOS HUMANOS, CIDADANIA E VIOLÊNCIA","HUMAN RIGHTS, CITIZENSHIP AND VIOLENCE",DF,MESTRADO,3,NA,2006,NÃO,NA,EM FUNCIONAMENTO,03APR2013:00:00:00,176889,109629,NA,2017,prog,CIÊNCIA POLÍTICA,2006,2017
2017,CIÊNCIAS HUMANAS,CIÊNCIA POLÍTICA,NÃO SE APLICA,NÃO SE APLICA,39,CIÊNCIA POLÍTICA E RELAÇÕES INTERNACIONAIS,53037014,NI,CEFOR,"CENTRO DE FORMAÇÃO, TREINAMENTO E APERFEIÇOAMENTO",FEDERAL,PÚBLICA,NÃO INFORMADO,CENTRO-OESTE,BRASÍLIA,PROFISSIONAL,53037014001P0,PODER LEGISLATIVO,MA IN LEGISLATIVE AFFAIRS,DF,MESTRADO PROFISSIONAL,4,NA,2013,NÃO,NA,EM FUNCIONAMENTO,30AUG2012:00:00:00,166569,100588,NA,2017,prog,CIÊNCIA POLÍTICA,2013,2017
2018,CIÊNCIAS HUMANAS,CIÊNCIA POLÍTICA,POLÍTICA INTERNACIONAL,"RELAÇÕES INTERNACIONAIS, BILATERAIS E MULTILATERAIS",39,CIÊNCIA POLÍTICA E RELAÇÕES INTERNACIONAIS,14001012,830,UNIFAP,UNIVERSIDADE FEDERAL DO AMAPÁ,FEDERAL,PÚBLICA,UNIVERSIDADE,NORTE,MACAPÁ,PROFISSIONAL,14001012156P0,ESTUDOS DE FRONTEIRA,BORDER STUDIES,AP,MESTRADO PROFISSIONAL,3,NA,2017,NÃO,NA,EM FUNCIONAMENTO,22MAR2017:00:00:00,140840,76140,NA,2018,prog,"RELAÇÕES INTERNACIONAIS, BILATERAIS E MULTILATERAIS",2017,2018
2018,CIÊNCIAS HUMANAS,CIÊNCIA POLÍTICA,NÃO SE APLICA,NÃO SE APLICA,39,CIÊNCIA POLÍTICA E RELAÇÕES INTERNACIONAIS,15001016,569,UFPA,UNIVERSIDADE FEDERAL DO PARÁ,FEDERAL,PÚBLICA,UNIVERSIDADE,NORTE,BELÉM,ACADÊMICO,15001016053P9,CIÊNCIA POLÍTICA,PROGRAM IN CIENCIA POLITIC,PA,MESTRADO,3,NA,2008,NÃO,NA,EM FUNCIONAMENTO,18MAR2014:00:00:00,169948,103730,NA,2018,prog,CIÊNCIA POLÍTICA,2008,2018
2018,CIÊNCIAS HUMANAS,CIÊNCIA POLÍTICA,NÃO SE APLICA,NÃO SE APLICA,39,CIÊNCIA POLÍTICA E RELAÇÕES INTERNACIONAIS,21001014,5,FUFPI,FUNDAÇÃO UNIVERSIDADE FEDERAL DO PIAUÍ,FEDERAL,PÚBLICA,UNIVERSIDADE,NORDESTE,TERESINA,ACADÊMICO,21001014014P0,CIÊNCIA POLÍTICA,GRADUATE PROGRAM IN POLITICAL SCIENCE AT FEDERAL UNIVERSITY OF PIAUI,PI,MESTRADO,2,NA,2008,NÃO,NA,EM DESATIVACAO,16AUG2018:00:00:00,134709,70835,NA,2018,prog,CIÊNCIA POLÍTICA,2008,2018
2018,CIÊNCIAS HUMANAS,CIÊNCIA POLÍTICA,POLÍTICAS PÚBLICAS,NÃO SE APLICA,39,CIÊNCIA POLÍTICA E RELAÇÕES INTERNACIONAIS,22003010,29,UECE,UNIVERSIDADE ESTADUAL DO CEARÁ,ESTADUAL,PÚBLICA,UNIVERSIDADE,NORDESTE,FORTALEZA,PROFISSIONAL,22003010019P8,PLANEJAMENTO E POLITICAS PÚBLICAS,PLANNING AND PUBLIC POLICY,CE,MESTRADO PROFISSIONAL,4,NA,2006,NÃO,NA,EM FUNCIONAMENTO,10OCT2013:00:00:00,176174,109103,NA,2018,prog,POLÍTICAS PÚBLICAS,2006,2018
2018,CIÊNCIAS HUMANAS,CIÊNCIA POLÍTICA,POLÍTICAS PÚBLICAS,NÃO SE APLICA,39,CIÊNCIA POLÍTICA E RELAÇÕES INTERNACIONAIS,22003010,29,UECE,UNIVERSIDADE ESTADUAL DO CEARÁ,ESTADUAL,PÚBLICA,UNIVERSIDADE,NORDESTE,FORTALEZA,ACADÊMICO,22003010074P9,POLÍTICAS PÚBLICAS,PUBLIC POLICY,CE,DOUTORADO,4,NA,2017,NÃO,NA,EM FUNCIONAMENTO,06APR2017:00:00:00,176176,109105,NA,2018,prog,POLÍTICAS PÚBLICAS,2017,2018
2018,CIÊNCIAS HUMANAS,CIÊNCIA POLÍTICA,NÃO SE APLICA,NÃO SE APLICA,39,CIÊNCIA POLÍTICA E RELAÇÕES INTERNACIONAIS,24001015,NI,UFPB-JP,UNIVERSIDADE FEDERAL DA PARAÍBA ( JOÃO PESSOA ),FEDERAL,PÚBLICA,NÃO INFORMADO,NORDESTE,JOÃO PESSOA,ACADÊMICO,24001015080P1,CIÊNCIA POLÍTICA E RELAÇÕES INTERNACIONAIS,POLITICAL SCIENCE AND INTERNATIONAL RELATIONS,PB,MESTRADO,3,NA,2016,NÃO,NA,EM FUNCIONAMENTO,19MAY2016:00:00:00,137104,73000,NA,2018,prog,CIÊNCIA POLÍTICA,2016,2018
2018,CIÊNCIAS HUMANAS,CIÊNCIA POLÍTICA,NÃO SE APLICA,NÃO SE APLICA,39,CIÊNCIA POLÍTICA E RELAÇÕES INTERNACIONAIS,24004014,550,UEPB,UNIVERSIDADE ESTADUAL DA PARAIBA,ESTADUAL,PÚBLICA,UNIVERSIDADE,NORDESTE,JOÃO PESSOA,ACADÊMICO,24004014007P1,RELAÇOES INTERNACIONAIS,"GRADUATE PROGRAM IN INTERNATIONAL RELATIONS, STATE UNIVERSITY OF PARAIBA",PB,MESTRADO,4,NA,2008,NÃO,NA,EM FUNCIONAMENTO,16AUG2012:00:00:00,176975,109681,NA,2018,prog,CIÊNCIA POLÍTICA,2008,2018
2018,CIÊNCIAS HUMANAS,CIÊNCIA POLÍTICA,NÃO SE APLICA,NÃO SE APLICA,39,CIÊNCIA POLÍTICA E RELAÇÕES INTERNACIONAIS,24009016,2564,UFCG,UNIVERSIDADE FEDERAL DE CAMPINA GRANDE,FEDERAL,PÚBLICA,UNIVERSIDADE,NORDESTE,CAMPINA GRANDE,ACADÊMICO,24009016171P8,CIÊNCIA POLÍTICA,GRADUATE PROGRAM OF POLITICAL SCIENCE AT UNIVERSIDADE FEDERAL DE CAMPINA GRANDE (UFCG),PB,MESTRADO,3,NA,2017,NÃO,NA,EM FUNCIONAMENTO,14MAR2017:00:00:00,138592,74427,NA,2018,prog,CIÊNCIA POLÍTICA,2017,2018
2018,CIÊNCIAS HUMANAS,CIÊNCIA POLÍTICA,NÃO SE APLICA,NÃO SE APLICA,39,CIÊNCIA POLÍTICA E RELAÇÕES INTERNACIONAIS,25001019,580,UFPE,UNIVERSIDADE FEDERAL DE PERNAMBUCO,FEDERAL,PÚBLICA,UNIVERSIDADE,NORDESTE,RECIFE,ACADÊMICO,25001019033P6,CIÊNCIA POLÍTICA,POLITICAL SCIENCE,PE,MESTRADO/DOUTORADO,6,NA,1982/2002,NÃO,NA,EM FUNCIONAMENTO,29JAN2014:00:00:00,141406,76658,NA,2018,prog,CIÊNCIA POLÍTICA,1982,2018
2018,CIÊNCIAS HUMANAS,CIÊNCIA POLÍTICA,NÃO SE APLICA,NÃO SE APLICA,39,CIÊNCIA POLÍTICA E RELAÇÕES INTERNACIONAIS,25001019,580,UFPE,UNIVERSIDADE FEDERAL DE PERNAMBUCO,FEDERAL,PÚBLICA,UNIVERSIDADE,NORDESTE,RECIFE,PROFISSIONAL,25001019091P6,POLÍTICAS PÚBLICAS,POLITICAL SCIENCE,PE,MESTRADO PROFISSIONAL,3,NA,2014,NÃO,NA,EM FUNCIONAMENTO,20NOV2013:00:00:00,135669,71766,NA,2018,prog,CIÊNCIA POLÍTICA,2014,2018
2018,CIÊNCIAS HUMANAS,CIÊNCIA POLÍTICA,POLÍTICA INTERNACIONAL,"RELAÇÕES INTERNACIONAIS, BILATERAIS E MULTILATERAIS",39,CIÊNCIA POLÍTICA E RELAÇÕES INTERNACIONAIS,28001010,578,UFBA,UNIVERSIDADE FEDERAL DA BAHIA,FEDERAL,PÚBLICA,UNIVERSIDADE,NORDESTE,SALVADOR,ACADÊMICO,28001010094P7,RELAÇÕES INTERNACIONAIS,M.A. IN INTERNATIONAL RELATIONS,BA,MESTRADO,4,NA,2014,NÃO,NA,EM FUNCIONAMENTO,05DEC2013:00:00:00,171656,105355,NA,2018,prog,"RELAÇÕES INTERNACIONAIS, BILATERAIS E MULTILATERAIS",2014,2018
2018,CIÊNCIAS HUMANAS,CIÊNCIA POLÍTICA,POLÍTICAS PÚBLICAS,NÃO SE APLICA,39,CIÊNCIA POLÍTICA E RELAÇÕES INTERNACIONAIS,28022017,4503,UFRB,UNIVERSIDADE FEDERAL DO RECÔNCAVO DA BAHIA,FEDERAL,PÚBLICA,UNIVERSIDADE,NORDESTE,CRUZ DAS ALMAS,PROFISSIONAL,28022017008P0,GESTÃO DE POLÍTICAS PÚBLICAS E SEGURANÇA SOCIAL,MANAGEMENT OF PUBLIC POLICY AND SOCIAL SECURITY,BA,MESTRADO PROFISSIONAL,3,NA,2011,NÃO,NA,EM FUNCIONAMENTO,12FEB2014:00:00:00,172902,106543,NA,2018,prog,POLÍTICAS PÚBLICAS,2011,2018
2018,CIÊNCIAS HUMANAS,CIÊNCIA POLÍTICA,NÃO SE APLICA,NÃO SE APLICA,39,CIÊNCIA POLÍTICA E RELAÇÕES INTERNACIONAIS,31001017,586,UFRJ,UNIVERSIDADE FEDERAL DO RIO DE JANEIRO,FEDERAL,PÚBLICA,UNIVERSIDADE,SUDESTE,RIO DE JANEIRO,ACADÊMICO,31001017137P3,ECONOMIA POLÍTICA INTERNACIONAL,INTERNATIONAL POLITICAL ECONOMY,RJ,MESTRADO/DOUTORADO,3,NA,2009/2009,NÃO,NA,EM FUNCIONAMENTO,09AUG2013:00:00:00,168312,102218,NA,2018,prog,CIÊNCIA POLÍTICA,2009,2018
2018,CIÊNCIAS HUMANAS,CIÊNCIA POLÍTICA,NÃO SE APLICA,NÃO SE APLICA,39,CIÊNCIA POLÍTICA E RELAÇÕES INTERNACIONAIS,31001017,586,UFRJ,UNIVERSIDADE FEDERAL DO RIO DE JANEIRO,FEDERAL,PÚBLICA,UNIVERSIDADE,SUDESTE,RIO DE JANEIRO,ACADÊMICO,31001017160P5,POLÍTICAS PÚBLICAS EM DIREITOS HUMANOS,POST-GRADUATE PROGRAM IN PUBLIC POLICIES ON HUMAN RIGHTS,RJ,MESTRADO,3,NA,2015,NÃO,NA,EM FUNCIONAMENTO,25MAY2015:00:00:00,166332,100352,NA,2018,prog,CIÊNCIA POLÍTICA,2015,2018
2018,CIÊNCIAS HUMANAS,CIÊNCIA POLÍTICA,NÃO SE APLICA,NÃO SE APLICA,39,CIÊNCIA POLÍTICA E RELAÇÕES INTERNACIONAIS,31003010,572,UFF,UNIVERSIDADE FEDERAL FLUMINENSE,FEDERAL,PÚBLICA,UNIVERSIDADE,SUDESTE,NITERÓI,ACADÊMICO,31003010033P0,CIÊNCIA POLÍTICA,GRADUATE PROGRAM IN POLITICAL SCIENCE,RJ,MESTRADO/DOUTORADO,4,NA,1994/2006,NÃO,NA,EM FUNCIONAMENTO,07AUG2010:00:00:00,177930,110428,NA,2018,prog,CIÊNCIA POLÍTICA,1994,2018
2018,CIÊNCIAS HUMANAS,CIÊNCIA POLÍTICA,NÃO SE APLICA,NÃO SE APLICA,39,CIÊNCIA POLÍTICA E RELAÇÕES INTERNACIONAIS,31003010,572,UFF,UNIVERSIDADE FEDERAL FLUMINENSE,FEDERAL,PÚBLICA,UNIVERSIDADE,SUDESTE,NITERÓI,PROFISSIONAL,31003010057P6,DEFESA E SEGURANÇA CIVIL,MASTER OF CIVIL DEFENSE AND SECURITY,RJ,MESTRADO PROFISSIONAL,3,NA,2007,NÃO,NA,EM FUNCIONAMENTO,15MAR2013:00:00:00,177037,109746,NA,2018,prog,CIÊNCIA POLÍTICA,2007,2018
2018,CIÊNCIAS HUMANAS,CIÊNCIA POLÍTICA,ESTADO E GOVERNO,NÃO SE APLICA,39,CIÊNCIA POLÍTICA E RELAÇÕES INTERNACIONAIS,31003010,572,UFF,UNIVERSIDADE FEDERAL FLUMINENSE,FEDERAL,PÚBLICA,UNIVERSIDADE,SUDESTE,NITERÓI,ACADÊMICO,31003010062P0,ESTUDOS ESTRATÉGICOS DA DEFESA E DA SEGURANÇA,STRATEGIC STUDIES AND DEFENSE GRADUATE PROGRAMME,RJ,MESTRADO,4,NA,2008,NÃO,NA,EM FUNCIONAMENTO,07AUG2010:00:00:00,175410,108542,NA,2018,prog,ESTADO E GOVERNO,2008,2018
2018,CIÊNCIAS HUMANAS,CIÊNCIA POLÍTICA,POLÍTICA INTERNACIONAL,NÃO SE APLICA,39,CIÊNCIA POLÍTICA E RELAÇÕES INTERNACIONAIS,31004016,547,UERJ,UNIVERSIDADE DO ESTADO DO RIO DE JANEIRO,ESTADUAL,PÚBLICA,UNIVERSIDADE,SUDESTE,RIO DE JANEIRO,ACADÊMICO,31004016057P9,RELAÇÕES INTERNACIONAIS,GRADUATE PROGRAM OF INTERNATIONAL RELATIONS,RJ,MESTRADO/DOUTORADO,4,NA,2009/2015,NÃO,NA,EM FUNCIONAMENTO,15JAN2013:00:00:00,167457,101385,NA,2018,prog,POLÍTICA INTERNACIONAL,2009,2018
2018,CIÊNCIAS HUMANAS,CIÊNCIA POLÍTICA,NÃO SE APLICA,NÃO SE APLICA,39,CIÊNCIA POLÍTICA E RELAÇÕES INTERNACIONAIS,31004016,547,UERJ,UNIVERSIDADE DO ESTADO DO RIO DE JANEIRO,ESTADUAL,PÚBLICA,UNIVERSIDADE,SUDESTE,RIO DE JANEIRO,ACADÊMICO,31004016061P6,CIÊNCIA POLÍTICA,GRADUATE PROGRAM IN POLITICAL SCIENCE,RJ,MESTRADO/DOUTORADO,6,NA,2010/2010,NÃO,NA,EM FUNCIONAMENTO,11APR2013:00:00:00,170563,104332,NA,2018,prog,CIÊNCIA POLÍTICA,2010,2018
2018,CIÊNCIAS HUMANAS,CIÊNCIA POLÍTICA,POLÍTICA INTERNACIONAL,"INTEGRAÇÃO INTERNACIONAL, CONFLITO, GUERRA E PAZ",39,CIÊNCIA POLÍTICA E RELAÇÕES INTERNACIONAIS,31005012,528,PUC-RIO,PONTIFÍCIA UNIVERSIDADE CATÓLICA DO RIO DE JANEIRO,PARTICULAR,PRIVADA,UNIVERSIDADE,SUDESTE,RIO DE JANEIRO,PROFISSIONAL,31005012157P0,ANÁLISE E GESTÃO DE POLÍTICAS INTERNACIONAIS: RESOLUÇÃO DE CONFLITOS E COOPERAÇÃO PARA O DESENVOLVIMENTO,PROFESSIONAL MASTER IN ANALYSIS AND MANAGEMENT OF INTERNATIONAL POLICIES: CONFLICT RESOLUTION AND COOPERATION FOR THE DEVELOPMENT,RJ,MESTRADO PROFISSIONAL,3,NA,2016,NÃO,NA,EM FUNCIONAMENTO,19MAY2016:00:00:00,168748,102626,NA,2018,prog,"INTEGRAÇÃO INTERNACIONAL, CONFLITO, GUERRA E PAZ",2016,2018
2018,CIÊNCIAS HUMANAS,CIÊNCIA POLÍTICA,POLÍTICA INTERNACIONAL,"RELAÇÕES INTERNACIONAIS, BILATERAIS E MULTILATERAIS",39,CIÊNCIA POLÍTICA E RELAÇÕES INTERNACIONAIS,31005012,528,PUC-RIO,PONTIFÍCIA UNIVERSIDADE CATÓLICA DO RIO DE JANEIRO,PARTICULAR,PRIVADA,UNIVERSIDADE,SUDESTE,RIO DE JANEIRO,ACADÊMICO,31005012026P2,RELAÇÕES INTERNACIONAIS,INSTITUTE OF INTERNATIONAL RELATIONS,RJ,MESTRADO/DOUTORADO,5,NA,1987/2001,NÃO,NA,EM FUNCIONAMENTO,19FEB2014:00:00:00,168422,102314,NA,2018,prog,"RELAÇÕES INTERNACIONAIS, BILATERAIS E MULTILATERAIS",1987,2018
2018,CIÊNCIAS HUMANAS,CIÊNCIA POLÍTICA,NÃO SE APLICA,NÃO SE APLICA,39,CIÊNCIA POLÍTICA E RELAÇÕES INTERNACIONAIS,31021018,693,UNIRIO,UNIVERSIDADE FEDERAL DO ESTADO DO RIO DE JANEIRO,FEDERAL,PÚBLICA,UNIVERSIDADE,SUDESTE,RIO DE JANEIRO,ACADÊMICO,31021018157P8,CIÊNCIA POLÍTICA,POLITICAL SCIENCE,RJ,MESTRADO,3,NA,2017,NÃO,NA,EM FUNCIONAMENTO,03APR2017:00:00:00,166527,100546,NA,2018,prog,CIÊNCIA POLÍTICA,2017,2018
2018,CIÊNCIAS HUMANAS,CIÊNCIA POLÍTICA,NÃO SE APLICA,NÃO SE APLICA,39,CIÊNCIA POLÍTICA E RELAÇÕES INTERNACIONAIS,31070019,NI,EGN,ESCOLA DE GUERRA NAVAL,FEDERAL,PÚBLICA,NÃO INFORMADO,SUDESTE,RIO DE JANEIRO,PROFISSIONAL,31070019001P0,ESTUDOS MARÍTIMOS,MSC IN MARITIME STUDIES,RJ,MESTRADO PROFISSIONAL,5,NA,2014,NÃO,NA,EM FUNCIONAMENTO,13FEB2014:00:00:00,173874,107298,NA,2018,prog,CIÊNCIA POLÍTICA,2014,2018
2018,CIÊNCIAS HUMANAS,CIÊNCIA POLÍTICA,NÃO SE APLICA,NÃO SE APLICA,39,CIÊNCIA POLÍTICA E RELAÇÕES INTERNACIONAIS,31096018,NI,UNIFA,UNIVERSIDADE DA FORCA AEREA,FEDERAL,PÚBLICA,NÃO INFORMADO,SUDESTE,RIO DE JANEIRO,PROFISSIONAL,31096018001P2,CIÊNCIAS AEROESPACIAIS,AEROSPACE SCIENCES,RJ,MESTRADO PROFISSIONAL,4,NA,2012,NÃO,NA,EM FUNCIONAMENTO,24APR2013:00:00:00,175153,108296,NA,2018,prog,CIÊNCIA POLÍTICA,2012,2018
2018,CIÊNCIAS HUMANAS,CIÊNCIA POLÍTICA,NÃO SE APLICA,NÃO SE APLICA,39,CIÊNCIA POLÍTICA E RELAÇÕES INTERNACIONAIS,31098010,NI,ECEME,ESCOLA DE COMANDO E ESTADO-MAIOR DO EXÉRCITO,FEDERAL,PÚBLICA,NÃO INFORMADO,SUDESTE,RIO DE JANEIRO,ACADÊMICO,31098010001P5,CIÊNCIAS MILITARES,MASTER OF ARTS AND SCIENCES IN MILITARY SCIENCE,RJ,MESTRADO/DOUTORADO,4,NA,2013/2016,NÃO,NA,EM FUNCIONAMENTO,01NOV2013:00:00:00,174928,108072,NA,2018,prog,CIÊNCIA POLÍTICA,2013,2018
2018,CIÊNCIAS HUMANAS,CIÊNCIA POLÍTICA,NÃO SE APLICA,NÃO SE APLICA,39,CIÊNCIA POLÍTICA E RELAÇÕES INTERNACIONAIS,32001010,575,UFMG,UNIVERSIDADE FEDERAL DE MINAS GERAIS,FEDERAL,PÚBLICA,UNIVERSIDADE,SUDESTE,BELO HORIZONTE,ACADÊMICO,32001010011P2,CIÊNCIA POLÍTICA,GRADUATE PROGRAM IN POLITICAL SCIENCE,MG,MESTRADO/DOUTORADO,7,NA,1969/2006,NÃO,NA,EM FUNCIONAMENTO,13MAR2014:00:00:00,171195,104946,NA,2018,prog,CIÊNCIA POLÍTICA,1969,2018
2018,CIÊNCIAS HUMANAS,CIÊNCIA POLÍTICA,POLÍTICA INTERNACIONAL,NÃO SE APLICA,39,CIÊNCIA POLÍTICA E RELAÇÕES INTERNACIONAIS,32006012,17,UFU,UNIVERSIDADE FEDERAL DE UBERLÂNDIA,FEDERAL,PÚBLICA,UNIVERSIDADE,SUDESTE,UBERLÂNDIA,ACADÊMICO,32006012072P3,RELAÇÕES INTERNACIONAIS,INTERNATIONAL RELATIONS,MG,MESTRADO,3,NA,2015,NÃO,NA,EM FUNCIONAMENTO,19MAR2015:00:00:00,136631,72627,NA,2018,prog,POLÍTICA INTERNACIONAL,2015,2018
2018,CIÊNCIAS HUMANAS,CIÊNCIA POLÍTICA,POLÍTICA INTERNACIONAL,NÃO SE APLICA,39,CIÊNCIA POLÍTICA E RELAÇÕES INTERNACIONAIS,32008015,338,PUC/MG,PONTIFÍCIA UNIVERSIDADE CATÓLICA DE MINAS GERAIS,PARTICULAR,PRIVADA,UNIVERSIDADE,SUDESTE,BELO HORIZONTE,ACADÊMICO,32008015017P5,RELAÇÕES INTERNACIONAIS: POLÍTICA INTERNACIONAL,GRADUATE PROGRAM IN INTERNATIONAL RELATIONS,MG,MESTRADO/DOUTORADO,5,NA,2007/2012,NÃO,NA,EM FUNCIONAMENTO,06SEP2012:00:00:00,172113,105829,NA,2018,prog,POLÍTICA INTERNACIONAL,2007,2018
2018,CIÊNCIAS HUMANAS,CIÊNCIA POLÍTICA,NÃO SE APLICA,NÃO SE APLICA,39,CIÊNCIA POLÍTICA E RELAÇÕES INTERNACIONAIS,33001014,7,UFSCAR,UNIVERSIDADE FEDERAL DE SÃO CARLOS,FEDERAL,PÚBLICA,UNIVERSIDADE,SUDESTE,SÃO CARLOS,ACADÊMICO,33001014026P2,CIENCIA POLITICA,GRADUATE STUDIES PROGRAM IN POLITICAL SCIENCE,SP,MESTRADO/DOUTORADO,5,NA,2008/2008,NÃO,NA,EM FUNCIONAMENTO,15JAN2014:00:00:00,168324,102250,NA,2018,prog,CIÊNCIA POLÍTICA,2008,2018
2018,CIÊNCIAS HUMANAS,CIÊNCIA POLÍTICA,POLÍTICA INTERNACIONAL,"RELAÇÕES INTERNACIONAIS, BILATERAIS E MULTILATERAIS",39,CIÊNCIA POLÍTICA E RELAÇÕES INTERNACIONAIS,33002010,55,USP,UNIVERSIDADE DE SÃO PAULO,ESTADUAL,PÚBLICA,UNIVERSIDADE,SUDESTE,SÃO PAULO,ACADÊMICO,33002010208P0,RELAÇÕES INTERNACIONAIS,INTERNATIONAL RELATIONS,SP,MESTRADO/DOUTORADO,4,NA,2009/2009,NÃO,NA,EM FUNCIONAMENTO,04NOV2013:00:00:00,166365,100384,NA,2018,prog,"RELAÇÕES INTERNACIONAIS, BILATERAIS E MULTILATERAIS",2009,2018
2018,CIÊNCIAS HUMANAS,CIÊNCIA POLÍTICA,NÃO SE APLICA,NÃO SE APLICA,39,CIÊNCIA POLÍTICA E RELAÇÕES INTERNACIONAIS,33002010,55,USP,UNIVERSIDADE DE SÃO PAULO,ESTADUAL,PÚBLICA,UNIVERSIDADE,SUDESTE,SÃO PAULO,ACADÊMICO,33002010030P6,CIÊNCIA POLÍTICA,GRADUATE STUDIES IN POLITICAL SCIENCE AT UNIVERSITY OF SÃO PAULO,SP,MESTRADO/DOUTORADO,7,NA,1974/1974,NÃO,NA,EM FUNCIONAMENTO,01JUN2010:00:00:00,167780,101709,NA,2018,prog,CIÊNCIA POLÍTICA,1974,2018
2018,CIÊNCIAS HUMANAS,CIÊNCIA POLÍTICA,NÃO SE APLICA,NÃO SE APLICA,39,CIÊNCIA POLÍTICA E RELAÇÕES INTERNACIONAIS,33003017,54,UNICAMP,UNIVERSIDADE ESTADUAL DE CAMPINAS,ESTADUAL,PÚBLICA,UNIVERSIDADE,SUDESTE,CAMPINAS,ACADÊMICO,33003017017P6,CIÊNCIA POLÍTICA,GRADUATE PROGRAM IN POLITICAL SCIENCE AT UNICAMP,SP,MESTRADO/DOUTORADO,6,NA,1974/2006,NÃO,NA,EM FUNCIONAMENTO,16APR2013:00:00:00,174220,107620,NA,2018,prog,CIÊNCIA POLÍTICA,1974,2018
2018,CIÊNCIAS HUMANAS,CIÊNCIA POLÍTICA,POLÍTICA INTERNACIONAL,NÃO SE APLICA,39,CIÊNCIA POLÍTICA E RELAÇÕES INTERNACIONAIS,33004110,NI,UNESP-MAR,UNIVERSIDADE ESTADUAL PAULISTA JÚLIO DE MESQUITA FILHO ( MARÍLIA ),ESTADUAL,PÚBLICA,NÃO INFORMADO,SUDESTE,MARÍLIA,ACADÊMICO,33004110044P0,RELAÇÕES INTERNACIONAIS (UNESP - UNICAMP - PUC-SP),"GRADUATE PROGRAM IN INTERNATIONAL RELATIONS SAN TIAGO DANTAS (UNESP, UNICAMP, PUC-SP)",SP,MESTRADO/DOUTORADO,4,NA,2003/2011,SIM,UNICAMP;PUC/SP,EM FUNCIONAMENTO,18JUN2013:00:00:00,176012,109004,NA,2018,prog,POLÍTICA INTERNACIONAL,2003,2018
2018,CIÊNCIAS HUMANAS,CIÊNCIA POLÍTICA,NÃO SE APLICA,NÃO SE APLICA,39,CIÊNCIA POLÍTICA E RELAÇÕES INTERNACIONAIS,33011010,602,ITA,INSTITUTO TECNOLÓGICO DE AERONÁUTICA,FEDERAL,PÚBLICA,FACULDADE,SUDESTE,SÃO JOSÉ DOS CAMPOS,PROFISSIONAL,33011010014P0,SEGURANÇA DE AVIAÇÃO E AERONAVEGABILIDADE CONTINUADA,AVIATION SAFETY AND CONTINUED AIRWORTHINESS,SP,MESTRADO PROFISSIONAL,A,NA,2018,NÃO,NA,EM FUNCIONAMENTO,20FEB2019:00:00:00,136549,72507,NA,2018,prog,CIÊNCIA POLÍTICA,2018,2018
2018,CIÊNCIAS HUMANAS,CIÊNCIA POLÍTICA,POLÍTICAS PÚBLICAS,NÃO SE APLICA,39,CIÊNCIA POLÍTICA E RELAÇÕES INTERNACIONAIS,33144010,4925,UFABC,UNIVERSIDADE FEDERAL DO ABC,FEDERAL,PÚBLICA,UNIVERSIDADE,SUDESTE,SÃO BERNARDO DO CAMPO,ACADÊMICO,33144010019P3,POLÍTICAS PÚBLICAS,PUBLIC POLICIES,SP,MESTRADO,3,NA,2014,NÃO,NA,EM FUNCIONAMENTO,28FEB2014:00:00:00,176488,109254,NA,2018,prog,POLÍTICAS PÚBLICAS,2014,2018
2018,CIÊNCIAS HUMANAS,CIÊNCIA POLÍTICA,NÃO SE APLICA,NÃO SE APLICA,39,CIÊNCIA POLÍTICA E RELAÇÕES INTERNACIONAIS,40001016,571,UFPR,UNIVERSIDADE FEDERAL DO PARANÁ,FEDERAL,PÚBLICA,UNIVERSIDADE,SUL,CURITIBA,ACADÊMICO,40001016061P2,CIÊNCIA POLÍTICA,POLITICAL SCIENCE GRADUATE PROGRAM,PR,MESTRADO/DOUTORADO,5,NA,2009/2014,NÃO,NA,EM FUNCIONAMENTO,19MAR2013:00:00:00,172494,106203,NA,2018,prog,CIÊNCIA POLÍTICA,2009,2018
2018,CIÊNCIAS HUMANAS,CIÊNCIA POLÍTICA,POLÍTICAS PÚBLICAS,NÃO SE APLICA,39,CIÊNCIA POLÍTICA E RELAÇÕES INTERNACIONAIS,40004015,57,UEM,UNIVERSIDADE ESTADUAL DE MARINGÁ,ESTADUAL,PÚBLICA,UNIVERSIDADE,SUL,MARINGÁ,PROFISSIONAL,40004015033P8,POLÍTICAS PÚBLICAS,PUBLIC POLICIES,PR,MESTRADO PROFISSIONAL,3,NA,2010,NÃO,NA,EM FUNCIONAMENTO,13JUL2009:00:00:00,164109,98028,NA,2018,prog,POLÍTICAS PÚBLICAS,2010,2018
2018,CIÊNCIAS HUMANAS,CIÊNCIA POLÍTICA,NÃO SE APLICA,NÃO SE APLICA,39,CIÊNCIA POLÍTICA E RELAÇÕES INTERNACIONAIS,40043010,15001,UNILA,UNIVERSIDADE FEDERAL DA INTEGRAÇÃO LATINO-AMERICANA,FEDERAL,PÚBLICA,UNIVERSIDADE,SUL,FOZ DO IGUAÇU,ACADÊMICO,40043010002P6,INTEGRAÇÃO CONTEMPORÂNEA DA AMÉRICA LATINA - ICAL,CONTEMPORARY LATIN AMERICAN INTEGRATION,PR,MESTRADO,3,NA,2014,NÃO,NA,EM FUNCIONAMENTO,15AUG2014:00:00:00,166614,100633,NA,2018,prog,CIÊNCIA POLÍTICA,2014,2018
2018,CIÊNCIAS HUMANAS,CIÊNCIA POLÍTICA,POLÍTICA INTERNACIONAL,"RELAÇÕES INTERNACIONAIS, BILATERAIS E MULTILATERAIS",39,CIÊNCIA POLÍTICA E RELAÇÕES INTERNACIONAIS,41001010,585,UFSC,UNIVERSIDADE FEDERAL DE SANTA CATARINA,FEDERAL,PÚBLICA,UNIVERSIDADE,SUL,FLORIANÓPOLIS,ACADÊMICO,41001010083P2,RELAÇÕES INTERNACIONAIS,MASTER'S PROGRAM IN INTERNATIONAL RELATIONS,SC,MESTRADO,4,NA,2011,NÃO,NA,EM FUNCIONAMENTO,15MAR2013:00:00:00,164411,98269,NA,2018,prog,"RELAÇÕES INTERNACIONAIS, BILATERAIS E MULTILATERAIS",2011,2018
2018,CIÊNCIAS HUMANAS,CIÊNCIA POLÍTICA,NÃO SE APLICA,NÃO SE APLICA,39,CIÊNCIA POLÍTICA E RELAÇÕES INTERNACIONAIS,42001013,581,UFRGS,UNIVERSIDADE FEDERAL DO RIO GRANDE DO SUL,FEDERAL,PÚBLICA,UNIVERSIDADE,SUL,PORTO ALEGRE,ACADÊMICO,42001013033P4,CIÊNCIA POLÍTICA,POLITICAL SCIENCE,RS,MESTRADO/DOUTORADO,4,NA,1973/1996,NÃO,NA,EM FUNCIONAMENTO,07JAN2013:00:00:00,162896,97017,NA,2018,prog,CIÊNCIA POLÍTICA,1973,2018
2018,CIÊNCIAS HUMANAS,CIÊNCIA POLÍTICA,POLÍTICA INTERNACIONAL,"RELAÇÕES INTERNACIONAIS, BILATERAIS E MULTILATERAIS",39,CIÊNCIA POLÍTICA E RELAÇÕES INTERNACIONAIS,42001013,581,UFRGS,UNIVERSIDADE FEDERAL DO RIO GRANDE DO SUL,FEDERAL,PÚBLICA,UNIVERSIDADE,SUL,PORTO ALEGRE,ACADÊMICO,42001013101P0,ESTUDOS ESTRATÉGICOS INTERNACIONAIS,INTERNATIONAL STRATEGIC STUDIES DOCTORAL PROGRAM,RS,MESTRADO/DOUTORADO,4,NA,2011/2011,NÃO,NA,EM FUNCIONAMENTO,23MAR2012:00:00:00,165886,99917,NA,2018,prog,"RELAÇÕES INTERNACIONAIS, BILATERAIS E MULTILATERAIS",2011,2018
2018,CIÊNCIAS HUMANAS,CIÊNCIA POLÍTICA,POLÍTICAS PÚBLICAS,NÃO SE APLICA,39,CIÊNCIA POLÍTICA E RELAÇÕES INTERNACIONAIS,42001013,581,UFRGS,UNIVERSIDADE FEDERAL DO RIO GRANDE DO SUL,FEDERAL,PÚBLICA,UNIVERSIDADE,SUL,PORTO ALEGRE,PROFISSIONAL,42001013175P3,SEGURANÇA CIDADÃ,CITIZEN SECURITY,RS,MESTRADO PROFISSIONAL,3,NA,2017,NÃO,NA,EM FUNCIONAMENTO,14SEP2017:00:00:00,140150,75619,NA,2018,prog,POLÍTICAS PÚBLICAS,2017,2018
2018,CIÊNCIAS HUMANAS,CIÊNCIA POLÍTICA,NÃO SE APLICA,NÃO SE APLICA,39,CIÊNCIA POLÍTICA E RELAÇÕES INTERNACIONAIS,42001013,581,UFRGS,UNIVERSIDADE FEDERAL DO RIO GRANDE DO SUL,FEDERAL,PÚBLICA,UNIVERSIDADE,SUL,PORTO ALEGRE,ACADÊMICO,42001013156P9,POLÍTICAS PÚBLICAS,POSTGRADUATE PROGRAM IN PUBLIC POLICY,RS,MESTRADO/DOUTORADO,5,NA,2015/2015,NÃO,NA,EM FUNCIONAMENTO,16APR2015:00:00:00,167171,101100,NA,2018,prog,CIÊNCIA POLÍTICA,2015,2018
2018,CIÊNCIAS HUMANAS,CIÊNCIA POLÍTICA,NÃO SE APLICA,NÃO SE APLICA,39,CIÊNCIA POLÍTICA E RELAÇÕES INTERNACIONAIS,42003016,634,UFPEL,UNIVERSIDADE FEDERAL DE PELOTAS,FEDERAL,PÚBLICA,UNIVERSIDADE,SUL,PELOTAS,ACADÊMICO,42003016037P2,CIÊNCIA POLÍTICA,POLITICAL SCIENCE,RS,MESTRADO/DOUTORADO,4,NA,2011/2016,NÃO,NA,EM FUNCIONAMENTO,28JAN2013:00:00:00,163802,97719,NA,2018,prog,CIÊNCIA POLÍTICA,2011,2018
2018,CIÊNCIAS HUMANAS,CIÊNCIA POLÍTICA,POLÍTICAS PÚBLICAS,NÃO SE APLICA,39,CIÊNCIA POLÍTICA E RELAÇÕES INTERNACIONAIS,42046017,5322,UNIPAMPA,FUNDAÇÃO UNIVERSIDADE FEDERAL DO PAMPA,FEDERAL,PÚBLICA,UNIVERSIDADE,SUL,BAGÉ,PROFISSIONAL,42046017012P6,POLÍTICAS PÚBLICAS,GRADUATE PROGRAM IN PUBLIC POLICY,RS,MESTRADO PROFISSIONAL,3,NA,2016,NÃO,NA,EM FUNCIONAMENTO,22DEC2015:00:00:00,172334,105998,NA,2018,prog,POLÍTICAS PÚBLICAS,2016,2018
2018,CIÊNCIAS HUMANAS,CIÊNCIA POLÍTICA,NÃO SE APLICA,NÃO SE APLICA,39,CIÊNCIA POLÍTICA E RELAÇÕES INTERNACIONAIS,52001016,584,UFG,UNIVERSIDADE FEDERAL DE GOIÁS,FEDERAL,PÚBLICA,UNIVERSIDADE,CENTRO-OESTE,GOIÂNIA,ACADÊMICO,52001016055P6,CIÊNCIA POLÍTICA,GRADUATE PROGRAM IN POLITICAL SCIENCE,GO,MESTRADO,3,NA,2012,NÃO,NA,EM FUNCIONAMENTO,23MAR2012:00:00:00,136133,72187,NA,2018,prog,CIÊNCIA POLÍTICA,2012,2018
2018,CIÊNCIAS HUMANAS,CIÊNCIA POLÍTICA,NÃO SE APLICA,NÃO SE APLICA,39,CIÊNCIA POLÍTICA E RELAÇÕES INTERNACIONAIS,53001010,2,UNB,UNIVERSIDADE DE BRASÍLIA,FEDERAL,PÚBLICA,UNIVERSIDADE,CENTRO-OESTE,BRASÍLIA,ACADÊMICO,53001010026P2,CIÊNCIA POLÍTICA,GRADUATE PROGRAM IN POLITICAL SCIENCE,DF,MESTRADO/DOUTORADO,6,NA,1984/2008,NÃO,NA,EM FUNCIONAMENTO,12MAR2014:00:00:00,169960,103762,NA,2018,prog,CIÊNCIA POLÍTICA,1984,2018
2018,CIÊNCIAS HUMANAS,CIÊNCIA POLÍTICA,POLÍTICA INTERNACIONAL,NÃO SE APLICA,39,CIÊNCIA POLÍTICA E RELAÇÕES INTERNACIONAIS,53001010,2,UNB,UNIVERSIDADE DE BRASÍLIA,FEDERAL,PÚBLICA,UNIVERSIDADE,CENTRO-OESTE,BRASÍLIA,ACADÊMICO,53001010025P6,RELAÇÕES INTERNACIONAIS,INTERNATIONAL RELATIONS,DF,MESTRADO/DOUTORADO,6,NA,1984/2002,NÃO,NA,EM FUNCIONAMENTO,29OCT2012:00:00:00,137742,73627,NA,2018,prog,POLÍTICA INTERNACIONAL,1984,2018
2018,CIÊNCIAS HUMANAS,CIÊNCIA POLÍTICA,ESTADO E GOVERNO,NÃO SE APLICA,39,CIÊNCIA POLÍTICA E RELAÇÕES INTERNACIONAIS,53013018,NI,ENAP,FUNDAÇÃO ESCOLA NACIONAL DE ADMINISTRAÇÃO PÚBLICA,FEDERAL,PÚBLICA,NÃO INFORMADO,CENTRO-OESTE,BRASÍLIA,PROFISSIONAL,53013018001P0,GOVERNANÇA E DESENVOLVIMENTO,PROFESSIONAL MASTERS IN GOVERNANCE AND DEVELOPMENT,DF,MESTRADO PROFISSIONAL,3,NA,2017,NÃO,NA,EM FUNCIONAMENTO,23JAN2017:00:00:00,134888,71013,NA,2018,prog,ESTADO E GOVERNO,2017,2018
2018,CIÊNCIAS HUMANAS,CIÊNCIA POLÍTICA,NÃO SE APLICA,NÃO SE APLICA,39,CIÊNCIA POLÍTICA E RELAÇÕES INTERNACIONAIS,53017013,1113,UNIEURO,CENTRO UNIVERSITÁRIO EURO-AMERICANO,PARTICULAR,PRIVADA,CENTRO UNIVERSITÁRIO,CENTRO-OESTE,BRASÍLIA,ACADÊMICO,53017013001P6,"DIREITOS HUMANOS, CIDADANIA E VIOLÊNCIA","HUMAN RIGHTS, CITIZENSHIP AND VIOLENCE",DF,MESTRADO,3,NA,2006,NÃO,NA,EM FUNCIONAMENTO,03APR2013:00:00:00,176905,109611,NA,2018,prog,CIÊNCIA POLÍTICA,2006,2018
2018,CIÊNCIAS HUMANAS,CIÊNCIA POLÍTICA,NÃO SE APLICA,NÃO SE APLICA,39,CIÊNCIA POLÍTICA E RELAÇÕES INTERNACIONAIS,53037014,NI,CEFOR,"CENTRO DE FORMAÇÃO, TREINAMENTO E APERFEIÇOAMENTO",FEDERAL,PÚBLICA,NÃO INFORMADO,CENTRO-OESTE,BRASÍLIA,PROFISSIONAL,53037014001P0,PODER LEGISLATIVO,MA IN LEGISLATIVE AFFAIRS,DF,MESTRADO PROFISSIONAL,4,NA,2013,NÃO,NA,EM FUNCIONAMENTO,30AUG2012:00:00:00,166259,100279,NA,2018,prog,CIÊNCIA POLÍTICA,2013,2018
2019,CIÊNCIAS HUMANAS,CIÊNCIA POLÍTICA,POLÍTICA INTERNACIONAL,"RELAÇÕES INTERNACIONAIS, BILATERAIS E MULTILATERAIS",39,CIÊNCIA POLÍTICA E RELAÇÕES INTERNACIONAIS,14001012,830,UNIFAP,UNIVERSIDADE FEDERAL DO AMAPÁ,FEDERAL,PÚBLICA,UNIVERSIDADE,NORTE,MACAPÁ,PROFISSIONAL,14001012156P0,ESTUDOS DE FRONTEIRA,BORDER STUDIES,AP,MESTRADO PROFISSIONAL,3,NA,2017,NÃO,NA,EM FUNCIONAMENTO,22MAR2017:00:00:00,159822,94632,NA,2019,prog,"RELAÇÕES INTERNACIONAIS, BILATERAIS E MULTILATERAIS",2017,2019
2019,CIÊNCIAS HUMANAS,CIÊNCIA POLÍTICA,NÃO SE APLICA,NÃO SE APLICA,39,CIÊNCIA POLÍTICA E RELAÇÕES INTERNACIONAIS,15001016,569,UFPA,UNIVERSIDADE FEDERAL DO PARÁ,FEDERAL,PÚBLICA,UNIVERSIDADE,NORTE,BELÉM,ACADÊMICO,15001016053P9,CIÊNCIA POLÍTICA,PROGRAM IN CIENCIA POLITIC,PA,MESTRADO,3,NA,2008,NÃO,NA,EM FUNCIONAMENTO,18MAR2014:00:00:00,169934,103700,NA,2019,prog,CIÊNCIA POLÍTICA,2008,2019
2019,CIÊNCIAS HUMANAS,CIÊNCIA POLÍTICA,NÃO SE APLICA,NÃO SE APLICA,39,CIÊNCIA POLÍTICA E RELAÇÕES INTERNACIONAIS,21001014,5,FUFPI,FUNDAÇÃO UNIVERSIDADE FEDERAL DO PIAUÍ,FEDERAL,PÚBLICA,UNIVERSIDADE,NORDESTE,TERESINA,ACADÊMICO,21001014082P6,CIÊNCIA POLÍTICA,. POLITICAL SCIENCE AND INTERNATIONAL RELATIONS,PI,MESTRADO,A,NA,2019,NÃO,NA,EM FUNCIONAMENTO,23AUG2019:00:00:00,175129,108269,NA,2019,prog,CIÊNCIA POLÍTICA,2019,2019
2019,CIÊNCIAS HUMANAS,CIÊNCIA POLÍTICA,POLÍTICAS PÚBLICAS,NÃO SE APLICA,39,CIÊNCIA POLÍTICA E RELAÇÕES INTERNACIONAIS,22003010,29,UECE,UNIVERSIDADE ESTADUAL DO CEARÁ,ESTADUAL,PÚBLICA,UNIVERSIDADE,NORDESTE,FORTALEZA,PROFISSIONAL,22003010019P8,PLANEJAMENTO E POLITICAS PÚBLICAS,PLANNING AND PUBLIC POLICY,CE,MESTRADO PROFISSIONAL,4,NA,2006,NÃO,NA,EM FUNCIONAMENTO,10OCT2013:00:00:00,176087,109084,NA,2019,prog,POLÍTICAS PÚBLICAS,2006,2019
2019,CIÊNCIAS HUMANAS,CIÊNCIA POLÍTICA,POLÍTICAS PÚBLICAS,NÃO SE APLICA,39,CIÊNCIA POLÍTICA E RELAÇÕES INTERNACIONAIS,22003010,29,UECE,UNIVERSIDADE ESTADUAL DO CEARÁ,ESTADUAL,PÚBLICA,UNIVERSIDADE,NORDESTE,FORTALEZA,ACADÊMICO,22003010074P9,POLÍTICAS PÚBLICAS,PUBLIC POLICY,CE,DOUTORADO,4,NA,2017,NÃO,NA,EM FUNCIONAMENTO,06APR2017:00:00:00,176093,109090,NA,2019,prog,POLÍTICAS PÚBLICAS,2017,2019
2019,CIÊNCIAS HUMANAS,CIÊNCIA POLÍTICA,NÃO SE APLICA,NÃO SE APLICA,39,CIÊNCIA POLÍTICA E RELAÇÕES INTERNACIONAIS,24001015,NI,UFPB-JP,UNIVERSIDADE FEDERAL DA PARAÍBA ( JOÃO PESSOA ),FEDERAL,PÚBLICA,NÃO INFORMADO,NORDESTE,JOÃO PESSOA,ACADÊMICO,24001015080P1,CIÊNCIA POLÍTICA E RELAÇÕES INTERNACIONAIS,POLITICAL SCIENCE AND INTERNATIONAL RELATIONS,PB,MESTRADO,3,NA,2016,NÃO,NA,EM FUNCIONAMENTO,19MAY2016:00:00:00,154516,88582,NA,2019,prog,CIÊNCIA POLÍTICA,2016,2019
2019,CIÊNCIAS HUMANAS,CIÊNCIA POLÍTICA,NÃO SE APLICA,NÃO SE APLICA,39,CIÊNCIA POLÍTICA E RELAÇÕES INTERNACIONAIS,24004014,550,UEPB,UNIVERSIDADE ESTADUAL DA PARAIBA,ESTADUAL,PÚBLICA,UNIVERSIDADE,NORDESTE,JOÃO PESSOA,ACADÊMICO,24004014007P1,RELAÇOES INTERNACIONAIS,"GRADUATE PROGRAM IN INTERNATIONAL RELATIONS, STATE UNIVERSITY OF PARAIBA",PB,MESTRADO,4,NA,2008,NÃO,NA,EM FUNCIONAMENTO,16AUG2012:00:00:00,175671,108719,NA,2019,prog,CIÊNCIA POLÍTICA,2008,2019
2019,CIÊNCIAS HUMANAS,CIÊNCIA POLÍTICA,NÃO SE APLICA,NÃO SE APLICA,39,CIÊNCIA POLÍTICA E RELAÇÕES INTERNACIONAIS,24009016,2564,UFCG,UNIVERSIDADE FEDERAL DE CAMPINA GRANDE,FEDERAL,PÚBLICA,UNIVERSIDADE,NORDESTE,CAMPINA GRANDE,ACADÊMICO,24009016171P8,CIÊNCIA POLÍTICA,GRADUATE PROGRAM OF POLITICAL SCIENCE AT UNIVERSIDADE FEDERAL DE CAMPINA GRANDE (UFCG),PB,MESTRADO,3,NA,2017,NÃO,NA,EM FUNCIONAMENTO,14MAR2017:00:00:00,158629,93702,NA,2019,prog,CIÊNCIA POLÍTICA,2017,2019
2019,CIÊNCIAS HUMANAS,CIÊNCIA POLÍTICA,NÃO SE APLICA,NÃO SE APLICA,39,CIÊNCIA POLÍTICA E RELAÇÕES INTERNACIONAIS,25001019,580,UFPE,UNIVERSIDADE FEDERAL DE PERNAMBUCO,FEDERAL,PÚBLICA,UNIVERSIDADE,NORDESTE,RECIFE,ACADÊMICO,25001019033P6,CIÊNCIA POLÍTICA,POLITICAL SCIENCE,PE,MESTRADO/DOUTORADO,6,NA,1982/2002,NÃO,NA,EM FUNCIONAMENTO,29JAN2014:00:00:00,156199,91595,NA,2019,prog,CIÊNCIA POLÍTICA,1982,2019
2019,CIÊNCIAS HUMANAS,CIÊNCIA POLÍTICA,NÃO SE APLICA,NÃO SE APLICA,39,CIÊNCIA POLÍTICA E RELAÇÕES INTERNACIONAIS,25001019,580,UFPE,UNIVERSIDADE FEDERAL DE PERNAMBUCO,FEDERAL,PÚBLICA,UNIVERSIDADE,NORDESTE,RECIFE,PROFISSIONAL,25001019091P6,POLÍTICAS PÚBLICAS,POLITICAL SCIENCE,PE,MESTRADO PROFISSIONAL,3,NA,2014,NÃO,NA,EM FUNCIONAMENTO,20NOV2013:00:00:00,156651,92034,NA,2019,prog,CIÊNCIA POLÍTICA,2014,2019
2019,CIÊNCIAS HUMANAS,CIÊNCIA POLÍTICA,POLÍTICA INTERNACIONAL,"RELAÇÕES INTERNACIONAIS, BILATERAIS E MULTILATERAIS",39,CIÊNCIA POLÍTICA E RELAÇÕES INTERNACIONAIS,28001010,578,UFBA,UNIVERSIDADE FEDERAL DA BAHIA,FEDERAL,PÚBLICA,UNIVERSIDADE,NORDESTE,SALVADOR,ACADÊMICO,28001010094P7,RELAÇÕES INTERNACIONAIS,M.A. IN INTERNATIONAL RELATIONS,BA,MESTRADO,4,NA,2014,NÃO,NA,EM FUNCIONAMENTO,05DEC2013:00:00:00,171639,105338,NA,2019,prog,"RELAÇÕES INTERNACIONAIS, BILATERAIS E MULTILATERAIS",2014,2019
2019,CIÊNCIAS HUMANAS,CIÊNCIA POLÍTICA,POLÍTICAS PÚBLICAS,NÃO SE APLICA,39,CIÊNCIA POLÍTICA E RELAÇÕES INTERNACIONAIS,28022017,4503,UFRB,UNIVERSIDADE FEDERAL DO RECÔNCAVO DA BAHIA,FEDERAL,PÚBLICA,UNIVERSIDADE,NORDESTE,CRUZ DAS ALMAS,PROFISSIONAL,28022017008P0,GESTÃO DE POLÍTICAS PÚBLICAS E SEGURANÇA SOCIAL,MANAGEMENT OF PUBLIC POLICY AND SOCIAL SECURITY,BA,MESTRADO PROFISSIONAL,3,NA,2011,NÃO,NA,EM FUNCIONAMENTO,12FEB2014:00:00:00,172892,106565,NA,2019,prog,POLÍTICAS PÚBLICAS,2011,2019
2019,CIÊNCIAS HUMANAS,CIÊNCIA POLÍTICA,NÃO SE APLICA,NÃO SE APLICA,39,CIÊNCIA POLÍTICA E RELAÇÕES INTERNACIONAIS,31001017,586,UFRJ,UNIVERSIDADE FEDERAL DO RIO DE JANEIRO,FEDERAL,PÚBLICA,UNIVERSIDADE,SUDESTE,RIO DE JANEIRO,ACADÊMICO,31001017160P5,POLÍTICAS PÚBLICAS EM DIREITOS HUMANOS,POST-GRADUATE PROGRAM IN PUBLIC POLICIES ON HUMAN RIGHTS,RJ,MESTRADO,3,NA,2015,NÃO,NA,EM FUNCIONAMENTO,25MAY2015:00:00:00,166385,100405,NA,2019,prog,CIÊNCIA POLÍTICA,2015,2019
2019,CIÊNCIAS HUMANAS,CIÊNCIA POLÍTICA,NÃO SE APLICA,NÃO SE APLICA,39,CIÊNCIA POLÍTICA E RELAÇÕES INTERNACIONAIS,31001017,586,UFRJ,UNIVERSIDADE FEDERAL DO RIO DE JANEIRO,FEDERAL,PÚBLICA,UNIVERSIDADE,SUDESTE,RIO DE JANEIRO,ACADÊMICO,31001017137P3,ECONOMIA POLÍTICA INTERNACIONAL,INTERNATIONAL POLITICAL ECONOMY,RJ,MESTRADO/DOUTORADO,3,NA,2009/2009,NÃO,NA,EM FUNCIONAMENTO,09AUG2013:00:00:00,167503,101391,NA,2019,prog,CIÊNCIA POLÍTICA,2009,2019
2019,CIÊNCIAS HUMANAS,CIÊNCIA POLÍTICA,NÃO SE APLICA,NÃO SE APLICA,39,CIÊNCIA POLÍTICA E RELAÇÕES INTERNACIONAIS,31003010,572,UFF,UNIVERSIDADE FEDERAL FLUMINENSE,FEDERAL,PÚBLICA,UNIVERSIDADE,SUDESTE,NITERÓI,ACADÊMICO,31003010033P0,CIÊNCIA POLÍTICA,GRADUATE PROGRAM IN POLITICAL SCIENCE,RJ,MESTRADO/DOUTORADO,4,NA,1994/2006,NÃO,NA,EM FUNCIONAMENTO,07AUG2010:00:00:00,177932,110430,NA,2019,prog,CIÊNCIA POLÍTICA,1994,2019
2019,CIÊNCIAS HUMANAS,CIÊNCIA POLÍTICA,NÃO SE APLICA,NÃO SE APLICA,39,CIÊNCIA POLÍTICA E RELAÇÕES INTERNACIONAIS,31003010,572,UFF,UNIVERSIDADE FEDERAL FLUMINENSE,FEDERAL,PÚBLICA,UNIVERSIDADE,SUDESTE,NITERÓI,PROFISSIONAL,31003010057P6,DEFESA E SEGURANÇA CIVIL,MASTER OF CIVIL DEFENSE AND SECURITY,RJ,MESTRADO PROFISSIONAL,3,NA,2007,NÃO,NA,EM FUNCIONAMENTO,15MAR2013:00:00:00,175847,108887,NA,2019,prog,CIÊNCIA POLÍTICA,2007,2019
2019,CIÊNCIAS HUMANAS,CIÊNCIA POLÍTICA,ESTADO E GOVERNO,NÃO SE APLICA,39,CIÊNCIA POLÍTICA E RELAÇÕES INTERNACIONAIS,31003010,572,UFF,UNIVERSIDADE FEDERAL FLUMINENSE,FEDERAL,PÚBLICA,UNIVERSIDADE,SUDESTE,NITERÓI,ACADÊMICO,31003010062P0,ESTUDOS ESTRATÉGICOS DA DEFESA E DA SEGURANÇA,STRATEGIC STUDIES AND DEFENSE GRADUATE PROGRAMME,RJ,MESTRADO/DOUTORADO,4,NA,2008/2019,NÃO,NA,EM FUNCIONAMENTO,07AUG2010:00:00:00,175417,108548,NA,2019,prog,ESTADO E GOVERNO,2008,2019
2019,CIÊNCIAS HUMANAS,CIÊNCIA POLÍTICA,NÃO SE APLICA,NÃO SE APLICA,39,CIÊNCIA POLÍTICA E RELAÇÕES INTERNACIONAIS,31004016,547,UERJ,UNIVERSIDADE DO ESTADO DO RIO DE JANEIRO,ESTADUAL,PÚBLICA,UNIVERSIDADE,SUDESTE,RIO DE JANEIRO,ACADÊMICO,31004016061P6,CIÊNCIA POLÍTICA,GRADUATE PROGRAM IN POLITICAL SCIENCE,RJ,MESTRADO/DOUTORADO,6,NA,2010/2010,NÃO,NA,EM FUNCIONAMENTO,11APR2013:00:00:00,170570,104336,NA,2019,prog,CIÊNCIA POLÍTICA,2010,2019
2019,CIÊNCIAS HUMANAS,CIÊNCIA POLÍTICA,POLÍTICA INTERNACIONAL,NÃO SE APLICA,39,CIÊNCIA POLÍTICA E RELAÇÕES INTERNACIONAIS,31004016,547,UERJ,UNIVERSIDADE DO ESTADO DO RIO DE JANEIRO,ESTADUAL,PÚBLICA,UNIVERSIDADE,SUDESTE,RIO DE JANEIRO,ACADÊMICO,31004016057P9,RELAÇÕES INTERNACIONAIS,GRADUATE PROGRAM OF INTERNATIONAL RELATIONS,RJ,MESTRADO/DOUTORADO,4,NA,2009/2015,NÃO,NA,EM FUNCIONAMENTO,15JAN2013:00:00:00,167483,101414,NA,2019,prog,POLÍTICA INTERNACIONAL,2009,2019
2019,CIÊNCIAS HUMANAS,CIÊNCIA POLÍTICA,POLÍTICA INTERNACIONAL,"INTEGRAÇÃO INTERNACIONAL, CONFLITO, GUERRA E PAZ",39,CIÊNCIA POLÍTICA E RELAÇÕES INTERNACIONAIS,31005012,528,PUC-RIO,PONTIFÍCIA UNIVERSIDADE CATÓLICA DO RIO DE JANEIRO,PARTICULAR,PRIVADA,UNIVERSIDADE,SUDESTE,RIO DE JANEIRO,PROFISSIONAL,31005012157P0,ANÁLISE E GESTÃO DE POLÍTICAS INTERNACIONAIS: RESOLUÇÃO DE CONFLITOS E COOPERAÇÃO PARA O DESENVOLVIMENTO,PROFESSIONAL MASTER IN ANALYSIS AND MANAGEMENT OF INTERNATIONAL POLICIES: CONFLICT RESOLUTION AND COOPERATION FOR THE DEVELOPMENT,RJ,MESTRADO PROFISSIONAL,3,NA,2016,NÃO,NA,EM FUNCIONAMENTO,19MAY2016:00:00:00,168701,102643,NA,2019,prog,"INTEGRAÇÃO INTERNACIONAL, CONFLITO, GUERRA E PAZ",2016,2019
2019,CIÊNCIAS HUMANAS,CIÊNCIA POLÍTICA,POLÍTICA INTERNACIONAL,"RELAÇÕES INTERNACIONAIS, BILATERAIS E MULTILATERAIS",39,CIÊNCIA POLÍTICA E RELAÇÕES INTERNACIONAIS,31005012,528,PUC-RIO,PONTIFÍCIA UNIVERSIDADE CATÓLICA DO RIO DE JANEIRO,PARTICULAR,PRIVADA,UNIVERSIDADE,SUDESTE,RIO DE JANEIRO,ACADÊMICO,31005012026P2,RELAÇÕES INTERNACIONAIS,INSTITUTE OF INTERNATIONAL RELATIONS,RJ,MESTRADO/DOUTORADO,5,NA,1987/2001,NÃO,NA,EM FUNCIONAMENTO,19FEB2014:00:00:00,168424,102316,NA,2019,prog,"RELAÇÕES INTERNACIONAIS, BILATERAIS E MULTILATERAIS",1987,2019
2019,CIÊNCIAS HUMANAS,CIÊNCIA POLÍTICA,NÃO SE APLICA,NÃO SE APLICA,39,CIÊNCIA POLÍTICA E RELAÇÕES INTERNACIONAIS,31021018,693,UNIRIO,UNIVERSIDADE FEDERAL DO ESTADO DO RIO DE JANEIRO,FEDERAL,PÚBLICA,UNIVERSIDADE,SUDESTE,RIO DE JANEIRO,ACADÊMICO,31021018157P8,CIÊNCIA POLÍTICA,POLITICAL SCIENCE,RJ,MESTRADO,3,NA,2017,NÃO,NA,EM FUNCIONAMENTO,03APR2017:00:00:00,166506,100526,NA,2019,prog,CIÊNCIA POLÍTICA,2017,2019
2019,CIÊNCIAS HUMANAS,CIÊNCIA POLÍTICA,NÃO SE APLICA,NÃO SE APLICA,39,CIÊNCIA POLÍTICA E RELAÇÕES INTERNACIONAIS,31070019,NI,EGN,ESCOLA DE GUERRA NAVAL,FEDERAL,PÚBLICA,NÃO INFORMADO,SUDESTE,RIO DE JANEIRO,PROFISSIONAL,31070019001P0,ESTUDOS MARÍTIMOS,MARITIME STUDIES POSTGRADUATE PROGRAM,RJ,MESTRADO PROFISSIONAL/DOUTORADO PROFISSIONAL,5,NA,2014,NÃO,NA,EM FUNCIONAMENTO,13FEB2014:00:00:00,173880,107304,NA,2019,prog,CIÊNCIA POLÍTICA,2014,2019
2019,CIÊNCIAS HUMANAS,CIÊNCIA POLÍTICA,NÃO SE APLICA,NÃO SE APLICA,39,CIÊNCIA POLÍTICA E RELAÇÕES INTERNACIONAIS,31096018,NI,UNIFA,UNIVERSIDADE DA FORCA AEREA,FEDERAL,PÚBLICA,NÃO INFORMADO,SUDESTE,RIO DE JANEIRO,PROFISSIONAL,31096018001P2,CIÊNCIAS AEROESPACIAIS,AEROSPACE SCIENCES,RJ,MESTRADO PROFISSIONAL,4,NA,2012,NÃO,NA,EM FUNCIONAMENTO,24APR2013:00:00:00,175160,108303,NA,2019,prog,CIÊNCIA POLÍTICA,2012,2019
2019,CIÊNCIAS HUMANAS,CIÊNCIA POLÍTICA,NÃO SE APLICA,NÃO SE APLICA,39,CIÊNCIA POLÍTICA E RELAÇÕES INTERNACIONAIS,31098010,NI,ECEME,ESCOLA DE COMANDO E ESTADO-MAIOR DO EXÉRCITO,FEDERAL,PÚBLICA,NÃO INFORMADO,SUDESTE,RIO DE JANEIRO,ACADÊMICO,31098010001P5,CIÊNCIAS MILITARES,MASTER OF ARTS AND SCIENCES IN MILITARY SCIENCE,RJ,MESTRADO/DOUTORADO,4,NA,2013/2016,NÃO,NA,EM FUNCIONAMENTO,01NOV2013:00:00:00,174933,108077,NA,2019,prog,CIÊNCIA POLÍTICA,2013,2019
2019,CIÊNCIAS HUMANAS,CIÊNCIA POLÍTICA,NÃO SE APLICA,NÃO SE APLICA,39,CIÊNCIA POLÍTICA E RELAÇÕES INTERNACIONAIS,32001010,575,UFMG,UNIVERSIDADE FEDERAL DE MINAS GERAIS,FEDERAL,PÚBLICA,UNIVERSIDADE,SUDESTE,BELO HORIZONTE,ACADÊMICO,32001010011P2,CIÊNCIA POLÍTICA,GRADUATE PROGRAM IN POLITICAL SCIENCE,MG,MESTRADO/DOUTORADO,7,NA,1969/2006,NÃO,NA,EM FUNCIONAMENTO,13MAR2014:00:00:00,171347,105061,NA,2019,prog,CIÊNCIA POLÍTICA,1969,2019
2019,CIÊNCIAS HUMANAS,CIÊNCIA POLÍTICA,POLÍTICA INTERNACIONAL,NÃO SE APLICA,39,CIÊNCIA POLÍTICA E RELAÇÕES INTERNACIONAIS,32006012,17,UFU,UNIVERSIDADE FEDERAL DE UBERLÂNDIA,FEDERAL,PÚBLICA,UNIVERSIDADE,SUDESTE,UBERLÂNDIA,ACADÊMICO,32006012072P3,RELAÇÕES INTERNACIONAIS,INTERNATIONAL RELATIONS,MG,MESTRADO,3,NA,2015,NÃO,NA,EM FUNCIONAMENTO,19MAR2015:00:00:00,147071,83599,NA,2019,prog,POLÍTICA INTERNACIONAL,2015,2019
2019,CIÊNCIAS HUMANAS,CIÊNCIA POLÍTICA,POLÍTICA INTERNACIONAL,NÃO SE APLICA,39,CIÊNCIA POLÍTICA E RELAÇÕES INTERNACIONAIS,32008015,338,PUC/MG,PONTIFÍCIA UNIVERSIDADE CATÓLICA DE MINAS GERAIS,PARTICULAR,PRIVADA,UNIVERSIDADE,SUDESTE,BELO HORIZONTE,ACADÊMICO,32008015017P5,RELAÇÕES INTERNACIONAIS: POLÍTICA INTERNACIONAL,GRADUATE PROGRAM IN INTERNATIONAL RELATIONS,MG,MESTRADO/DOUTORADO,5,NA,2007/2012,NÃO,NA,EM FUNCIONAMENTO,06SEP2012:00:00:00,172146,105837,NA,2019,prog,POLÍTICA INTERNACIONAL,2007,2019
2019,CIÊNCIAS HUMANAS,CIÊNCIA POLÍTICA,NÃO SE APLICA,NÃO SE APLICA,39,CIÊNCIA POLÍTICA E RELAÇÕES INTERNACIONAIS,32025017,1036,UEMG,UNIVERSIDADE DO ESTADO DE MINAS GERAIS,ESTADUAL,PÚBLICA,UNIVERSIDADE,SUDESTE,BELO HORIZONTE,PROFISSIONAL,32025017005P1,SEGURANÇA PÚBLICA E CIDADANIA,PUBLIC SECURITY AND CITIZENSHIP,MG,MESTRADO PROFISSIONAL,A,NA,2019,NÃO,NA,EM FUNCIONAMENTO,30AUG2019:00:00:00,176661,109401,NA,2019,prog,CIÊNCIA POLÍTICA,2019,2019
2019,CIÊNCIAS HUMANAS,CIÊNCIA POLÍTICA,NÃO SE APLICA,NÃO SE APLICA,39,CIÊNCIA POLÍTICA E RELAÇÕES INTERNACIONAIS,33001014,7,UFSCAR,UNIVERSIDADE FEDERAL DE SÃO CARLOS,FEDERAL,PÚBLICA,UNIVERSIDADE,SUDESTE,SÃO CARLOS,ACADÊMICO,33001014026P2,CIENCIA POLITICA,GRADUATE STUDIES PROGRAM IN POLITICAL SCIENCE,SP,MESTRADO/DOUTORADO,5,NA,2008/2008,NÃO,NA,EM FUNCIONAMENTO,15JAN2014:00:00:00,168344,102236,NA,2019,prog,CIÊNCIA POLÍTICA,2008,2019
2019,CIÊNCIAS HUMANAS,CIÊNCIA POLÍTICA,POLÍTICA INTERNACIONAL,"RELAÇÕES INTERNACIONAIS, BILATERAIS E MULTILATERAIS",39,CIÊNCIA POLÍTICA E RELAÇÕES INTERNACIONAIS,33002010,55,USP,UNIVERSIDADE DE SÃO PAULO,ESTADUAL,PÚBLICA,UNIVERSIDADE,SUDESTE,SÃO PAULO,ACADÊMICO,33002010208P0,RELAÇÕES INTERNACIONAIS,INTERNATIONAL RELATIONS,SP,MESTRADO/DOUTORADO,4,NA,2009/2009,NÃO,NA,EM FUNCIONAMENTO,04NOV2013:00:00:00,165934,99977,NA,2019,prog,"RELAÇÕES INTERNACIONAIS, BILATERAIS E MULTILATERAIS",2009,2019
2019,CIÊNCIAS HUMANAS,CIÊNCIA POLÍTICA,NÃO SE APLICA,NÃO SE APLICA,39,CIÊNCIA POLÍTICA E RELAÇÕES INTERNACIONAIS,33002010,55,USP,UNIVERSIDADE DE SÃO PAULO,ESTADUAL,PÚBLICA,UNIVERSIDADE,SUDESTE,SÃO PAULO,ACADÊMICO,33002010030P6,CIÊNCIA POLÍTICA,GRADUATE STUDIES IN POLITICAL SCIENCE AT UNIVERSITY OF SÃO PAULO,SP,MESTRADO/DOUTORADO,7,NA,1974/1974,NÃO,NA,EM FUNCIONAMENTO,01JUN2010:00:00:00,167727,101656,NA,2019,prog,CIÊNCIA POLÍTICA,1974,2019
2019,CIÊNCIAS HUMANAS,CIÊNCIA POLÍTICA,NÃO SE APLICA,NÃO SE APLICA,39,CIÊNCIA POLÍTICA E RELAÇÕES INTERNACIONAIS,33003017,54,UNICAMP,UNIVERSIDADE ESTADUAL DE CAMPINAS,ESTADUAL,PÚBLICA,UNIVERSIDADE,SUDESTE,CAMPINAS,ACADÊMICO,33003017017P6,CIÊNCIA POLÍTICA,GRADUATE PROGRAM IN POLITICAL SCIENCE AT UNICAMP,SP,MESTRADO/DOUTORADO,6,NA,1974/2006,NÃO,NA,EM FUNCIONAMENTO,16APR2013:00:00:00,174238,107654,NA,2019,prog,CIÊNCIA POLÍTICA,1974,2019
2019,CIÊNCIAS HUMANAS,CIÊNCIA POLÍTICA,POLÍTICA INTERNACIONAL,NÃO SE APLICA,39,CIÊNCIA POLÍTICA E RELAÇÕES INTERNACIONAIS,33004013,56,UNESP-REITORIA,UNIVERSIDADE ESTADUAL PAULISTA JÚLIO DE MESQUITA FILHO (SEDE),ESTADUAL,PÚBLICA,UNIVERSIDADE,SUDESTE,SÃO PAULO,ACADÊMICO,33004110044P0,RELAÇÕES INTERNACIONAIS (UNESP - UNICAMP - PUC-SP),"GRADUATE PROGRAM IN INTERNATIONAL RELATIONS SAN TIAGO DANTAS (UNESP, UNICAMP, PUC-SP)",SP,MESTRADO/DOUTORADO,4,NA,2003/2011,SIM,UNICAMP;UNESP-MAR;PUC/SP,EM FUNCIONAMENTO,18JUN2013:00:00:00,175757,108799,NA,2019,prog,POLÍTICA INTERNACIONAL,2003,2019
2019,CIÊNCIAS HUMANAS,CIÊNCIA POLÍTICA,POLÍTICA INTERNACIONAL,"RELAÇÕES INTERNACIONAIS, BILATERAIS E MULTILATERAIS",39,CIÊNCIA POLÍTICA E RELAÇÕES INTERNACIONAIS,33005010,546,PUC/SP,PONTIFÍCIA UNIVERSIDADE CATÓLICA DE SÃO PAULO,PARTICULAR,PRIVADA,UNIVERSIDADE,SUDESTE,SÃO PAULO,PROFISSIONAL,33005010046P2,GOVERNANÇA GLOBAL E FORMULAÇÃO DE POLÍTICAS INTERNACIONAIS,GLOBAL GOVERNANCE AND INTERNATIONAL POLICY FORMULATION,SP,MESTRADO PROFISSIONAL,A,NA,2019,NÃO,NA,EM FUNCIONAMENTO,05FEB2019:00:00:00,155086,89788,NA,2019,prog,"RELAÇÕES INTERNACIONAIS, BILATERAIS E MULTILATERAIS",2019,2019
2019,CIÊNCIAS HUMANAS,CIÊNCIA POLÍTICA,NÃO SE APLICA,NÃO SE APLICA,39,CIÊNCIA POLÍTICA E RELAÇÕES INTERNACIONAIS,33011010,602,ITA,INSTITUTO TECNOLÓGICO DE AERONÁUTICA,FEDERAL,PÚBLICA,FACULDADE,SUDESTE,SÃO JOSÉ DOS CAMPOS,PROFISSIONAL,33011010014P0,SEGURANÇA DE AVIAÇÃO E AERONAVEGABILIDADE CONTINUADA,AVIATION SAFETY AND CONTINUED AIRWORTHINESS,SP,MESTRADO PROFISSIONAL,A,NA,2018,NÃO,NA,EM FUNCIONAMENTO,20FEB2019:00:00:00,164424,98298,NA,2019,prog,CIÊNCIA POLÍTICA,2018,2019
2019,CIÊNCIAS HUMANAS,CIÊNCIA POLÍTICA,POLÍTICA INTERNACIONAL,"RELAÇÕES INTERNACIONAIS, BILATERAIS E MULTILATERAIS",39,CIÊNCIA POLÍTICA E RELAÇÕES INTERNACIONAIS,33144010,4925,UFABC,UNIVERSIDADE FEDERAL DO ABC,FEDERAL,PÚBLICA,UNIVERSIDADE,SUDESTE,SANTO ANDRÉ,ACADÊMICO,33144010173P2,RELAÇÕES INTERNACIONAIS,INTERNATIONAL RELATIONS,SP,MESTRADO,A,NA,2019,NÃO,NA,EM FUNCIONAMENTO,24MAY2019:00:00:00,173352,106900,NA,2019,prog,"RELAÇÕES INTERNACIONAIS, BILATERAIS E MULTILATERAIS",2019,2019
2019,CIÊNCIAS HUMANAS,CIÊNCIA POLÍTICA,POLÍTICAS PÚBLICAS,NÃO SE APLICA,39,CIÊNCIA POLÍTICA E RELAÇÕES INTERNACIONAIS,33144010,4925,UFABC,UNIVERSIDADE FEDERAL DO ABC,FEDERAL,PÚBLICA,UNIVERSIDADE,SUDESTE,SÃO BERNARDO DO CAMPO,ACADÊMICO,33144010019P3,POLÍTICAS PÚBLICAS,PUBLIC POLICIES,SP,MESTRADO,3,NA,2014,NÃO,NA,EM FUNCIONAMENTO,28FEB2014:00:00:00,157717,92972,NA,2019,prog,POLÍTICAS PÚBLICAS,2014,2019
2019,CIÊNCIAS HUMANAS,CIÊNCIA POLÍTICA,NÃO SE APLICA,NÃO SE APLICA,39,CIÊNCIA POLÍTICA E RELAÇÕES INTERNACIONAIS,33324000,NI,ESG,ESCOLA SUPERIOR DE GUERRA,FEDERAL,PÚBLICA,NÃO INFORMADO,SUDESTE,RIO DE JANEIRO,ACADÊMICO,33324000001P2,SEGURANÇA INTERNACIONAL E DEFESA,INTERNATIONAL SECURITY AND DEFENSE,RJ,MESTRADO,A,NA,2019,NÃO,NA,EM FUNCIONAMENTO,28MAR2019:00:00:00,158364,93499,NA,2019,prog,CIÊNCIA POLÍTICA,2019,2019
2019,CIÊNCIAS HUMANAS,CIÊNCIA POLÍTICA,NÃO SE APLICA,NÃO SE APLICA,39,CIÊNCIA POLÍTICA E RELAÇÕES INTERNACIONAIS,40001016,571,UFPR,UNIVERSIDADE FEDERAL DO PARANÁ,FEDERAL,PÚBLICA,UNIVERSIDADE,SUL,CURITIBA,ACADÊMICO,40001016061P2,CIÊNCIA POLÍTICA,POLITICAL SCIENCE GRADUATE PROGRAM,PR,MESTRADO/DOUTORADO,5,NA,2009/2014,NÃO,NA,EM FUNCIONAMENTO,19MAR2013:00:00:00,172496,106205,NA,2019,prog,CIÊNCIA POLÍTICA,2009,2019
2019,CIÊNCIAS HUMANAS,CIÊNCIA POLÍTICA,POLÍTICAS PÚBLICAS,NÃO SE APLICA,39,CIÊNCIA POLÍTICA E RELAÇÕES INTERNACIONAIS,40004015,57,UEM,UNIVERSIDADE ESTADUAL DE MARINGÁ,ESTADUAL,PÚBLICA,UNIVERSIDADE,SUL,MARINGÁ,PROFISSIONAL,40004015033P8,POLÍTICAS PÚBLICAS,PUBLIC POLICIES,PR,MESTRADO PROFISSIONAL,3,NA,2010,NÃO,NA,EM FUNCIONAMENTO,13JUL2009:00:00:00,164155,98144,NA,2019,prog,POLÍTICAS PÚBLICAS,2010,2019
2019,CIÊNCIAS HUMANAS,CIÊNCIA POLÍTICA,POLÍTICA INTERNACIONAL,NÃO SE APLICA,39,CIÊNCIA POLÍTICA E RELAÇÕES INTERNACIONAIS,40043010,15001,UNILA,UNIVERSIDADE FEDERAL DA INTEGRAÇÃO LATINO-AMERICANA,FEDERAL,PÚBLICA,UNIVERSIDADE,SUL,FOZ DO IGUAÇU,ACADÊMICO,40043010009P0,RELAÇÕES INTERNACIONAIS,MASTER IN INTERNATIONAL RELATIONS,PR,MESTRADO,A,NA,2018,NÃO,NA,EM FUNCIONAMENTO,16MAY2019:00:00:00,148443,84403,NA,2019,prog,POLÍTICA INTERNACIONAL,2019,2019
2019,CIÊNCIAS HUMANAS,CIÊNCIA POLÍTICA,NÃO SE APLICA,NÃO SE APLICA,39,CIÊNCIA POLÍTICA E RELAÇÕES INTERNACIONAIS,40043010,15001,UNILA,UNIVERSIDADE FEDERAL DA INTEGRAÇÃO LATINO-AMERICANA,FEDERAL,PÚBLICA,UNIVERSIDADE,SUL,FOZ DO IGUAÇU,ACADÊMICO,40043010002P6,INTEGRAÇÃO CONTEMPORÂNEA DA AMÉRICA LATINA - ICAL,CONTEMPORARY LATIN AMERICAN INTEGRATION,PR,MESTRADO,3,NA,2014,NÃO,NA,EM FUNCIONAMENTO,15AUG2014:00:00:00,166800,100813,NA,2019,prog,CIÊNCIA POLÍTICA,2014,2019
2019,CIÊNCIAS HUMANAS,CIÊNCIA POLÍTICA,POLÍTICA INTERNACIONAL,"RELAÇÕES INTERNACIONAIS, BILATERAIS E MULTILATERAIS",39,CIÊNCIA POLÍTICA E RELAÇÕES INTERNACIONAIS,41001010,585,UFSC,UNIVERSIDADE FEDERAL DE SANTA CATARINA,FEDERAL,PÚBLICA,UNIVERSIDADE,SUL,FLORIANÓPOLIS,ACADÊMICO,41001010083P2,RELAÇÕES INTERNACIONAIS,MASTER'S PROGRAM IN INTERNATIONAL RELATIONS,SC,MESTRADO/DOUTORADO,4,NA,2011/2019,NÃO,NA,EM FUNCIONAMENTO,15MAR2013:00:00:00,165337,99510,NA,2019,prog,"RELAÇÕES INTERNACIONAIS, BILATERAIS E MULTILATERAIS",2011,2019
2019,CIÊNCIAS HUMANAS,CIÊNCIA POLÍTICA,POLÍTICAS PÚBLICAS,NÃO SE APLICA,39,CIÊNCIA POLÍTICA E RELAÇÕES INTERNACIONAIS,42001013,581,UFRGS,UNIVERSIDADE FEDERAL DO RIO GRANDE DO SUL,FEDERAL,PÚBLICA,UNIVERSIDADE,SUL,PORTO ALEGRE,PROFISSIONAL,42001013175P3,SEGURANÇA CIDADÃ,CITIZEN SECURITY,RS,MESTRADO PROFISSIONAL,3,NA,2017,NÃO,NA,EM FUNCIONAMENTO,14SEP2017:00:00:00,146295,83018,NA,2019,prog,POLÍTICAS PÚBLICAS,2017,2019
2019,CIÊNCIAS HUMANAS,CIÊNCIA POLÍTICA,NÃO SE APLICA,NÃO SE APLICA,39,CIÊNCIA POLÍTICA E RELAÇÕES INTERNACIONAIS,42001013,581,UFRGS,UNIVERSIDADE FEDERAL DO RIO GRANDE DO SUL,FEDERAL,PÚBLICA,UNIVERSIDADE,SUL,PORTO ALEGRE,ACADÊMICO,42001013033P4,CIÊNCIA POLÍTICA,POLITICAL SCIENCE,RS,MESTRADO/DOUTORADO,4,NA,1973/1996,NÃO,NA,EM FUNCIONAMENTO,07JAN2013:00:00:00,163083,97123,NA,2019,prog,CIÊNCIA POLÍTICA,1973,2019
2019,CIÊNCIAS HUMANAS,CIÊNCIA POLÍTICA,NÃO SE APLICA,NÃO SE APLICA,39,CIÊNCIA POLÍTICA E RELAÇÕES INTERNACIONAIS,42001013,581,UFRGS,UNIVERSIDADE FEDERAL DO RIO GRANDE DO SUL,FEDERAL,PÚBLICA,UNIVERSIDADE,SUL,PORTO ALEGRE,ACADÊMICO,42001013156P9,POLÍTICAS PÚBLICAS,POSTGRADUATE PROGRAM IN PUBLIC POLICY,RS,MESTRADO/DOUTORADO,5,NA,2015/2015,NÃO,NA,EM FUNCIONAMENTO,16APR2015:00:00:00,167185,101113,NA,2019,prog,CIÊNCIA POLÍTICA,2015,2019
2019,CIÊNCIAS HUMANAS,CIÊNCIA POLÍTICA,POLÍTICA INTERNACIONAL,"RELAÇÕES INTERNACIONAIS, BILATERAIS E MULTILATERAIS",39,CIÊNCIA POLÍTICA E RELAÇÕES INTERNACIONAIS,42001013,581,UFRGS,UNIVERSIDADE FEDERAL DO RIO GRANDE DO SUL,FEDERAL,PÚBLICA,UNIVERSIDADE,SUL,PORTO ALEGRE,ACADÊMICO,42001013101P0,ESTUDOS ESTRATÉGICOS INTERNACIONAIS,GRADUATE PROGRAM IN INTERNATIONAL STRATEGIC STUDIES,RS,MESTRADO/DOUTORADO,4,NA,2011/2011,NÃO,NA,EM FUNCIONAMENTO,23MAR2012:00:00:00,166042,100085,NA,2019,prog,"RELAÇÕES INTERNACIONAIS, BILATERAIS E MULTILATERAIS",2011,2019
2019,CIÊNCIAS HUMANAS,CIÊNCIA POLÍTICA,POLÍTICA INTERNACIONAL,NÃO SE APLICA,39,CIÊNCIA POLÍTICA E RELAÇÕES INTERNACIONAIS,42002010,582,UFSM,UNIVERSIDADE FEDERAL DE SANTA MARIA,FEDERAL,PÚBLICA,UNIVERSIDADE,SUL,SANTA MARIA,ACADÊMICO,42002010163P5,RELAÇÕES INTERNACIONAIS,POSTGRADUATE PROGRAM IN INTERNATIONAL RELATIONS,RS,MESTRADO,A,NA,2018,NÃO,NA,EM FUNCIONAMENTO,11JAN2019:00:00:00,159571,94412,NA,2019,prog,POLÍTICA INTERNACIONAL,2018,2019
2019,CIÊNCIAS HUMANAS,CIÊNCIA POLÍTICA,NÃO SE APLICA,NÃO SE APLICA,39,CIÊNCIA POLÍTICA E RELAÇÕES INTERNACIONAIS,42003016,634,UFPEL,UNIVERSIDADE FEDERAL DE PELOTAS,FEDERAL,PÚBLICA,UNIVERSIDADE,SUL,PELOTAS,ACADÊMICO,42003016037P2,CIÊNCIA POLÍTICA,POLITICAL SCIENCE,RS,MESTRADO/DOUTORADO,4,NA,2011/2016,NÃO,NA,EM FUNCIONAMENTO,28JAN2013:00:00:00,163826,97780,NA,2019,prog,CIÊNCIA POLÍTICA,2011,2019
2019,CIÊNCIAS HUMANAS,CIÊNCIA POLÍTICA,POLÍTICAS PÚBLICAS,NÃO SE APLICA,39,CIÊNCIA POLÍTICA E RELAÇÕES INTERNACIONAIS,42046017,5322,UNIPAMPA,FUNDAÇÃO UNIVERSIDADE FEDERAL DO PAMPA,FEDERAL,PÚBLICA,UNIVERSIDADE,SUL,BAGÉ,PROFISSIONAL,42046017012P6,POLÍTICAS PÚBLICAS,GRADUATE PROGRAM IN PUBLIC POLICY,RS,MESTRADO PROFISSIONAL,3,NA,2016,NÃO,NA,EM FUNCIONAMENTO,22DEC2015:00:00:00,172076,105775,NA,2019,prog,POLÍTICAS PÚBLICAS,2016,2019
2019,CIÊNCIAS HUMANAS,CIÊNCIA POLÍTICA,NÃO SE APLICA,NÃO SE APLICA,39,CIÊNCIA POLÍTICA E RELAÇÕES INTERNACIONAIS,52001016,584,UFG,UNIVERSIDADE FEDERAL DE GOIÁS,FEDERAL,PÚBLICA,UNIVERSIDADE,CENTRO-OESTE,GOIÂNIA,ACADÊMICO,52001016055P6,CIÊNCIA POLÍTICA,GRADUATE PROGRAM IN POLITICAL SCIENCE,GO,MESTRADO,3,NA,2012,NÃO,NA,EM FUNCIONAMENTO,23MAR2012:00:00:00,147416,83802,NA,2019,prog,CIÊNCIA POLÍTICA,2012,2019
2019,CIÊNCIAS HUMANAS,CIÊNCIA POLÍTICA,NÃO SE APLICA,NÃO SE APLICA,39,CIÊNCIA POLÍTICA E RELAÇÕES INTERNACIONAIS,53001010,2,UNB,UNIVERSIDADE DE BRASÍLIA,FEDERAL,PÚBLICA,UNIVERSIDADE,CENTRO-OESTE,BRASÍLIA,ACADÊMICO,53001010026P2,CIÊNCIA POLÍTICA,GRADUATE PROGRAM IN POLITICAL SCIENCE,DF,MESTRADO/DOUTORADO,6,NA,1984/2008,NÃO,NA,EM FUNCIONAMENTO,12MAR2014:00:00:00,170415,104187,NA,2019,prog,CIÊNCIA POLÍTICA,1984,2019
2019,CIÊNCIAS HUMANAS,CIÊNCIA POLÍTICA,POLÍTICA INTERNACIONAL,NÃO SE APLICA,39,CIÊNCIA POLÍTICA E RELAÇÕES INTERNACIONAIS,53001010,2,UNB,UNIVERSIDADE DE BRASÍLIA,FEDERAL,PÚBLICA,UNIVERSIDADE,CENTRO-OESTE,BRASÍLIA,ACADÊMICO,53001010025P6,RELAÇÕES INTERNACIONAIS,INTERNATIONAL RELATIONS,DF,MESTRADO/DOUTORADO,6,NA,1984/2002,NÃO,NA,EM FUNCIONAMENTO,29OCT2012:00:00:00,165317,99498,NA,2019,prog,POLÍTICA INTERNACIONAL,1984,2019
2019,CIÊNCIAS HUMANAS,CIÊNCIA POLÍTICA,ESTADO E GOVERNO,NÃO SE APLICA,39,CIÊNCIA POLÍTICA E RELAÇÕES INTERNACIONAIS,53013018,NI,ENAP,FUNDAÇÃO ESCOLA NACIONAL DE ADMINISTRAÇÃO PÚBLICA,FEDERAL,PÚBLICA,NÃO INFORMADO,CENTRO-OESTE,BRASÍLIA,PROFISSIONAL,53013018001P0,GOVERNANÇA E DESENVOLVIMENTO,PROFESSIONAL MASTERS IN GOVERNANCE AND DEVELOPMENT,DF,MESTRADO PROFISSIONAL,3,NA,2017,NÃO,NA,EM FUNCIONAMENTO,23JAN2017:00:00:00,159195,94104,NA,2019,prog,ESTADO E GOVERNO,2017,2019
2019,CIÊNCIAS HUMANAS,CIÊNCIA POLÍTICA,NÃO SE APLICA,NÃO SE APLICA,39,CIÊNCIA POLÍTICA E RELAÇÕES INTERNACIONAIS,53017013,1113,UNIEURO,CENTRO UNIVERSITÁRIO EURO-AMERICANO,PARTICULAR,PRIVADA,CENTRO UNIVERSITÁRIO,CENTRO-OESTE,BRASÍLIA,ACADÊMICO,53017013001P6,"DIREITOS HUMANOS, CIDADANIA E VIOLÊNCIA","HUMAN RIGHTS, CITIZENSHIP AND VIOLENCE",DF,MESTRADO,3,NA,2006,NÃO,NA,EM FUNCIONAMENTO,03APR2013:00:00:00,176865,109591,NA,2019,prog,CIÊNCIA POLÍTICA,2006,2019
2019,CIÊNCIAS HUMANAS,CIÊNCIA POLÍTICA,NÃO SE APLICA,NÃO SE APLICA,39,CIÊNCIA POLÍTICA E RELAÇÕES INTERNACIONAIS,53037014,NI,CEFOR,"CENTRO DE FORMAÇÃO, TREINAMENTO E APERFEIÇOAMENTO",FEDERAL,PÚBLICA,NÃO INFORMADO,CENTRO-OESTE,BRASÍLIA,PROFISSIONAL,53037014001P0,PODER LEGISLATIVO,MA IN LEGISLATIVE AFFAIRS,DF,MESTRADO PROFISSIONAL,4,NA,2013,NÃO,NA,EM FUNCIONAMENTO,30AUG2012:00:00:00,166605,100624,NA,2019,prog,CIÊNCIA POLÍTICA,2013,2019
2019,CIÊNCIAS HUMANAS,CIÊNCIA POLÍTICA,POLÍTICAS PÚBLICAS,NÃO SE APLICA,39,CIÊNCIA POLÍTICA E RELAÇÕES INTERNACIONAIS,53062000,NI,FGV/BSB,FUNDACAO GETULIO VARGAS ( BRASÍLIA ),PARTICULAR,PRIVADA,NÃO INFORMADO,CENTRO-OESTE,BRASÍLIA,ACADÊMICO,53062000001P8,POLÍTICAS PÚBLICAS E GOVERNO,PUBLIC POLICY AND GOVERMENT,DF,MESTRADO,A,NA,2019,NÃO,NA,EM FUNCIONAMENTO,23AUG2019:00:00:00,165393,99545,NA,2019,prog,POLÍTICAS PÚBLICAS,2019,2019
2020,CIÊNCIAS HUMANAS,CIÊNCIA POLÍTICA,POLÍTICA INTERNACIONAL,"RELAÇÕES INTERNACIONAIS, BILATERAIS E MULTILATERAIS",39,CIÊNCIA POLÍTICA E RELAÇÕES INTERNACIONAIS,14001012,830,UNIFAP,UNIVERSIDADE FEDERAL DO AMAPÁ,FEDERAL,PÚBLICA,UNIVERSIDADE,NORTE,MACAPÁ,PROFISSIONAL,14001012156P0,ESTUDOS DE FRONTEIRA,BORDER STUDIES,AP,MESTRADO PROFISSIONAL,3,NA,2017,NÃO,NA,EM FUNCIONAMENTO,22MAR2017:00:00:00,205203,136443,NA,2020,prog,"RELAÇÕES INTERNACIONAIS, BILATERAIS E MULTILATERAIS",2017,2020
2020,CIÊNCIAS HUMANAS,CIÊNCIA POLÍTICA,NÃO SE APLICA,NÃO SE APLICA,39,CIÊNCIA POLÍTICA E RELAÇÕES INTERNACIONAIS,15001016,569,UFPA,UNIVERSIDADE FEDERAL DO PARÁ,FEDERAL,PÚBLICA,UNIVERSIDADE,NORTE,BELÉM,ACADÊMICO,15001016053P9,CIÊNCIA POLÍTICA,PROGRAM IN CIENCIA POLITIC,PA,MESTRADO,3,NA,2008,NÃO,NA,EM FUNCIONAMENTO,18MAR2014:00:00:00,203595,135109,NA,2020,prog,CIÊNCIA POLÍTICA,2008,2020
2020,CIÊNCIAS HUMANAS,CIÊNCIA POLÍTICA,NÃO SE APLICA,NÃO SE APLICA,39,CIÊNCIA POLÍTICA E RELAÇÕES INTERNACIONAIS,21001014,5,FUFPI,FUNDAÇÃO UNIVERSIDADE FEDERAL DO PIAUÍ,FEDERAL,PÚBLICA,UNIVERSIDADE,NORDESTE,TERESINA,ACADÊMICO,21001014082P6,CIÊNCIA POLÍTICA,. POLITICAL SCIENCE AND INTERNATIONAL RELATIONS,PI,MESTRADO,A,NA,2019,NÃO,NA,EM FUNCIONAMENTO,23AUG2019:00:00:00,205129,136392,NA,2020,prog,CIÊNCIA POLÍTICA,2019,2020
2020,CIÊNCIAS HUMANAS,CIÊNCIA POLÍTICA,POLÍTICAS PÚBLICAS,NÃO SE APLICA,39,CIÊNCIA POLÍTICA E RELAÇÕES INTERNACIONAIS,22003010,29,UECE,UNIVERSIDADE ESTADUAL DO CEARÁ,ESTADUAL,PÚBLICA,UNIVERSIDADE,NORDESTE,FORTALEZA,PROFISSIONAL,22003010019P8,PLANEJAMENTO E POLITICAS PÚBLICAS,PLANNING AND PUBLIC POLICY,CE,MESTRADO PROFISSIONAL,4,NA,2006,NÃO,NA,EM FUNCIONAMENTO,10OCT2013:00:00:00,205212,136544,NA,2020,prog,POLÍTICAS PÚBLICAS,2006,2020
2020,CIÊNCIAS HUMANAS,CIÊNCIA POLÍTICA,POLÍTICAS PÚBLICAS,NÃO SE APLICA,39,CIÊNCIA POLÍTICA E RELAÇÕES INTERNACIONAIS,22003010,29,UECE,UNIVERSIDADE ESTADUAL DO CEARÁ,ESTADUAL,PÚBLICA,UNIVERSIDADE,NORDESTE,FORTALEZA,ACADÊMICO,22003010074P9,POLÍTICAS PÚBLICAS,PUBLIC POLICY,CE,DOUTORADO,4,NA,2017,NÃO,NA,EM FUNCIONAMENTO,06APR2017:00:00:00,205266,136526,NA,2020,prog,POLÍTICAS PÚBLICAS,2017,2020
2020,CIÊNCIAS HUMANAS,CIÊNCIA POLÍTICA,NÃO SE APLICA,NÃO SE APLICA,39,CIÊNCIA POLÍTICA E RELAÇÕES INTERNACIONAIS,24001015,NI,UFPB-JP,UNIVERSIDADE FEDERAL DA PARAÍBA ( JOÃO PESSOA ),FEDERAL,PÚBLICA,NÃO INFORMADO,NORDESTE,JOÃO PESSOA,ACADÊMICO,24001015080P1,CIÊNCIA POLÍTICA E RELAÇÕES INTERNACIONAIS,POLITICAL SCIENCE AND INTERNATIONAL RELATIONS,PB,MESTRADO,3,NA,2016,NÃO,NA,EM FUNCIONAMENTO,19MAY2016:00:00:00,198417,130772,NA,2020,prog,CIÊNCIA POLÍTICA,2016,2020
2020,CIÊNCIAS HUMANAS,CIÊNCIA POLÍTICA,NÃO SE APLICA,NÃO SE APLICA,39,CIÊNCIA POLÍTICA E RELAÇÕES INTERNACIONAIS,24004014,550,UEPB,UNIVERSIDADE ESTADUAL DA PARAIBA,ESTADUAL,PÚBLICA,UNIVERSIDADE,NORDESTE,JOÃO PESSOA,ACADÊMICO,24004014007P1,RELAÇOES INTERNACIONAIS,"GRADUATE PROGRAM IN INTERNATIONAL RELATIONS, STATE UNIVERSITY OF PARAIBA",PB,MESTRADO,4,NA,2008,NÃO,NA,EM FUNCIONAMENTO,16AUG2012:00:00:00,205482,137084,NA,2020,prog,CIÊNCIA POLÍTICA,2008,2020
2020,CIÊNCIAS HUMANAS,CIÊNCIA POLÍTICA,NÃO SE APLICA,NÃO SE APLICA,39,CIÊNCIA POLÍTICA E RELAÇÕES INTERNACIONAIS,24009016,2564,UFCG,UNIVERSIDADE FEDERAL DE CAMPINA GRANDE,FEDERAL,PÚBLICA,UNIVERSIDADE,NORDESTE,CAMPINA GRANDE,ACADÊMICO,24009016171P8,CIÊNCIA POLÍTICA,GRADUATE PROGRAM OF POLITICAL SCIENCE AT UNIVERSIDADE FEDERAL DE CAMPINA GRANDE (UFCG),PB,MESTRADO,3,NA,2017,NÃO,NA,EM FUNCIONAMENTO,14MAR2017:00:00:00,204914,136210,NA,2020,prog,CIÊNCIA POLÍTICA,2017,2020
2020,CIÊNCIAS HUMANAS,CIÊNCIA POLÍTICA,NÃO SE APLICA,NÃO SE APLICA,39,CIÊNCIA POLÍTICA E RELAÇÕES INTERNACIONAIS,25001019,580,UFPE,UNIVERSIDADE FEDERAL DE PERNAMBUCO,FEDERAL,PÚBLICA,UNIVERSIDADE,NORDESTE,RECIFE,ACADÊMICO,25001019033P6,CIÊNCIA POLÍTICA,POLITICAL SCIENCE,PE,MESTRADO/DOUTORADO,6,NA,1982/2002,NÃO,NA,EM FUNCIONAMENTO,29JAN2014:00:00:00,200484,132575,NA,2020,prog,CIÊNCIA POLÍTICA,1982,2020
2020,CIÊNCIAS HUMANAS,CIÊNCIA POLÍTICA,NÃO SE APLICA,NÃO SE APLICA,39,CIÊNCIA POLÍTICA E RELAÇÕES INTERNACIONAIS,25001019,580,UFPE,UNIVERSIDADE FEDERAL DE PERNAMBUCO,FEDERAL,PÚBLICA,UNIVERSIDADE,NORDESTE,RECIFE,PROFISSIONAL,25001019091P6,POLÍTICAS PÚBLICAS,POLITICAL SCIENCE,PE,MESTRADO PROFISSIONAL,3,NA,2014,NÃO,NA,EM FUNCIONAMENTO,20NOV2013:00:00:00,204064,135519,NA,2020,prog,CIÊNCIA POLÍTICA,2014,2020
2020,CIÊNCIAS HUMANAS,CIÊNCIA POLÍTICA,POLÍTICA INTERNACIONAL,"RELAÇÕES INTERNACIONAIS, BILATERAIS E MULTILATERAIS",39,CIÊNCIA POLÍTICA E RELAÇÕES INTERNACIONAIS,28001010,578,UFBA,UNIVERSIDADE FEDERAL DA BAHIA,FEDERAL,PÚBLICA,UNIVERSIDADE,NORDESTE,SALVADOR,ACADÊMICO,28001010094P7,RELAÇÕES INTERNACIONAIS,INTERNATIONAL RELATIONS,BA,MESTRADO,4,NA,2014,NÃO,NA,EM FUNCIONAMENTO,05DEC2013:00:00:00,201145,133080,NA,2020,prog,"RELAÇÕES INTERNACIONAIS, BILATERAIS E MULTILATERAIS",2014,2020
2020,CIÊNCIAS HUMANAS,CIÊNCIA POLÍTICA,POLÍTICAS PÚBLICAS,NÃO SE APLICA,39,CIÊNCIA POLÍTICA E RELAÇÕES INTERNACIONAIS,28022017,4503,UFRB,UNIVERSIDADE FEDERAL DO RECÔNCAVO DA BAHIA,FEDERAL,PÚBLICA,UNIVERSIDADE,NORDESTE,CRUZ DAS ALMAS,PROFISSIONAL,28022017008P0,GESTÃO DE POLÍTICAS PÚBLICAS E SEGURANÇA SOCIAL,MANAGEMENT OF PUBLIC POLICY AND SOCIAL SECURITY,BA,MESTRADO PROFISSIONAL,3,NA,2011,NÃO,NA,EM FUNCIONAMENTO,12FEB2014:00:00:00,203457,134991,NA,2020,prog,POLÍTICAS PÚBLICAS,2011,2020
2020,CIÊNCIAS HUMANAS,CIÊNCIA POLÍTICA,NÃO SE APLICA,NÃO SE APLICA,39,CIÊNCIA POLÍTICA E RELAÇÕES INTERNACIONAIS,31001017,586,UFRJ,UNIVERSIDADE FEDERAL DO RIO DE JANEIRO,FEDERAL,PÚBLICA,UNIVERSIDADE,SUDESTE,RIO DE JANEIRO,ACADÊMICO,31001017160P5,POLÍTICAS PÚBLICAS EM DIREITOS HUMANOS,POST-GRADUATE PROGRAM IN PUBLIC POLICIES ON HUMAN RIGHTS,RJ,MESTRADO,3,NA,2015,NÃO,NA,EM FUNCIONAMENTO,25MAY2015:00:00:00,200994,132961,NA,2020,prog,CIÊNCIA POLÍTICA,2015,2020
2020,CIÊNCIAS HUMANAS,CIÊNCIA POLÍTICA,NÃO SE APLICA,NÃO SE APLICA,39,CIÊNCIA POLÍTICA E RELAÇÕES INTERNACIONAIS,31001017,586,UFRJ,UNIVERSIDADE FEDERAL DO RIO DE JANEIRO,FEDERAL,PÚBLICA,UNIVERSIDADE,SUDESTE,RIO DE JANEIRO,ACADÊMICO,31001017137P3,ECONOMIA POLÍTICA INTERNACIONAL,INTERNATIONAL POLITICAL ECONOMY,RJ,MESTRADO/DOUTORADO,3,NA,2009/2009,NÃO,NA,EM FUNCIONAMENTO,09AUG2013:00:00:00,203329,134874,NA,2020,prog,CIÊNCIA POLÍTICA,2009,2020
2020,CIÊNCIAS HUMANAS,CIÊNCIA POLÍTICA,ESTADO E GOVERNO,NÃO SE APLICA,39,CIÊNCIA POLÍTICA E RELAÇÕES INTERNACIONAIS,31003010,572,UFF,UNIVERSIDADE FEDERAL FLUMINENSE,FEDERAL,PÚBLICA,UNIVERSIDADE,SUDESTE,NITERÓI,ACADÊMICO,31003010062P0,ESTUDOS ESTRATÉGICOS DA DEFESA E DA SEGURANÇA,STRATEGIC STUDIES AND DEFENSE GRADUATE PROGRAMME,RJ,MESTRADO/DOUTORADO,4,NA,2008/2019,NÃO,NA,EM FUNCIONAMENTO,07AUG2010:00:00:00,202585,134197,NA,2020,prog,ESTADO E GOVERNO,2008,2020
2020,CIÊNCIAS HUMANAS,CIÊNCIA POLÍTICA,NÃO SE APLICA,NÃO SE APLICA,39,CIÊNCIA POLÍTICA E RELAÇÕES INTERNACIONAIS,31003010,572,UFF,UNIVERSIDADE FEDERAL FLUMINENSE,FEDERAL,PÚBLICA,UNIVERSIDADE,SUDESTE,NITERÓI,PROFISSIONAL,31003010057P6,DEFESA E SEGURANÇA CIVIL,MASTER OF CIVIL DEFENSE AND SECURITY,RJ,MESTRADO PROFISSIONAL,3,NA,2007,NÃO,NA,EM FUNCIONAMENTO,15MAR2013:00:00:00,200650,132659,NA,2020,prog,CIÊNCIA POLÍTICA,2007,2020
2020,CIÊNCIAS HUMANAS,CIÊNCIA POLÍTICA,NÃO SE APLICA,NÃO SE APLICA,39,CIÊNCIA POLÍTICA E RELAÇÕES INTERNACIONAIS,31003010,572,UFF,UNIVERSIDADE FEDERAL FLUMINENSE,FEDERAL,PÚBLICA,UNIVERSIDADE,SUDESTE,NITERÓI,ACADÊMICO,31003010033P0,CIÊNCIA POLÍTICA,GRADUATE PROGRAM IN POLITICAL SCIENCE,RJ,MESTRADO/DOUTORADO,4,NA,1994/2006,NÃO,NA,EM FUNCIONAMENTO,07AUG2010:00:00:00,204214,135592,NA,2020,prog,CIÊNCIA POLÍTICA,1994,2020
2020,CIÊNCIAS HUMANAS,CIÊNCIA POLÍTICA,NÃO SE APLICA,NÃO SE APLICA,39,CIÊNCIA POLÍTICA E RELAÇÕES INTERNACIONAIS,31004016,547,UERJ,UNIVERSIDADE DO ESTADO DO RIO DE JANEIRO,ESTADUAL,PÚBLICA,UNIVERSIDADE,SUDESTE,RIO DE JANEIRO,ACADÊMICO,31004016061P6,CIÊNCIA POLÍTICA,GRADUATE PROGRAM IN POLITICAL SCIENCE,RJ,MESTRADO/DOUTORADO,6,NA,2010/2010,NÃO,NA,EM FUNCIONAMENTO,11APR2013:00:00:00,200648,132657,NA,2020,prog,CIÊNCIA POLÍTICA,2010,2020
2020,CIÊNCIAS HUMANAS,CIÊNCIA POLÍTICA,POLÍTICA INTERNACIONAL,NÃO SE APLICA,39,CIÊNCIA POLÍTICA E RELAÇÕES INTERNACIONAIS,31004016,547,UERJ,UNIVERSIDADE DO ESTADO DO RIO DE JANEIRO,ESTADUAL,PÚBLICA,UNIVERSIDADE,SUDESTE,RIO DE JANEIRO,ACADÊMICO,31004016057P9,RELAÇÕES INTERNACIONAIS,GRADUATE PROGRAM OF INTERNATIONAL RELATIONS,RJ,MESTRADO/DOUTORADO,4,NA,2009/2015,NÃO,NA,EM FUNCIONAMENTO,15JAN2013:00:00:00,197244,129673,NA,2020,prog,POLÍTICA INTERNACIONAL,2009,2020
2020,CIÊNCIAS HUMANAS,CIÊNCIA POLÍTICA,POLÍTICA INTERNACIONAL,"INTEGRAÇÃO INTERNACIONAL, CONFLITO, GUERRA E PAZ",39,CIÊNCIA POLÍTICA E RELAÇÕES INTERNACIONAIS,31005012,528,PUC-RIO,PONTIFÍCIA UNIVERSIDADE CATÓLICA DO RIO DE JANEIRO,PARTICULAR,PRIVADA,UNIVERSIDADE,SUDESTE,RIO DE JANEIRO,PROFISSIONAL,31005012157P0,ANÁLISE E GESTÃO DE POLÍTICAS INTERNACIONAIS: RESOLUÇÃO DE CONFLITOS E COOPERAÇÃO PARA O DESENVOLVIMENTO,PROFESSIONAL MASTER IN ANALYSIS AND MANAGEMENT OF INTERNATIONAL POLICIES: CONFLICT RESOLUTION AND COOPERATION FOR THE DEVELOPMENT,RJ,MESTRADO PROFISSIONAL,3,NA,2016,NÃO,NA,EM FUNCIONAMENTO,19MAY2016:00:00:00,200124,132268,NA,2020,prog,"INTEGRAÇÃO INTERNACIONAL, CONFLITO, GUERRA E PAZ",2016,2020
2020,CIÊNCIAS HUMANAS,CIÊNCIA POLÍTICA,POLÍTICA INTERNACIONAL,"RELAÇÕES INTERNACIONAIS, BILATERAIS E MULTILATERAIS",39,CIÊNCIA POLÍTICA E RELAÇÕES INTERNACIONAIS,31005012,528,PUC-RIO,PONTIFÍCIA UNIVERSIDADE CATÓLICA DO RIO DE JANEIRO,PARTICULAR,PRIVADA,UNIVERSIDADE,SUDESTE,RIO DE JANEIRO,ACADÊMICO,31005012026P2,RELAÇÕES INTERNACIONAIS,INSTITUTE OF INTERNATIONAL RELATIONS,RJ,MESTRADO/DOUTORADO,5,NA,1987/2001,NÃO,NA,EM FUNCIONAMENTO,19FEB2014:00:00:00,204025,135480,NA,2020,prog,"RELAÇÕES INTERNACIONAIS, BILATERAIS E MULTILATERAIS",1987,2020
2020,CIÊNCIAS HUMANAS,CIÊNCIA POLÍTICA,NÃO SE APLICA,NÃO SE APLICA,39,CIÊNCIA POLÍTICA E RELAÇÕES INTERNACIONAIS,31021018,693,UNIRIO,UNIVERSIDADE FEDERAL DO ESTADO DO RIO DE JANEIRO,FEDERAL,PÚBLICA,UNIVERSIDADE,SUDESTE,RIO DE JANEIRO,ACADÊMICO,31021018157P8,CIÊNCIA POLÍTICA,POLITICAL SCIENCE,RJ,MESTRADO,3,NA,2017,NÃO,NA,EM FUNCIONAMENTO,03APR2017:00:00:00,200632,132679,NA,2020,prog,CIÊNCIA POLÍTICA,2017,2020
2020,CIÊNCIAS HUMANAS,CIÊNCIA POLÍTICA,NÃO SE APLICA,NÃO SE APLICA,39,CIÊNCIA POLÍTICA E RELAÇÕES INTERNACIONAIS,31070019,NI,EGN,ESCOLA DE GUERRA NAVAL,FEDERAL,PÚBLICA,NÃO INFORMADO,SUDESTE,RIO DE JANEIRO,PROFISSIONAL,31070019001P0,ESTUDOS MARÍTIMOS,MARITIME STUDIES POSTGRADUATE PROGRAM,RJ,MESTRADO PROFISSIONAL/DOUTORADO PROFISSIONAL,5,NA,2014,NÃO,NA,EM FUNCIONAMENTO,13FEB2014:00:00:00,204577,135934,NA,2020,prog,CIÊNCIA POLÍTICA,2014,2020
2020,CIÊNCIAS HUMANAS,CIÊNCIA POLÍTICA,NÃO SE APLICA,NÃO SE APLICA,39,CIÊNCIA POLÍTICA E RELAÇÕES INTERNACIONAIS,31096018,NI,UNIFA,UNIVERSIDADE DA FORCA AEREA,FEDERAL,PÚBLICA,NÃO INFORMADO,SUDESTE,RIO DE JANEIRO,PROFISSIONAL,31096018001P2,CIÊNCIAS AEROESPACIAIS,AEROSPACE SCIENCES,RJ,MESTRADO PROFISSIONAL,4,NA,2012,NÃO,NA,EM FUNCIONAMENTO,24APR2013:00:00:00,201999,133681,NA,2020,prog,CIÊNCIA POLÍTICA,2012,2020
2020,CIÊNCIAS HUMANAS,CIÊNCIA POLÍTICA,NÃO SE APLICA,NÃO SE APLICA,39,CIÊNCIA POLÍTICA E RELAÇÕES INTERNACIONAIS,31098010,NI,ECEME,ESCOLA DE COMANDO E ESTADO-MAIOR DO EXÉRCITO,FEDERAL,PÚBLICA,NÃO INFORMADO,SUDESTE,RIO DE JANEIRO,ACADÊMICO,31098010001P5,CIÊNCIAS MILITARES,MASTER OF ARTS AND SCIENCES IN MILITARY SCIENCE,RJ,MESTRADO/DOUTORADO,4,NA,2013/2016,NÃO,NA,EM FUNCIONAMENTO,01NOV2013:00:00:00,204269,135644,NA,2020,prog,CIÊNCIA POLÍTICA,2013,2020
2020,CIÊNCIAS HUMANAS,CIÊNCIA POLÍTICA,NÃO SE APLICA,NÃO SE APLICA,39,CIÊNCIA POLÍTICA E RELAÇÕES INTERNACIONAIS,32001010,575,UFMG,UNIVERSIDADE FEDERAL DE MINAS GERAIS,FEDERAL,PÚBLICA,UNIVERSIDADE,SUDESTE,BELO HORIZONTE,ACADÊMICO,32001010011P2,CIÊNCIA POLÍTICA,GRADUATE PROGRAM IN POLITICAL SCIENCE,MG,MESTRADO/DOUTORADO,7,NA,1969/2006,NÃO,NA,EM FUNCIONAMENTO,13MAR2014:00:00:00,203783,135271,NA,2020,prog,CIÊNCIA POLÍTICA,1969,2020
2020,CIÊNCIAS HUMANAS,CIÊNCIA POLÍTICA,POLÍTICA INTERNACIONAL,NÃO SE APLICA,39,CIÊNCIA POLÍTICA E RELAÇÕES INTERNACIONAIS,32006012,17,UFU,UNIVERSIDADE FEDERAL DE UBERLÂNDIA,FEDERAL,PÚBLICA,UNIVERSIDADE,SUDESTE,UBERLÂNDIA,ACADÊMICO,32006012072P3,RELAÇÕES INTERNACIONAIS,INTERNATIONAL RELATIONS,MG,MESTRADO,3,NA,2015,NÃO,NA,EM FUNCIONAMENTO,19MAR2015:00:00:00,198574,130934,NA,2020,prog,POLÍTICA INTERNACIONAL,2015,2020
2020,CIÊNCIAS HUMANAS,CIÊNCIA POLÍTICA,POLÍTICA INTERNACIONAL,NÃO SE APLICA,39,CIÊNCIA POLÍTICA E RELAÇÕES INTERNACIONAIS,32008015,338,PUC/MG,PONTIFÍCIA UNIVERSIDADE CATÓLICA DE MINAS GERAIS,PARTICULAR,PRIVADA,UNIVERSIDADE,SUDESTE,BELO HORIZONTE,ACADÊMICO,32008015017P5,RELAÇÕES INTERNACIONAIS: POLÍTICA INTERNACIONAL,GRADUATE PROGRAM IN INTERNATIONAL RELATIONS,MG,MESTRADO/DOUTORADO,5,NA,2007/2012,NÃO,NA,EM FUNCIONAMENTO,06SEP2012:00:00:00,200361,132458,NA,2020,prog,POLÍTICA INTERNACIONAL,2007,2020
2020,CIÊNCIAS HUMANAS,CIÊNCIA POLÍTICA,NÃO SE APLICA,NÃO SE APLICA,39,CIÊNCIA POLÍTICA E RELAÇÕES INTERNACIONAIS,32025017,1036,UEMG,UNIVERSIDADE DO ESTADO DE MINAS GERAIS,ESTADUAL,PÚBLICA,UNIVERSIDADE,SUDESTE,BELO HORIZONTE,PROFISSIONAL,32025017005P1,SEGURANÇA PÚBLICA E CIDADANIA,PUBLIC SECURITY AND CITIZENSHIP,MG,MESTRADO PROFISSIONAL,A,NA,2019,NÃO,NA,EM FUNCIONAMENTO,30AUG2019:00:00:00,202871,134452,NA,2020,prog,CIÊNCIA POLÍTICA,2019,2020
2020,CIÊNCIAS HUMANAS,CIÊNCIA POLÍTICA,NÃO SE APLICA,NÃO SE APLICA,39,CIÊNCIA POLÍTICA E RELAÇÕES INTERNACIONAIS,33001014,7,UFSCAR,UNIVERSIDADE FEDERAL DE SÃO CARLOS,FEDERAL,PÚBLICA,UNIVERSIDADE,SUDESTE,SÃO CARLOS,ACADÊMICO,33001014026P2,CIENCIA POLITICA,GRADUATE STUDIES PROGRAM IN POLITICAL SCIENCE,SP,MESTRADO/DOUTORADO,5,NA,2008/2008,NÃO,NA,EM FUNCIONAMENTO,15JAN2014:00:00:00,203432,134935,NA,2020,prog,CIÊNCIA POLÍTICA,2008,2020
2020,CIÊNCIAS HUMANAS,CIÊNCIA POLÍTICA,POLÍTICA INTERNACIONAL,"RELAÇÕES INTERNACIONAIS, BILATERAIS E MULTILATERAIS",39,CIÊNCIA POLÍTICA E RELAÇÕES INTERNACIONAIS,33002010,55,USP,UNIVERSIDADE DE SÃO PAULO,ESTADUAL,PÚBLICA,UNIVERSIDADE,SUDESTE,SÃO PAULO,ACADÊMICO,33002010208P0,RELAÇÕES INTERNACIONAIS,INTERNATIONAL RELATIONS,SP,MESTRADO/DOUTORADO,4,NA,2009/2009,NÃO,NA,EM FUNCIONAMENTO,04NOV2013:00:00:00,204471,135824,NA,2020,prog,"RELAÇÕES INTERNACIONAIS, BILATERAIS E MULTILATERAIS",2009,2020
2020,CIÊNCIAS HUMANAS,CIÊNCIA POLÍTICA,NÃO SE APLICA,NÃO SE APLICA,39,CIÊNCIA POLÍTICA E RELAÇÕES INTERNACIONAIS,33002010,55,USP,UNIVERSIDADE DE SÃO PAULO,ESTADUAL,PÚBLICA,UNIVERSIDADE,SUDESTE,SÃO PAULO,ACADÊMICO,33002010030P6,CIÊNCIA POLÍTICA,GRADUATE STUDIES IN POLITICAL SCIENCE AT UNIVERSITY OF SÃO PAULO,SP,MESTRADO/DOUTORADO,7,NA,1974/1974,NÃO,NA,EM FUNCIONAMENTO,01JUN2010:00:00:00,203787,135275,NA,2020,prog,CIÊNCIA POLÍTICA,1974,2020
2020,CIÊNCIAS HUMANAS,CIÊNCIA POLÍTICA,NÃO SE APLICA,NÃO SE APLICA,39,CIÊNCIA POLÍTICA E RELAÇÕES INTERNACIONAIS,33003017,54,UNICAMP,UNIVERSIDADE ESTADUAL DE CAMPINAS,ESTADUAL,PÚBLICA,UNIVERSIDADE,SUDESTE,CAMPINAS,ACADÊMICO,33003017017P6,CIÊNCIA POLÍTICA,GRADUATE PROGRAM IN POLITICAL SCIENCE AT UNICAMP,SP,MESTRADO/DOUTORADO,6,NA,1974/2006,NÃO,NA,EM FUNCIONAMENTO,16APR2013:00:00:00,200968,132968,NA,2020,prog,CIÊNCIA POLÍTICA,1974,2020
2020,CIÊNCIAS HUMANAS,CIÊNCIA POLÍTICA,POLÍTICA INTERNACIONAL,NÃO SE APLICA,39,CIÊNCIA POLÍTICA E RELAÇÕES INTERNACIONAIS,33004013,56,UNESP-REITORIA,UNIVERSIDADE ESTADUAL PAULISTA JÚLIO DE MESQUITA FILHO (SEDE),ESTADUAL,PÚBLICA,UNIVERSIDADE,SUDESTE,SÃO PAULO,ACADÊMICO,33004110044P0,RELAÇÕES INTERNACIONAIS (UNESP - UNICAMP - PUC-SP),"GRADUATE PROGRAM IN INTERNATIONAL RELATIONS SAN TIAGO DANTAS (UNESP, UNICAMP, PUC-SP)",SP,MESTRADO/DOUTORADO,4,NA,2003/2011,SIM,UNICAMP;UNESP-MAR;PUC/SP,EM FUNCIONAMENTO,18JUN2013:00:00:00,199485,131697,NA,2020,prog,POLÍTICA INTERNACIONAL,2003,2020
2020,CIÊNCIAS HUMANAS,CIÊNCIA POLÍTICA,POLÍTICA INTERNACIONAL,"RELAÇÕES INTERNACIONAIS, BILATERAIS E MULTILATERAIS",39,CIÊNCIA POLÍTICA E RELAÇÕES INTERNACIONAIS,33005010,546,PUC/SP,PONTIFÍCIA UNIVERSIDADE CATÓLICA DE SÃO PAULO,PARTICULAR,PRIVADA,UNIVERSIDADE,SUDESTE,SÃO PAULO,PROFISSIONAL,33005010046P2,GOVERNANÇA GLOBAL E FORMULAÇÃO DE POLÍTICAS INTERNACIONAIS,GLOBAL GOVERNANCE AND INTERNATIONAL POLICY FORMULATION,SP,MESTRADO PROFISSIONAL,A,NA,2019,NÃO,NA,EM FUNCIONAMENTO,05FEB2019:00:00:00,199620,131821,NA,2020,prog,"RELAÇÕES INTERNACIONAIS, BILATERAIS E MULTILATERAIS",2019,2020
2020,CIÊNCIAS HUMANAS,CIÊNCIA POLÍTICA,NÃO SE APLICA,NÃO SE APLICA,39,CIÊNCIA POLÍTICA E RELAÇÕES INTERNACIONAIS,33011010,602,ITA,INSTITUTO TECNOLÓGICO DE AERONÁUTICA,FEDERAL,PÚBLICA,FACULDADE,SUDESTE,SÃO JOSÉ DOS CAMPOS,PROFISSIONAL,33011010014P0,SEGURANÇA DE AVIAÇÃO E AERONAVEGABILIDADE CONTINUADA,AVIATION SAFETY AND CONTINUED AIRWORTHINESS,SP,MESTRADO PROFISSIONAL,A,NA,2018,NÃO,NA,EM FUNCIONAMENTO,20FEB2019:00:00:00,200506,132555,NA,2020,prog,CIÊNCIA POLÍTICA,2018,2020
2020,CIÊNCIAS HUMANAS,CIÊNCIA POLÍTICA,POLÍTICA INTERNACIONAL,"RELAÇÕES INTERNACIONAIS, BILATERAIS E MULTILATERAIS",39,CIÊNCIA POLÍTICA E RELAÇÕES INTERNACIONAIS,33144010,4925,UFABC,UNIVERSIDADE FEDERAL DO ABC,FEDERAL,PÚBLICA,UNIVERSIDADE,SUDESTE,SANTO ANDRÉ,ACADÊMICO,33144010173P2,RELAÇÕES INTERNACIONAIS,INTERNATIONAL RELATIONS,SP,MESTRADO,A,NA,2019,NÃO,NA,EM FUNCIONAMENTO,24MAY2019:00:00:00,201746,133508,NA,2020,prog,"RELAÇÕES INTERNACIONAIS, BILATERAIS E MULTILATERAIS",2019,2020
2020,CIÊNCIAS HUMANAS,CIÊNCIA POLÍTICA,POLÍTICAS PÚBLICAS,NÃO SE APLICA,39,CIÊNCIA POLÍTICA E RELAÇÕES INTERNACIONAIS,33144010,4925,UFABC,UNIVERSIDADE FEDERAL DO ABC,FEDERAL,PÚBLICA,UNIVERSIDADE,SUDESTE,SÃO BERNARDO DO CAMPO,ACADÊMICO,33144010019P3,POLÍTICAS PÚBLICAS,PUBLIC POLICIES,SP,MESTRADO,4,NA,2014,NÃO,NA,EM FUNCIONAMENTO,28FEB2014:00:00:00,199796,131985,NA,2020,prog,POLÍTICAS PÚBLICAS,2014,2020
2020,CIÊNCIAS HUMANAS,CIÊNCIA POLÍTICA,NÃO SE APLICA,NÃO SE APLICA,39,CIÊNCIA POLÍTICA E RELAÇÕES INTERNACIONAIS,33324000,NI,ESG,ESCOLA SUPERIOR DE GUERRA,FEDERAL,PÚBLICA,NÃO INFORMADO,SUDESTE,RIO DE JANEIRO,ACADÊMICO,33324000001P2,SEGURANÇA INTERNACIONAL E DEFESA,INTERNATIONAL SECURITY AND DEFENSE,RJ,MESTRADO,A,NA,2019,NÃO,NA,EM FUNCIONAMENTO,28MAR2019:00:00:00,205504,137104,NA,2020,prog,CIÊNCIA POLÍTICA,2019,2020
2020,CIÊNCIAS HUMANAS,CIÊNCIA POLÍTICA,NÃO SE APLICA,NÃO SE APLICA,39,CIÊNCIA POLÍTICA E RELAÇÕES INTERNACIONAIS,40001016,571,UFPR,UNIVERSIDADE FEDERAL DO PARANÁ,FEDERAL,PÚBLICA,UNIVERSIDADE,SUL,CURITIBA,ACADÊMICO,40001016061P2,CIÊNCIA POLÍTICA,POLITICAL SCIENCE GRADUATE PROGRAM,PR,MESTRADO/DOUTORADO,5,NA,2009/2014,NÃO,NA,EM FUNCIONAMENTO,19MAR2013:00:00:00,199761,131933,NA,2020,prog,CIÊNCIA POLÍTICA,2009,2020
2020,CIÊNCIAS HUMANAS,CIÊNCIA POLÍTICA,POLÍTICAS PÚBLICAS,NÃO SE APLICA,39,CIÊNCIA POLÍTICA E RELAÇÕES INTERNACIONAIS,40004015,57,UEM,UNIVERSIDADE ESTADUAL DE MARINGÁ,ESTADUAL,PÚBLICA,UNIVERSIDADE,SUL,MARINGÁ,PROFISSIONAL,40004015033P8,POLÍTICAS PÚBLICAS,PUBLIC POLICIES,PR,MESTRADO PROFISSIONAL,3,NA,2010,NÃO,NA,EM FUNCIONAMENTO,13JUL2009:00:00:00,204336,135703,NA,2020,prog,POLÍTICAS PÚBLICAS,2010,2020
2020,CIÊNCIAS HUMANAS,CIÊNCIA POLÍTICA,NÃO SE APLICA,NÃO SE APLICA,39,CIÊNCIA POLÍTICA E RELAÇÕES INTERNACIONAIS,40043010,15001,UNILA,UNIVERSIDADE FEDERAL DA INTEGRAÇÃO LATINO-AMERICANA,FEDERAL,PÚBLICA,UNIVERSIDADE,SUL,FOZ DO IGUAÇU,ACADÊMICO,40043010002P6,INTEGRAÇÃO CONTEMPORÂNEA DA AMÉRICA LATINA - ICAL,CONTEMPORARY LATIN AMERICAN INTEGRATION,PR,MESTRADO,3,NA,2014,NÃO,NA,EM FUNCIONAMENTO,15AUG2014:00:00:00,199346,131602,NA,2020,prog,CIÊNCIA POLÍTICA,2014,2020
2020,CIÊNCIAS HUMANAS,CIÊNCIA POLÍTICA,POLÍTICA INTERNACIONAL,NÃO SE APLICA,39,CIÊNCIA POLÍTICA E RELAÇÕES INTERNACIONAIS,40043010,15001,UNILA,UNIVERSIDADE FEDERAL DA INTEGRAÇÃO LATINO-AMERICANA,FEDERAL,PÚBLICA,UNIVERSIDADE,SUL,FOZ DO IGUAÇU,ACADÊMICO,40043010009P0,RELAÇÕES INTERNACIONAIS,MASTER IN INTERNATIONAL RELATIONS,PR,MESTRADO,A,NA,2019,NÃO,NA,EM FUNCIONAMENTO,16MAY2019:00:00:00,198494,130855,NA,2020,prog,POLÍTICA INTERNACIONAL,2019,2020
2020,CIÊNCIAS HUMANAS,CIÊNCIA POLÍTICA,POLÍTICA INTERNACIONAL,"RELAÇÕES INTERNACIONAIS, BILATERAIS E MULTILATERAIS",39,CIÊNCIA POLÍTICA E RELAÇÕES INTERNACIONAIS,41001010,585,UFSC,UNIVERSIDADE FEDERAL DE SANTA CATARINA,FEDERAL,PÚBLICA,UNIVERSIDADE,SUL,FLORIANÓPOLIS,ACADÊMICO,41001010083P2,RELAÇÕES INTERNACIONAIS,MASTER'S PROGRAM IN INTERNATIONAL RELATIONS,SC,MESTRADO/DOUTORADO,4,NA,2011/2019,NÃO,NA,EM FUNCIONAMENTO,15MAR2013:00:00:00,196776,129273,NA,2020,prog,"RELAÇÕES INTERNACIONAIS, BILATERAIS E MULTILATERAIS",2011,2020
2020,CIÊNCIAS HUMANAS,CIÊNCIA POLÍTICA,POLÍTICA INTERNACIONAL,"RELAÇÕES INTERNACIONAIS, BILATERAIS E MULTILATERAIS",39,CIÊNCIA POLÍTICA E RELAÇÕES INTERNACIONAIS,42001013,581,UFRGS,UNIVERSIDADE FEDERAL DO RIO GRANDE DO SUL,FEDERAL,PÚBLICA,UNIVERSIDADE,SUL,PORTO ALEGRE,ACADÊMICO,42001013101P0,ESTUDOS ESTRATÉGICOS INTERNACIONAIS,GRADUATE PROGRAM IN INTERNATIONAL STRATEGIC STUDIES,RS,MESTRADO/DOUTORADO,4,NA,2011/2011,NÃO,NA,EM FUNCIONAMENTO,23MAR2012:00:00:00,201724,133485,NA,2020,prog,"RELAÇÕES INTERNACIONAIS, BILATERAIS E MULTILATERAIS",2011,2020
2020,CIÊNCIAS HUMANAS,CIÊNCIA POLÍTICA,NÃO SE APLICA,NÃO SE APLICA,39,CIÊNCIA POLÍTICA E RELAÇÕES INTERNACIONAIS,42001013,581,UFRGS,UNIVERSIDADE FEDERAL DO RIO GRANDE DO SUL,FEDERAL,PÚBLICA,UNIVERSIDADE,SUL,PORTO ALEGRE,ACADÊMICO,42001013156P9,POLÍTICAS PÚBLICAS,POSTGRADUATE PROGRAM IN PUBLIC POLICY,RS,MESTRADO/DOUTORADO,5,NA,2015/2015,NÃO,NA,EM FUNCIONAMENTO,16APR2015:00:00:00,200045,132210,NA,2020,prog,CIÊNCIA POLÍTICA,2015,2020
2020,CIÊNCIAS HUMANAS,CIÊNCIA POLÍTICA,POLÍTICAS PÚBLICAS,NÃO SE APLICA,39,CIÊNCIA POLÍTICA E RELAÇÕES INTERNACIONAIS,42001013,581,UFRGS,UNIVERSIDADE FEDERAL DO RIO GRANDE DO SUL,FEDERAL,PÚBLICA,UNIVERSIDADE,SUL,PORTO ALEGRE,PROFISSIONAL,42001013175P3,SEGURANÇA CIDADÃ,CITIZEN SECURITY,RS,MESTRADO PROFISSIONAL,3,NA,2018,NÃO,NA,EM FUNCIONAMENTO,14SEP2017:00:00:00,200756,132802,NA,2020,prog,POLÍTICAS PÚBLICAS,2018,2020
2020,CIÊNCIAS HUMANAS,CIÊNCIA POLÍTICA,NÃO SE APLICA,NÃO SE APLICA,39,CIÊNCIA POLÍTICA E RELAÇÕES INTERNACIONAIS,42001013,581,UFRGS,UNIVERSIDADE FEDERAL DO RIO GRANDE DO SUL,FEDERAL,PÚBLICA,UNIVERSIDADE,SUL,PORTO ALEGRE,ACADÊMICO,42001013033P4,CIÊNCIA POLÍTICA,POLITICAL SCIENCE,RS,MESTRADO/DOUTORADO,4,NA,1973/1996,NÃO,NA,EM FUNCIONAMENTO,07JAN2013:00:00:00,196522,128998,NA,2020,prog,CIÊNCIA POLÍTICA,1973,2020
2020,CIÊNCIAS HUMANAS,CIÊNCIA POLÍTICA,POLÍTICA INTERNACIONAL,NÃO SE APLICA,39,CIÊNCIA POLÍTICA E RELAÇÕES INTERNACIONAIS,42002010,582,UFSM,UNIVERSIDADE FEDERAL DE SANTA MARIA,FEDERAL,PÚBLICA,UNIVERSIDADE,SUL,SANTA MARIA,ACADÊMICO,42002010163P5,RELAÇÕES INTERNACIONAIS,POSTGRADUATE PROGRAM IN INTERNATIONAL RELATIONS,RS,MESTRADO,A,NA,2018,NÃO,NA,EM FUNCIONAMENTO,11JAN2019:00:00:00,203206,134734,NA,2020,prog,POLÍTICA INTERNACIONAL,2018,2020
2020,CIÊNCIAS HUMANAS,CIÊNCIA POLÍTICA,NÃO SE APLICA,NÃO SE APLICA,39,CIÊNCIA POLÍTICA E RELAÇÕES INTERNACIONAIS,42003016,634,UFPEL,UNIVERSIDADE FEDERAL DE PELOTAS,FEDERAL,PÚBLICA,UNIVERSIDADE,SUL,PELOTAS,ACADÊMICO,42003016037P2,CIÊNCIA POLÍTICA,POLITICAL SCIENCE,RS,MESTRADO/DOUTORADO,4,NA,2011/2016,NÃO,NA,EM FUNCIONAMENTO,28JAN2013:00:00:00,195951,128448,NA,2020,prog,CIÊNCIA POLÍTICA,2011,2020
2020,CIÊNCIAS HUMANAS,CIÊNCIA POLÍTICA,POLÍTICAS PÚBLICAS,NÃO SE APLICA,39,CIÊNCIA POLÍTICA E RELAÇÕES INTERNACIONAIS,42046017,5322,UNIPAMPA,FUNDAÇÃO UNIVERSIDADE FEDERAL DO PAMPA,FEDERAL,PÚBLICA,UNIVERSIDADE,SUL,BAGÉ,PROFISSIONAL,42046017012P6,POLÍTICAS PÚBLICAS,GRADUATE PROGRAM IN PUBLIC POLICY,RS,MESTRADO PROFISSIONAL,3,NA,2016,NÃO,NA,EM FUNCIONAMENTO,22DEC2015:00:00:00,203968,135446,NA,2020,prog,POLÍTICAS PÚBLICAS,2016,2020
2020,CIÊNCIAS HUMANAS,CIÊNCIA POLÍTICA,NÃO SE APLICA,NÃO SE APLICA,39,CIÊNCIA POLÍTICA E RELAÇÕES INTERNACIONAIS,52001016,584,UFG,UNIVERSIDADE FEDERAL DE GOIÁS,FEDERAL,PÚBLICA,UNIVERSIDADE,CENTRO-OESTE,GOIÂNIA,ACADÊMICO,52001016055P6,CIÊNCIA POLÍTICA,GRADUATE PROGRAM IN POLITICAL SCIENCE,GO,MESTRADO,3,NA,2012,NÃO,NA,EM FUNCIONAMENTO,23MAR2012:00:00:00,200344,132381,NA,2020,prog,CIÊNCIA POLÍTICA,2012,2020
2020,CIÊNCIAS HUMANAS,CIÊNCIA POLÍTICA,POLÍTICA INTERNACIONAL,NÃO SE APLICA,39,CIÊNCIA POLÍTICA E RELAÇÕES INTERNACIONAIS,53001010,2,UNB,UNIVERSIDADE DE BRASÍLIA,FEDERAL,PÚBLICA,UNIVERSIDADE,CENTRO-OESTE,BRASÍLIA,ACADÊMICO,53001010025P6,RELAÇÕES INTERNACIONAIS,INTERNATIONAL RELATIONS,DF,MESTRADO/DOUTORADO,6,NA,1984/2002,NÃO,NA,EM FUNCIONAMENTO,29OCT2012:00:00:00,204397,135772,NA,2020,prog,POLÍTICA INTERNACIONAL,1984,2020
2020,CIÊNCIAS HUMANAS,CIÊNCIA POLÍTICA,NÃO SE APLICA,NÃO SE APLICA,39,CIÊNCIA POLÍTICA E RELAÇÕES INTERNACIONAIS,53001010,2,UNB,UNIVERSIDADE DE BRASÍLIA,FEDERAL,PÚBLICA,UNIVERSIDADE,CENTRO-OESTE,BRASÍLIA,ACADÊMICO,53001010026P2,CIÊNCIA POLÍTICA,GRADUATE PROGRAM IN POLITICAL SCIENCE,DF,MESTRADO/DOUTORADO,6,NA,1984/2008,NÃO,NA,EM FUNCIONAMENTO,12MAR2014:00:00:00,204871,136167,NA,2020,prog,CIÊNCIA POLÍTICA,1984,2020
2020,CIÊNCIAS HUMANAS,CIÊNCIA POLÍTICA,POLÍTICAS PÚBLICAS,NÃO SE APLICA,39,CIÊNCIA POLÍTICA E RELAÇÕES INTERNACIONAIS,53013018,NI,ENAP,FUNDAÇÃO ESCOLA NACIONAL DE ADMINISTRAÇÃO PÚBLICA,FEDERAL,PÚBLICA,NÃO INFORMADO,CENTRO-OESTE,BRASÍLIA,PROFISSIONAL,53013018002P7,AVALIAÇÃO E MONITORAMENTO DE POLÍTICAS PÚBLICAS,EVALUATION AND MONITORING OF PUBLIC POLICIES,DF,MESTRADO PROFISSIONAL,A,NA,2020,NÃO,NA,EM FUNCIONAMENTO,25NOV2020:00:00:00,201568,133394,NA,2020,prog,POLÍTICAS PÚBLICAS,2020,2020
2020,CIÊNCIAS HUMANAS,CIÊNCIA POLÍTICA,ESTADO E GOVERNO,NÃO SE APLICA,39,CIÊNCIA POLÍTICA E RELAÇÕES INTERNACIONAIS,53013018,NI,ENAP,FUNDAÇÃO ESCOLA NACIONAL DE ADMINISTRAÇÃO PÚBLICA,FEDERAL,PÚBLICA,NÃO INFORMADO,CENTRO-OESTE,BRASÍLIA,PROFISSIONAL,53013018001P0,GOVERNANÇA E DESENVOLVIMENTO,PROFESSIONAL MASTERS IN GOVERNANCE AND DEVELOPMENT,DF,MESTRADO PROFISSIONAL,3,NA,2017,NÃO,NA,EM FUNCIONAMENTO,23JAN2017:00:00:00,201569,133395,NA,2020,prog,ESTADO E GOVERNO,2017,2020
2020,CIÊNCIAS HUMANAS,CIÊNCIA POLÍTICA,NÃO SE APLICA,NÃO SE APLICA,39,CIÊNCIA POLÍTICA E RELAÇÕES INTERNACIONAIS,53017013,1113,UNIEURO,CENTRO UNIVERSITÁRIO EURO-AMERICANO,PARTICULAR,PRIVADA,CENTRO UNIVERSITÁRIO,CENTRO-OESTE,BRASÍLIA,ACADÊMICO,53017013001P6,"DIREITOS HUMANOS, CIDADANIA E VIOLÊNCIA","HUMAN RIGHTS, CITIZENSHIP AND VIOLENCE",DF,MESTRADO,3,NA,2006,NÃO,NA,EM FUNCIONAMENTO,03APR2013:00:00:00,205521,137120,NA,2020,prog,CIÊNCIA POLÍTICA,2006,2020
2020,CIÊNCIAS HUMANAS,CIÊNCIA POLÍTICA,NÃO SE APLICA,NÃO SE APLICA,39,CIÊNCIA POLÍTICA E RELAÇÕES INTERNACIONAIS,53037014,NI,CEFOR,"CENTRO DE FORMAÇÃO, TREINAMENTO E APERFEIÇOAMENTO",FEDERAL,PÚBLICA,NÃO INFORMADO,CENTRO-OESTE,BRASÍLIA,PROFISSIONAL,53037014001P0,PODER LEGISLATIVO,MA IN LEGISLATIVE AFFAIRS,DF,MESTRADO PROFISSIONAL,4,NA,2013,NÃO,NA,EM FUNCIONAMENTO,30AUG2012:00:00:00,198940,131220,NA,2020,prog,CIÊNCIA POLÍTICA,2013,2020
2020,CIÊNCIAS HUMANAS,CIÊNCIA POLÍTICA,POLÍTICAS PÚBLICAS,NÃO SE APLICA,39,CIÊNCIA POLÍTICA E RELAÇÕES INTERNACIONAIS,53062000,NI,FGV/BSB,FUNDACAO GETULIO VARGAS ( BRASÍLIA ),PARTICULAR,PRIVADA,NÃO INFORMADO,CENTRO-OESTE,BRASÍLIA,ACADÊMICO,53062000001P8,POLÍTICAS PÚBLICAS E GOVERNO,PUBLIC POLICY AND GOVERMENT,DF,MESTRADO,A,NA,2019,NÃO,NA,EM FUNCIONAMENTO,23AUG2019:00:00:00,197755,130172,NA,2020,prog,POLÍTICAS PÚBLICAS,2019,2020
2021,CIÊNCIAS HUMANAS,CIÊNCIA POLÍTICA,POLÍTICA INTERNACIONAL,"RELAÇÕES INTERNACIONAIS, BILATERAIS E MULTILATERAIS",39,CIÊNCIA POLÍTICA E RELAÇÕES INTERNACIONAIS,14001012,830,UNIFAP,UNIVERSIDADE FEDERAL DO AMAPÁ,FEDERAL,PÚBLICA,UNIVERSIDADE,NORTE,MACAPÁ,PROFISSIONAL,14001012156P0,ESTUDOS DE FRONTEIRA,BORDER STUDIES,AP,MESTRADO PROFISSIONAL,4,NA,2017,NÃO,NA,EM FUNCIONAMENTO,22MAR2017:00:00:00,227882,158082,NA,2021,prog,"RELAÇÕES INTERNACIONAIS, BILATERAIS E MULTILATERAIS",2017,2021
2021,CIÊNCIAS HUMANAS,CIÊNCIA POLÍTICA,NÃO SE APLICA,NÃO SE APLICA,39,CIÊNCIA POLÍTICA E RELAÇÕES INTERNACIONAIS,15001016,569,UFPA,UNIVERSIDADE FEDERAL DO PARÁ,FEDERAL,PÚBLICA,UNIVERSIDADE,NORTE,BELÉM,ACADÊMICO,15001016053P9,CIÊNCIA POLÍTICA,PROGRAM IN CIENCIA POLITIC,PA,MESTRADO,4,NA,2008,NÃO,NA,EM FUNCIONAMENTO,18MAR2014:00:00:00,219768,151832,NA,2021,prog,CIÊNCIA POLÍTICA,2008,2021
2021,CIÊNCIAS HUMANAS,CIÊNCIA POLÍTICA,NÃO SE APLICA,NÃO SE APLICA,39,CIÊNCIA POLÍTICA E RELAÇÕES INTERNACIONAIS,21001014,5,FUFPI,FUNDAÇÃO UNIVERSIDADE FEDERAL DO PIAUÍ,FEDERAL,PÚBLICA,UNIVERSIDADE,NORDESTE,TERESINA,ACADÊMICO,21001014082P6,CIÊNCIA POLÍTICA,. POLITICAL SCIENCE AND INTERNATIONAL RELATIONS,PI,MESTRADO,3,NA,2019,NÃO,NA,EM FUNCIONAMENTO,23AUG2019:00:00:00,252155,189861,NA,2021,prog,CIÊNCIA POLÍTICA,2019,2021
2021,CIÊNCIAS HUMANAS,CIÊNCIA POLÍTICA,POLÍTICAS PÚBLICAS,NÃO SE APLICA,39,CIÊNCIA POLÍTICA E RELAÇÕES INTERNACIONAIS,22003010,29,UECE,UNIVERSIDADE ESTADUAL DO CEARÁ,ESTADUAL,PÚBLICA,UNIVERSIDADE,NORDESTE,FORTALEZA,PROFISSIONAL,22003010019P8,PLANEJAMENTO E POLITICAS PÚBLICAS,PLANNING AND PUBLIC POLICY,CE,MESTRADO PROFISSIONAL,4,NA,2006,NÃO,NA,EM FUNCIONAMENTO,10OCT2013:00:00:00,253196,190597,NA,2021,prog,POLÍTICAS PÚBLICAS,2006,2021
2021,CIÊNCIAS HUMANAS,CIÊNCIA POLÍTICA,POLÍTICAS PÚBLICAS,NÃO SE APLICA,39,CIÊNCIA POLÍTICA E RELAÇÕES INTERNACIONAIS,22003010,29,UECE,UNIVERSIDADE ESTADUAL DO CEARÁ,ESTADUAL,PÚBLICA,UNIVERSIDADE,NORDESTE,FORTALEZA,ACADÊMICO,22003010074P9,POLÍTICAS PÚBLICAS,PUBLIC POLICY,CE,DOUTORADO,4,NA,2017,NÃO,NA,EM FUNCIONAMENTO,06APR2017:00:00:00,227907,158069,NA,2021,prog,POLÍTICAS PÚBLICAS,2017,2021
2021,CIÊNCIAS HUMANAS,CIÊNCIA POLÍTICA,NÃO SE APLICA,NÃO SE APLICA,39,CIÊNCIA POLÍTICA E RELAÇÕES INTERNACIONAIS,24001015,579,UFPB-JP,UNIVERSIDADE FEDERAL DA PARAÍBA (JOÃO PESSOA),FEDERAL,PÚBLICA,NÃO INFORMADO,NORDESTE,JOÃO PESSOA,ACADÊMICO,24001015080P1,CIÊNCIA POLÍTICA E RELAÇÕES INTERNACIONAIS,POLITICAL SCIENCE AND INTERNATIONAL RELATIONS,PB,MESTRADO,4,NA,2016,NÃO,NA,EM FUNCIONAMENTO,19MAY2016:00:00:00,248817,186828,NA,2021,prog,CIÊNCIA POLÍTICA,2016,2021
2021,CIÊNCIAS HUMANAS,CIÊNCIA POLÍTICA,NÃO SE APLICA,NÃO SE APLICA,39,CIÊNCIA POLÍTICA E RELAÇÕES INTERNACIONAIS,24004014,550,UEPB,UNIVERSIDADE ESTADUAL DA PARAIBA,ESTADUAL,PÚBLICA,UNIVERSIDADE,NORDESTE,JOÃO PESSOA,ACADÊMICO,24004014007P1,RELAÇOES INTERNACIONAIS,"GRADUATE PROGRAM IN INTERNATIONAL RELATIONS, STATE UNIVERSITY OF PARAIBA",PB,MESTRADO,3,NA,2008,NÃO,NA,EM FUNCIONAMENTO,16AUG2012:00:00:00,224023,154763,NA,2021,prog,CIÊNCIA POLÍTICA,2008,2021
2021,CIÊNCIAS HUMANAS,CIÊNCIA POLÍTICA,NÃO SE APLICA,NÃO SE APLICA,39,CIÊNCIA POLÍTICA E RELAÇÕES INTERNACIONAIS,24009016,2564,UFCG,UNIVERSIDADE FEDERAL DE CAMPINA GRANDE,FEDERAL,PÚBLICA,UNIVERSIDADE,NORDESTE,CAMPINA GRANDE,ACADÊMICO,24009016171P8,CIÊNCIA POLÍTICA,GRADUATE PROGRAM OF POLITICAL SCIENCE AT UNIVERSIDADE FEDERAL DE CAMPINA GRANDE (UFCG),PB,MESTRADO,3,NA,2017,NÃO,NA,EM FUNCIONAMENTO,14MAR2017:00:00:00,226820,157254,NA,2021,prog,CIÊNCIA POLÍTICA,2017,2021
2021,CIÊNCIAS HUMANAS,CIÊNCIA POLÍTICA,NÃO SE APLICA,NÃO SE APLICA,39,CIÊNCIA POLÍTICA E RELAÇÕES INTERNACIONAIS,25001019,580,UFPE,UNIVERSIDADE FEDERAL DE PERNAMBUCO,FEDERAL,PÚBLICA,UNIVERSIDADE,NORDESTE,RECIFE,PROFISSIONAL,25001019091P6,POLÍTICAS PÚBLICAS,POLITICAL SCIENCE,PE,MESTRADO PROFISSIONAL,4,NA,2014,NÃO,NA,EM FUNCIONAMENTO,20NOV2013:00:00:00,225407,156045,NA,2021,prog,CIÊNCIA POLÍTICA,2014,2021
2021,CIÊNCIAS HUMANAS,CIÊNCIA POLÍTICA,NÃO SE APLICA,NÃO SE APLICA,39,CIÊNCIA POLÍTICA E RELAÇÕES INTERNACIONAIS,25001019,580,UFPE,UNIVERSIDADE FEDERAL DE PERNAMBUCO,FEDERAL,PÚBLICA,UNIVERSIDADE,NORDESTE,RECIFE,ACADÊMICO,25001019033P6,CIÊNCIA POLÍTICA,POLITICAL SCIENCE,PE,MESTRADO/DOUTORADO,6,NA,1982/2002,NÃO,NA,EM FUNCIONAMENTO,29JAN2014:00:00:00,225414,156052,NA,2021,prog,CIÊNCIA POLÍTICA,1982,2021
2021,CIÊNCIAS HUMANAS,CIÊNCIA POLÍTICA,NÃO SE APLICA,NÃO SE APLICA,39,CIÊNCIA POLÍTICA E RELAÇÕES INTERNACIONAIS,28001010,578,UFBA,UNIVERSIDADE FEDERAL DA BAHIA,FEDERAL,PÚBLICA,UNIVERSIDADE,NORDESTE,SALVADOR,ACADÊMICO,28001010177P0,CIÊNCIA POLÍTICA,POLITICAL SCIENCE,BA,MESTRADO,A,NA,2021,NÃO,NA,EM FUNCIONAMENTO,25AUG2021:00:00:00,251102,188830,NA,2021,prog,CIÊNCIA POLÍTICA,2021,2021
2021,CIÊNCIAS HUMANAS,CIÊNCIA POLÍTICA,POLÍTICA INTERNACIONAL,"RELAÇÕES INTERNACIONAIS, BILATERAIS E MULTILATERAIS",39,CIÊNCIA POLÍTICA E RELAÇÕES INTERNACIONAIS,28001010,578,UFBA,UNIVERSIDADE FEDERAL DA BAHIA,FEDERAL,PÚBLICA,UNIVERSIDADE,NORDESTE,SALVADOR,ACADÊMICO,28001010094P7,RELAÇÕES INTERNACIONAIS,INTERNATIONAL RELATIONS,BA,MESTRADO/DOUTORADO,4,NA,2014/2021,NÃO,NA,EM FUNCIONAMENTO,05DEC2013:00:00:00,250138,187955,NA,2021,prog,"RELAÇÕES INTERNACIONAIS, BILATERAIS E MULTILATERAIS",2014,2021
2021,CIÊNCIAS HUMANAS,CIÊNCIA POLÍTICA,POLÍTICAS PÚBLICAS,NÃO SE APLICA,39,CIÊNCIA POLÍTICA E RELAÇÕES INTERNACIONAIS,28022017,4503,UFRB,UNIVERSIDADE FEDERAL DO RECÔNCAVO DA BAHIA,FEDERAL,PÚBLICA,UNIVERSIDADE,NORDESTE,CRUZ DAS ALMAS,PROFISSIONAL,28022017008P0,GESTÃO DE POLÍTICAS PÚBLICAS E SEGURANÇA SOCIAL,MANAGEMENT OF PUBLIC POLICY AND SOCIAL SECURITY,BA,MESTRADO PROFISSIONAL,4,NA,2011,NÃO,NA,EM FUNCIONAMENTO,12FEB2014:00:00:00,249147,187076,NA,2021,prog,POLÍTICAS PÚBLICAS,2011,2021
2021,CIÊNCIAS HUMANAS,CIÊNCIA POLÍTICA,NÃO SE APLICA,NÃO SE APLICA,39,CIÊNCIA POLÍTICA E RELAÇÕES INTERNACIONAIS,31001017,586,UFRJ,UNIVERSIDADE FEDERAL DO RIO DE JANEIRO,FEDERAL,PÚBLICA,UNIVERSIDADE,SUDESTE,RIO DE JANEIRO,ACADÊMICO,31001017160P5,POLÍTICAS PÚBLICAS EM DIREITOS HUMANOS,POST-GRADUATE PROGRAM IN PUBLIC POLICIES ON HUMAN RIGHTS,RJ,MESTRADO,3,NA,2015,NÃO,NA,EM FUNCIONAMENTO,25MAY2015:00:00:00,250362,188183,NA,2021,prog,CIÊNCIA POLÍTICA,2015,2021
2021,CIÊNCIAS HUMANAS,CIÊNCIA POLÍTICA,NÃO SE APLICA,NÃO SE APLICA,39,CIÊNCIA POLÍTICA E RELAÇÕES INTERNACIONAIS,31001017,586,UFRJ,UNIVERSIDADE FEDERAL DO RIO DE JANEIRO,FEDERAL,PÚBLICA,UNIVERSIDADE,SUDESTE,RIO DE JANEIRO,ACADÊMICO,31001017137P3,ECONOMIA POLÍTICA INTERNACIONAL,INTERNATIONAL POLITICAL ECONOMY,RJ,MESTRADO/DOUTORADO,4,NA,2009/2009,NÃO,NA,EM FUNCIONAMENTO,09AUG2013:00:00:00,249263,187191,NA,2021,prog,CIÊNCIA POLÍTICA,2009,2021
2021,CIÊNCIAS HUMANAS,CIÊNCIA POLÍTICA,ESTADO E GOVERNO,NÃO SE APLICA,39,CIÊNCIA POLÍTICA E RELAÇÕES INTERNACIONAIS,31003010,572,UFF,UNIVERSIDADE FEDERAL FLUMINENSE,FEDERAL,PÚBLICA,UNIVERSIDADE,SUDESTE,NITERÓI,ACADÊMICO,31003010062P0,ESTUDOS ESTRATÉGICOS DA DEFESA E DA SEGURANÇA,STRATEGIC STUDIES AND DEFENSE GRADUATE PROGRAMME,RJ,MESTRADO/DOUTORADO,4,NA,2008/2019,NÃO,NA,EM FUNCIONAMENTO,07AUG2010:00:00:00,247972,186108,NA,2021,prog,ESTADO E GOVERNO,2008,2021
2021,CIÊNCIAS HUMANAS,CIÊNCIA POLÍTICA,NÃO SE APLICA,NÃO SE APLICA,39,CIÊNCIA POLÍTICA E RELAÇÕES INTERNACIONAIS,31003010,572,UFF,UNIVERSIDADE FEDERAL FLUMINENSE,FEDERAL,PÚBLICA,UNIVERSIDADE,SUDESTE,NITERÓI,ACADÊMICO,31003010033P0,CIÊNCIA POLÍTICA,GRADUATE PROGRAM IN POLITICAL SCIENCE,RJ,MESTRADO/DOUTORADO,4,NA,1994/2006,NÃO,NA,EM FUNCIONAMENTO,07AUG2010:00:00:00,224243,154920,NA,2021,prog,CIÊNCIA POLÍTICA,1994,2021
2021,CIÊNCIAS HUMANAS,CIÊNCIA POLÍTICA,NÃO SE APLICA,NÃO SE APLICA,39,CIÊNCIA POLÍTICA E RELAÇÕES INTERNACIONAIS,31003010,572,UFF,UNIVERSIDADE FEDERAL FLUMINENSE,FEDERAL,PÚBLICA,UNIVERSIDADE,SUDESTE,NITERÓI,PROFISSIONAL,31003010057P6,DEFESA E SEGURANÇA CIVIL,MASTER OF CIVIL DEFENSE AND SECURITY,RJ,MESTRADO PROFISSIONAL,4,NA,2007,NÃO,NA,EM FUNCIONAMENTO,15MAR2013:00:00:00,226147,156650,NA,2021,prog,CIÊNCIA POLÍTICA,2007,2021
2021,CIÊNCIAS HUMANAS,CIÊNCIA POLÍTICA,POLÍTICA INTERNACIONAL,NÃO SE APLICA,39,CIÊNCIA POLÍTICA E RELAÇÕES INTERNACIONAIS,31004016,547,UERJ,UNIVERSIDADE DO ESTADO DO RIO DE JANEIRO,ESTADUAL,PÚBLICA,UNIVERSIDADE,SUDESTE,RIO DE JANEIRO,ACADÊMICO,31004016057P9,RELAÇÕES INTERNACIONAIS,GRADUATE PROGRAM OF INTERNATIONAL RELATIONS,RJ,MESTRADO/DOUTORADO,4,NA,2009/2015,NÃO,NA,EM FUNCIONAMENTO,15JAN2013:00:00:00,248619,186652,NA,2021,prog,POLÍTICA INTERNACIONAL,2009,2021
2021,CIÊNCIAS HUMANAS,CIÊNCIA POLÍTICA,NÃO SE APLICA,NÃO SE APLICA,39,CIÊNCIA POLÍTICA E RELAÇÕES INTERNACIONAIS,31004016,547,UERJ,UNIVERSIDADE DO ESTADO DO RIO DE JANEIRO,ESTADUAL,PÚBLICA,UNIVERSIDADE,SUDESTE,RIO DE JANEIRO,ACADÊMICO,31004016061P6,CIÊNCIA POLÍTICA,GRADUATE PROGRAM IN POLITICAL SCIENCE,RJ,MESTRADO/DOUTORADO,6,NA,2010/2010,NÃO,NA,EM FUNCIONAMENTO,11APR2013:00:00:00,248838,186848,NA,2021,prog,CIÊNCIA POLÍTICA,2010,2021
2021,CIÊNCIAS HUMANAS,CIÊNCIA POLÍTICA,POLÍTICA INTERNACIONAL,"RELAÇÕES INTERNACIONAIS, BILATERAIS E MULTILATERAIS",39,CIÊNCIA POLÍTICA E RELAÇÕES INTERNACIONAIS,31005012,528,PUC-RIO,PONTIFÍCIA UNIVERSIDADE CATÓLICA DO RIO DE JANEIRO,PARTICULAR,PRIVADA,UNIVERSIDADE,SUDESTE,RIO DE JANEIRO,ACADÊMICO,31005012026P2,RELAÇÕES INTERNACIONAIS,INSTITUTE OF INTERNATIONAL RELATIONS,RJ,MESTRADO/DOUTORADO,6,NA,1987/2001,NÃO,NA,EM FUNCIONAMENTO,19FEB2014:00:00:00,250152,187971,NA,2021,prog,"RELAÇÕES INTERNACIONAIS, BILATERAIS E MULTILATERAIS",1987,2021
2021,CIÊNCIAS HUMANAS,CIÊNCIA POLÍTICA,POLÍTICA INTERNACIONAL,"INTEGRAÇÃO INTERNACIONAL, CONFLITO, GUERRA E PAZ",39,CIÊNCIA POLÍTICA E RELAÇÕES INTERNACIONAIS,31005012,528,PUC-RIO,PONTIFÍCIA UNIVERSIDADE CATÓLICA DO RIO DE JANEIRO,PARTICULAR,PRIVADA,UNIVERSIDADE,SUDESTE,RIO DE JANEIRO,PROFISSIONAL,31005012157P0,ANÁLISE E GESTÃO DE POLÍTICAS INTERNACIONAIS: RESOLUÇÃO DE CONFLITOS E COOPERAÇÃO PARA O DESENVOLVIMENTO,PROFESSIONAL MASTER IN ANALYSIS AND MANAGEMENT OF INTERNATIONAL POLICIES: CONFLICT RESOLUTION AND COOPERATION FOR THE DEVELOPMENT,RJ,MESTRADO PROFISSIONAL,4,NA,2016,NÃO,NA,EM FUNCIONAMENTO,19MAY2016:00:00:00,252023,189739,NA,2021,prog,"INTEGRAÇÃO INTERNACIONAL, CONFLITO, GUERRA E PAZ",2016,2021
2021,CIÊNCIAS HUMANAS,CIÊNCIA POLÍTICA,NÃO SE APLICA,NÃO SE APLICA,39,CIÊNCIA POLÍTICA E RELAÇÕES INTERNACIONAIS,31021018,693,UNIRIO,UNIVERSIDADE FEDERAL DO ESTADO DO RIO DE JANEIRO,FEDERAL,PÚBLICA,UNIVERSIDADE,SUDESTE,RIO DE JANEIRO,ACADÊMICO,31021018157P8,CIÊNCIA POLÍTICA,POLITICAL SCIENCE,RJ,MESTRADO,4,NA,2017,NÃO,NA,EM FUNCIONAMENTO,03APR2017:00:00:00,252056,189752,NA,2021,prog,CIÊNCIA POLÍTICA,2017,2021
2021,CIÊNCIAS HUMANAS,CIÊNCIA POLÍTICA,NÃO SE APLICA,NÃO SE APLICA,39,CIÊNCIA POLÍTICA E RELAÇÕES INTERNACIONAIS,31032010,1153,UCAM,UNIVERSIDADE CÂNDIDO MENDES,PARTICULAR,PRIVADA,UNIVERSIDADE,SUDESTE,RIO DE JANEIRO,ACADÊMICO,31032010005P5,CIÊNCIA POLÍTICA (CIÊNCIA POLÍTICA E SOCIOLOGIA),GRADUATE PROGRAM IN POLITICAL SCIENCE AND INTERNATIONAL RELATIONS,RJ,MESTRADO/DOUTORADO,2,NA,1969/1980,NÃO,NA,EM DESATIVACAO,28JUL2014:00:00:00,216894,149659,NA,2021,prog,CIÊNCIA POLÍTICA,1969,2021
2021,CIÊNCIAS HUMANAS,CIÊNCIA POLÍTICA,NÃO SE APLICA,NÃO SE APLICA,39,CIÊNCIA POLÍTICA E RELAÇÕES INTERNACIONAIS,31070019,NI,EGN,ESCOLA DE GUERRA NAVAL,FEDERAL,PÚBLICA,NÃO INFORMADO,SUDESTE,RIO DE JANEIRO,PROFISSIONAL,31070019001P0,ESTUDOS MARÍTIMOS,MARITIME STUDIES POSTGRADUATE PROGRAM,RJ,MESTRADO PROFISSIONAL/DOUTORADO PROFISSIONAL,5,NA,2014/2019,NÃO,NA,EM FUNCIONAMENTO,13FEB2014:00:00:00,249746,187609,NA,2021,prog,CIÊNCIA POLÍTICA,2014,2021
2021,CIÊNCIAS HUMANAS,CIÊNCIA POLÍTICA,NÃO SE APLICA,NÃO SE APLICA,39,CIÊNCIA POLÍTICA E RELAÇÕES INTERNACIONAIS,31096018,NI,UNIFA,UNIVERSIDADE DA FORCA AEREA,FEDERAL,PÚBLICA,NÃO INFORMADO,SUDESTE,RIO DE JANEIRO,PROFISSIONAL,31096018001P2,CIÊNCIAS AEROESPACIAIS,AEROSPACE SCIENCES,RJ,MESTRADO PROFISSIONAL/DOUTORADO PROFISSIONAL,5,NA,2012/2021,NÃO,NA,EM FUNCIONAMENTO,24APR2013:00:00:00,253029,190453,NA,2021,prog,CIÊNCIA POLÍTICA,2012,2021
2021,CIÊNCIAS HUMANAS,CIÊNCIA POLÍTICA,NÃO SE APLICA,NÃO SE APLICA,39,CIÊNCIA POLÍTICA E RELAÇÕES INTERNACIONAIS,31098010,NI,ECEME,ESCOLA DE COMANDO E ESTADO-MAIOR DO EXÉRCITO,FEDERAL,PÚBLICA,NÃO INFORMADO,SUDESTE,RIO DE JANEIRO,ACADÊMICO,31098010001P5,CIÊNCIAS MILITARES,MASTER OF ARTS AND SCIENCES IN MILITARY SCIENCE,RJ,MESTRADO/DOUTORADO,5,NA,2013/2016,NÃO,NA,EM FUNCIONAMENTO,01NOV2013:00:00:00,251819,189539,NA,2021,prog,CIÊNCIA POLÍTICA,2013,2021
2021,CIÊNCIAS HUMANAS,CIÊNCIA POLÍTICA,NÃO SE APLICA,NÃO SE APLICA,39,CIÊNCIA POLÍTICA E RELAÇÕES INTERNACIONAIS,32001010,575,UFMG,UNIVERSIDADE FEDERAL DE MINAS GERAIS,FEDERAL,PÚBLICA,UNIVERSIDADE,SUDESTE,BELO HORIZONTE,ACADÊMICO,32001010011P2,CIÊNCIA POLÍTICA,GRADUATE PROGRAM IN POLITICAL SCIENCE,MG,MESTRADO/DOUTORADO,7,NA,1969/2006,NÃO,NA,EM FUNCIONAMENTO,13MAR2014:00:00:00,252054,189750,NA,2021,prog,CIÊNCIA POLÍTICA,1969,2021
2021,CIÊNCIAS HUMANAS,CIÊNCIA POLÍTICA,POLÍTICA INTERNACIONAL,NÃO SE APLICA,39,CIÊNCIA POLÍTICA E RELAÇÕES INTERNACIONAIS,32006012,17,UFU,UNIVERSIDADE FEDERAL DE UBERLÂNDIA,FEDERAL,PÚBLICA,UNIVERSIDADE,SUDESTE,UBERLÂNDIA,ACADÊMICO,32006012072P3,RELAÇÕES INTERNACIONAIS,INTERNATIONAL RELATIONS,MG,MESTRADO,4,NA,2015,NÃO,NA,EM FUNCIONAMENTO,19MAR2015:00:00:00,252894,190319,NA,2021,prog,POLÍTICA INTERNACIONAL,2015,2021
2021,CIÊNCIAS HUMANAS,CIÊNCIA POLÍTICA,POLÍTICA INTERNACIONAL,NÃO SE APLICA,39,CIÊNCIA POLÍTICA E RELAÇÕES INTERNACIONAIS,32008015,338,PUC/MG,PONTIFÍCIA UNIVERSIDADE CATÓLICA DE MINAS GERAIS,PARTICULAR,PRIVADA,UNIVERSIDADE,SUDESTE,BELO HORIZONTE,ACADÊMICO,32008015017P5,RELAÇÕES INTERNACIONAIS: POLÍTICA INTERNACIONAL,GRADUATE PROGRAM IN INTERNATIONAL RELATIONS,MG,MESTRADO/DOUTORADO,5,NA,2007/2012,NÃO,NA,EM FUNCIONAMENTO,06SEP2012:00:00:00,248774,186766,NA,2021,prog,POLÍTICA INTERNACIONAL,2007,2021
2021,CIÊNCIAS HUMANAS,CIÊNCIA POLÍTICA,NÃO SE APLICA,NÃO SE APLICA,39,CIÊNCIA POLÍTICA E RELAÇÕES INTERNACIONAIS,32025017,1036,UEMG,UNIVERSIDADE DO ESTADO DE MINAS GERAIS,ESTADUAL,PÚBLICA,UNIVERSIDADE,SUDESTE,BELO HORIZONTE,PROFISSIONAL,32025017005P1,SEGURANÇA PÚBLICA E CIDADANIA,PUBLIC SECURITY AND CITIZENSHIP,MG,MESTRADO PROFISSIONAL,3,NA,2019,NÃO,NA,EM FUNCIONAMENTO,30AUG2019:00:00:00,249948,187777,NA,2021,prog,CIÊNCIA POLÍTICA,2019,2021
2021,CIÊNCIAS HUMANAS,CIÊNCIA POLÍTICA,NÃO SE APLICA,NÃO SE APLICA,39,CIÊNCIA POLÍTICA E RELAÇÕES INTERNACIONAIS,33001014,7,UFSCAR,UNIVERSIDADE FEDERAL DE SÃO CARLOS,FEDERAL,PÚBLICA,UNIVERSIDADE,SUDESTE,SÃO CARLOS,ACADÊMICO,33001014026P2,CIENCIA POLITICA,GRADUATE STUDIES PROGRAM IN POLITICAL SCIENCE,SP,MESTRADO/DOUTORADO,5,NA,2008/2008,NÃO,NA,EM FUNCIONAMENTO,15JAN2014:00:00:00,251884,189603,NA,2021,prog,CIÊNCIA POLÍTICA,2008,2021
2021,CIÊNCIAS HUMANAS,CIÊNCIA POLÍTICA,POLÍTICA INTERNACIONAL,"RELAÇÕES INTERNACIONAIS, BILATERAIS E MULTILATERAIS",39,CIÊNCIA POLÍTICA E RELAÇÕES INTERNACIONAIS,33002010,55,USP,UNIVERSIDADE DE SÃO PAULO,ESTADUAL,PÚBLICA,UNIVERSIDADE,SUDESTE,SÃO PAULO,ACADÊMICO,33002010208P0,RELAÇÕES INTERNACIONAIS,INTERNATIONAL RELATIONS,SP,MESTRADO/DOUTORADO,5,NA,2009/2009,NÃO,NA,EM FUNCIONAMENTO,04NOV2013:00:00:00,225757,156361,NA,2021,prog,"RELAÇÕES INTERNACIONAIS, BILATERAIS E MULTILATERAIS",2009,2021
2021,CIÊNCIAS HUMANAS,CIÊNCIA POLÍTICA,NÃO SE APLICA,NÃO SE APLICA,39,CIÊNCIA POLÍTICA E RELAÇÕES INTERNACIONAIS,33002010,55,USP,UNIVERSIDADE DE SÃO PAULO,ESTADUAL,PÚBLICA,UNIVERSIDADE,SUDESTE,SÃO PAULO,ACADÊMICO,33002010030P6,CIÊNCIA POLÍTICA,GRADUATE STUDIES IN POLITICAL SCIENCE AT UNIVERSITY OF SÃO PAULO,SP,MESTRADO/DOUTORADO,7,NA,1974/1974,NÃO,NA,EM FUNCIONAMENTO,01JUN2010:00:00:00,222303,153767,NA,2021,prog,CIÊNCIA POLÍTICA,1974,2021
2021,CIÊNCIAS HUMANAS,CIÊNCIA POLÍTICA,NÃO SE APLICA,NÃO SE APLICA,39,CIÊNCIA POLÍTICA E RELAÇÕES INTERNACIONAIS,33003017,54,UNICAMP,UNIVERSIDADE ESTADUAL DE CAMPINAS,ESTADUAL,PÚBLICA,UNIVERSIDADE,SUDESTE,CAMPINAS,ACADÊMICO,33003017017P6,CIÊNCIA POLÍTICA,GRADUATE PROGRAM IN POLITICAL SCIENCE AT UNICAMP,SP,MESTRADO/DOUTORADO,7,NA,1974/2006,NÃO,NA,EM FUNCIONAMENTO,16APR2013:00:00:00,252931,190360,NA,2021,prog,CIÊNCIA POLÍTICA,1974,2021
2021,CIÊNCIAS HUMANAS,CIÊNCIA POLÍTICA,POLÍTICA INTERNACIONAL,NÃO SE APLICA,39,CIÊNCIA POLÍTICA E RELAÇÕES INTERNACIONAIS,33004013,56,UNESP-REITORIA,UNIVERSIDADE ESTADUAL PAULISTA JÚLIO DE MESQUITA FILHO (SEDE),ESTADUAL,PÚBLICA,UNIVERSIDADE,SUDESTE,SÃO PAULO,ACADÊMICO,33004110044P0,RELAÇÕES INTERNACIONAIS (UNESP - UNICAMP - PUC-SP),"GRADUATE PROGRAM IN INTERNATIONAL RELATIONS SAN TIAGO DANTAS (UNESP, UNICAMP, PUC-SP)",SP,MESTRADO/DOUTORADO,5,NA,2003/2011,SIM,UNICAMP;UNESP-MAR;PUC/SP,EM FUNCIONAMENTO,18JUN2013:00:00:00,224655,155311,NA,2021,prog,POLÍTICA INTERNACIONAL,2003,2021
2021,CIÊNCIAS HUMANAS,CIÊNCIA POLÍTICA,POLÍTICA INTERNACIONAL,"RELAÇÕES INTERNACIONAIS, BILATERAIS E MULTILATERAIS",39,CIÊNCIA POLÍTICA E RELAÇÕES INTERNACIONAIS,33005010,546,PUC/SP,PONTIFÍCIA UNIVERSIDADE CATÓLICA DE SÃO PAULO,PARTICULAR,PRIVADA,UNIVERSIDADE,SUDESTE,SÃO PAULO,PROFISSIONAL,33005010046P2,GOVERNANÇA GLOBAL E FORMULAÇÃO DE POLÍTICAS INTERNACIONAIS,GLOBAL GOVERNANCE AND INTERNATIONAL POLICY FORMULATION,SP,MESTRADO PROFISSIONAL,3,NA,2019,NÃO,NA,EM FUNCIONAMENTO,05FEB2019:00:00:00,225968,156547,NA,2021,prog,"RELAÇÕES INTERNACIONAIS, BILATERAIS E MULTILATERAIS",2019,2021
2021,CIÊNCIAS HUMANAS,CIÊNCIA POLÍTICA,NÃO SE APLICA,NÃO SE APLICA,39,CIÊNCIA POLÍTICA E RELAÇÕES INTERNACIONAIS,33011010,602,ITA,INSTITUTO TECNOLÓGICO DE AERONÁUTICA,FEDERAL,PÚBLICA,FACULDADE,SUDESTE,SÃO JOSÉ DOS CAMPOS,PROFISSIONAL,33011010014P0,SEGURANÇA DE AVIAÇÃO E AERONAVEGABILIDADE CONTINUADA,AVIATION SAFETY AND CONTINUED AIRWORTHINESS,SP,MESTRADO PROFISSIONAL,3,NA,2018,NÃO,NA,EM FUNCIONAMENTO,20FEB2019:00:00:00,250488,188249,NA,2021,prog,CIÊNCIA POLÍTICA,2018,2021
2021,CIÊNCIAS HUMANAS,CIÊNCIA POLÍTICA,POLÍTICAS PÚBLICAS,NÃO SE APLICA,39,CIÊNCIA POLÍTICA E RELAÇÕES INTERNACIONAIS,33144010,4925,UFABC,UNIVERSIDADE FEDERAL DO ABC,FEDERAL,PÚBLICA,UNIVERSIDADE,SUDESTE,SÃO BERNARDO DO CAMPO,ACADÊMICO,33144010019P3,POLÍTICAS PÚBLICAS,PUBLIC POLICIES,SP,MESTRADO/DOUTORADO,4,NA,2014/2021,NÃO,NA,EM FUNCIONAMENTO,28FEB2014:00:00:00,226788,157227,NA,2021,prog,POLÍTICAS PÚBLICAS,2014,2021
2021,CIÊNCIAS HUMANAS,CIÊNCIA POLÍTICA,POLÍTICA INTERNACIONAL,"RELAÇÕES INTERNACIONAIS, BILATERAIS E MULTILATERAIS",39,CIÊNCIA POLÍTICA E RELAÇÕES INTERNACIONAIS,33144010,4925,UFABC,UNIVERSIDADE FEDERAL DO ABC,FEDERAL,PÚBLICA,UNIVERSIDADE,SUDESTE,SANTO ANDRÉ,ACADÊMICO,33144010173P2,RELAÇÕES INTERNACIONAIS,INTERNATIONAL RELATIONS,SP,MESTRADO,3,NA,2019,NÃO,NA,EM FUNCIONAMENTO,24MAY2019:00:00:00,248007,186143,NA,2021,prog,"RELAÇÕES INTERNACIONAIS, BILATERAIS E MULTILATERAIS",2019,2021
2021,CIÊNCIAS HUMANAS,CIÊNCIA POLÍTICA,NÃO SE APLICA,NÃO SE APLICA,39,CIÊNCIA POLÍTICA E RELAÇÕES INTERNACIONAIS,33324000,NI,ESG,ESCOLA SUPERIOR DE GUERRA,FEDERAL,PÚBLICA,NÃO INFORMADO,SUDESTE,RIO DE JANEIRO,ACADÊMICO,33324000001P2,SEGURANÇA INTERNACIONAL E DEFESA,INTERNATIONAL SECURITY AND DEFENSE,RJ,MESTRADO,3,NA,2019,NÃO,NA,EM FUNCIONAMENTO,28MAR2019:00:00:00,228912,158704,NA,2021,prog,CIÊNCIA POLÍTICA,2019,2021
2021,CIÊNCIAS HUMANAS,CIÊNCIA POLÍTICA,NÃO SE APLICA,NÃO SE APLICA,39,CIÊNCIA POLÍTICA E RELAÇÕES INTERNACIONAIS,40001016,571,UFPR,UNIVERSIDADE FEDERAL DO PARANÁ,FEDERAL,PÚBLICA,UNIVERSIDADE,SUL,CURITIBA,ACADÊMICO,40001016061P2,CIÊNCIA POLÍTICA,POLITICAL SCIENCE GRADUATE PROGRAM,PR,MESTRADO/DOUTORADO,6,NA,2009/2014,NÃO,NA,EM FUNCIONAMENTO,19MAR2013:00:00:00,226684,157145,NA,2021,prog,CIÊNCIA POLÍTICA,2009,2021
2021,CIÊNCIAS HUMANAS,CIÊNCIA POLÍTICA,POLÍTICAS PÚBLICAS,NÃO SE APLICA,39,CIÊNCIA POLÍTICA E RELAÇÕES INTERNACIONAIS,40004015,57,UEM,UNIVERSIDADE ESTADUAL DE MARINGÁ,ESTADUAL,PÚBLICA,UNIVERSIDADE,SUL,MARINGÁ,PROFISSIONAL,40004015033P8,POLÍTICAS PÚBLICAS,PUBLIC POLICIES,PR,MESTRADO PROFISSIONAL,4,NA,2010,NÃO,NA,EM FUNCIONAMENTO,13JUL2009:00:00:00,246431,184772,NA,2021,prog,POLÍTICAS PÚBLICAS,2010,2021
2021,CIÊNCIAS HUMANAS,CIÊNCIA POLÍTICA,NÃO SE APLICA,NÃO SE APLICA,39,CIÊNCIA POLÍTICA E RELAÇÕES INTERNACIONAIS,40043010,15001,UNILA,UNIVERSIDADE FEDERAL DA INTEGRAÇÃO LATINO-AMERICANA,FEDERAL,PÚBLICA,UNIVERSIDADE,SUL,FOZ DO IGUAÇU,ACADÊMICO,40043010002P6,INTEGRAÇÃO CONTEMPORÂNEA DA AMÉRICA LATINA - ICAL,CONTEMPORARY LATIN AMERICAN INTEGRATION,PR,MESTRADO,4,NA,2014,NÃO,NA,EM FUNCIONAMENTO,15AUG2014:00:00:00,226979,157380,NA,2021,prog,CIÊNCIA POLÍTICA,2014,2021
2021,CIÊNCIAS HUMANAS,CIÊNCIA POLÍTICA,POLÍTICA INTERNACIONAL,NÃO SE APLICA,39,CIÊNCIA POLÍTICA E RELAÇÕES INTERNACIONAIS,40043010,15001,UNILA,UNIVERSIDADE FEDERAL DA INTEGRAÇÃO LATINO-AMERICANA,FEDERAL,PÚBLICA,UNIVERSIDADE,SUL,FOZ DO IGUAÇU,ACADÊMICO,40043010009P0,RELAÇÕES INTERNACIONAIS,MASTER IN INTERNATIONAL RELATIONS,PR,MESTRADO,3,NA,2019,NÃO,NA,EM FUNCIONAMENTO,16MAY2019:00:00:00,227790,158023,NA,2021,prog,POLÍTICA INTERNACIONAL,2019,2021
2021,CIÊNCIAS HUMANAS,CIÊNCIA POLÍTICA,POLÍTICA INTERNACIONAL,"RELAÇÕES INTERNACIONAIS, BILATERAIS E MULTILATERAIS",39,CIÊNCIA POLÍTICA E RELAÇÕES INTERNACIONAIS,41001010,585,UFSC,UNIVERSIDADE FEDERAL DE SANTA CATARINA,FEDERAL,PÚBLICA,UNIVERSIDADE,SUL,FLORIANÓPOLIS,ACADÊMICO,41001010083P2,RELAÇÕES INTERNACIONAIS,MASTER'S PROGRAM IN INTERNATIONAL RELATIONS,SC,MESTRADO/DOUTORADO,4,NA,2011/2019,NÃO,NA,EM FUNCIONAMENTO,15MAR2013:00:00:00,251158,188906,NA,2021,prog,"RELAÇÕES INTERNACIONAIS, BILATERAIS E MULTILATERAIS",2011,2021
2021,CIÊNCIAS HUMANAS,CIÊNCIA POLÍTICA,NÃO SE APLICA,NÃO SE APLICA,39,CIÊNCIA POLÍTICA E RELAÇÕES INTERNACIONAIS,42001013,581,UFRGS,UNIVERSIDADE FEDERAL DO RIO GRANDE DO SUL,FEDERAL,PÚBLICA,UNIVERSIDADE,SUL,PORTO ALEGRE,ACADÊMICO,42001013156P9,POLÍTICAS PÚBLICAS,POSTGRADUATE PROGRAM IN PUBLIC POLICY,RS,MESTRADO/DOUTORADO,4,NA,2015/2015,NÃO,NA,EM FUNCIONAMENTO,16APR2015:00:00:00,225462,156079,NA,2021,prog,CIÊNCIA POLÍTICA,2015,2021
2021,CIÊNCIAS HUMANAS,CIÊNCIA POLÍTICA,POLÍTICAS PÚBLICAS,NÃO SE APLICA,39,CIÊNCIA POLÍTICA E RELAÇÕES INTERNACIONAIS,42001013,581,UFRGS,UNIVERSIDADE FEDERAL DO RIO GRANDE DO SUL,FEDERAL,PÚBLICA,UNIVERSIDADE,SUL,PORTO ALEGRE,PROFISSIONAL,42001013175P3,SEGURANÇA CIDADÃ,CITIZEN SECURITY,RS,MESTRADO PROFISSIONAL,3,NA,2018,NÃO,NA,EM FUNCIONAMENTO,14SEP2017:00:00:00,225682,156267,NA,2021,prog,POLÍTICAS PÚBLICAS,2018,2021
2021,CIÊNCIAS HUMANAS,CIÊNCIA POLÍTICA,POLÍTICA INTERNACIONAL,"RELAÇÕES INTERNACIONAIS, BILATERAIS E MULTILATERAIS",39,CIÊNCIA POLÍTICA E RELAÇÕES INTERNACIONAIS,42001013,581,UFRGS,UNIVERSIDADE FEDERAL DO RIO GRANDE DO SUL,FEDERAL,PÚBLICA,UNIVERSIDADE,SUL,PORTO ALEGRE,ACADÊMICO,42001013101P0,ESTUDOS ESTRATÉGICOS INTERNACIONAIS,GRADUATE PROGRAM IN INTERNATIONAL STRATEGIC STUDIES,RS,MESTRADO/DOUTORADO,4,NA,2011/2011,NÃO,NA,EM FUNCIONAMENTO,23MAR2012:00:00:00,225783,156373,NA,2021,prog,"RELAÇÕES INTERNACIONAIS, BILATERAIS E MULTILATERAIS",2011,2021
2021,CIÊNCIAS HUMANAS,CIÊNCIA POLÍTICA,NÃO SE APLICA,NÃO SE APLICA,39,CIÊNCIA POLÍTICA E RELAÇÕES INTERNACIONAIS,42001013,581,UFRGS,UNIVERSIDADE FEDERAL DO RIO GRANDE DO SUL,FEDERAL,PÚBLICA,UNIVERSIDADE,SUL,PORTO ALEGRE,ACADÊMICO,42001013033P4,CIÊNCIA POLÍTICA,POLITICAL SCIENCE,RS,MESTRADO/DOUTORADO,5,NA,1973/1996,NÃO,NA,EM FUNCIONAMENTO,07JAN2013:00:00:00,247298,185543,NA,2021,prog,CIÊNCIA POLÍTICA,1973,2021
2021,CIÊNCIAS HUMANAS,CIÊNCIA POLÍTICA,POLÍTICA INTERNACIONAL,NÃO SE APLICA,39,CIÊNCIA POLÍTICA E RELAÇÕES INTERNACIONAIS,42002010,582,UFSM,UNIVERSIDADE FEDERAL DE SANTA MARIA,FEDERAL,PÚBLICA,UNIVERSIDADE,SUL,SANTA MARIA,ACADÊMICO,42002010163P5,RELAÇÕES INTERNACIONAIS,POSTGRADUATE PROGRAM IN INTERNATIONAL RELATIONS,RS,MESTRADO,3,NA,2018,NÃO,NA,EM FUNCIONAMENTO,11JAN2019:00:00:00,220803,152677,NA,2021,prog,POLÍTICA INTERNACIONAL,2018,2021
2021,CIÊNCIAS HUMANAS,CIÊNCIA POLÍTICA,NÃO SE APLICA,NÃO SE APLICA,39,CIÊNCIA POLÍTICA E RELAÇÕES INTERNACIONAIS,42003016,634,UFPEL,UNIVERSIDADE FEDERAL DE PELOTAS,FEDERAL,PÚBLICA,UNIVERSIDADE,SUL,PELOTAS,ACADÊMICO,42003016037P2,CIÊNCIA POLÍTICA,POLITICAL SCIENCE,RS,MESTRADO/DOUTORADO,5,NA,2011/2016,NÃO,NA,EM FUNCIONAMENTO,28JAN2013:00:00:00,247975,186111,NA,2021,prog,CIÊNCIA POLÍTICA,2011,2021
2021,CIÊNCIAS HUMANAS,CIÊNCIA POLÍTICA,POLÍTICAS PÚBLICAS,NÃO SE APLICA,39,CIÊNCIA POLÍTICA E RELAÇÕES INTERNACIONAIS,42046017,5322,UNIPAMPA,FUNDAÇÃO UNIVERSIDADE FEDERAL DO PAMPA,FEDERAL,PÚBLICA,UNIVERSIDADE,SUL,SÃO BORJA,PROFISSIONAL,42046017012P6,POLÍTICAS PÚBLICAS,GRADUATE PROGRAM IN PUBLIC POLICY,RS,MESTRADO PROFISSIONAL,4,NA,2016,NÃO,NA,EM FUNCIONAMENTO,22DEC2015:00:00:00,253191,190592,NA,2021,prog,POLÍTICAS PÚBLICAS,2016,2021
2021,CIÊNCIAS HUMANAS,CIÊNCIA POLÍTICA,NÃO SE APLICA,NÃO SE APLICA,39,CIÊNCIA POLÍTICA E RELAÇÕES INTERNACIONAIS,52001016,584,UFG,UNIVERSIDADE FEDERAL DE GOIÁS,FEDERAL,PÚBLICA,UNIVERSIDADE,CENTRO-OESTE,GOIÂNIA,ACADÊMICO,52001016055P6,CIÊNCIA POLÍTICA,GRADUATE PROGRAM IN POLITICAL SCIENCE,GO,MESTRADO,4,NA,2012,NÃO,NA,EM FUNCIONAMENTO,23MAR2012:00:00:00,226757,157174,NA,2021,prog,CIÊNCIA POLÍTICA,2012,2021
2021,CIÊNCIAS HUMANAS,CIÊNCIA POLÍTICA,POLÍTICA INTERNACIONAL,NÃO SE APLICA,39,CIÊNCIA POLÍTICA E RELAÇÕES INTERNACIONAIS,53001010,2,UNB,UNIVERSIDADE DE BRASÍLIA,FEDERAL,PÚBLICA,UNIVERSIDADE,CENTRO-OESTE,BRASÍLIA,ACADÊMICO,53001010025P6,RELAÇÕES INTERNACIONAIS,INTERNATIONAL RELATIONS,DF,MESTRADO/DOUTORADO,5,NA,1984/2002,NÃO,NA,EM FUNCIONAMENTO,29OCT2012:00:00:00,249012,186962,NA,2021,prog,POLÍTICA INTERNACIONAL,1984,2021
2021,CIÊNCIAS HUMANAS,CIÊNCIA POLÍTICA,NÃO SE APLICA,NÃO SE APLICA,39,CIÊNCIA POLÍTICA E RELAÇÕES INTERNACIONAIS,53001010,2,UNB,UNIVERSIDADE DE BRASÍLIA,FEDERAL,PÚBLICA,UNIVERSIDADE,CENTRO-OESTE,BRASÍLIA,ACADÊMICO,53001010026P2,CIÊNCIA POLÍTICA,GRADUATE PROGRAM IN POLITICAL SCIENCE,DF,MESTRADO/DOUTORADO,7,NA,1984/2008,NÃO,NA,EM FUNCIONAMENTO,12MAR2014:00:00:00,228420,158455,NA,2021,prog,CIÊNCIA POLÍTICA,1984,2021
2021,CIÊNCIAS HUMANAS,CIÊNCIA POLÍTICA,POLÍTICAS PÚBLICAS,NÃO SE APLICA,39,CIÊNCIA POLÍTICA E RELAÇÕES INTERNACIONAIS,53013018,NI,ENAP,FUNDAÇÃO ESCOLA NACIONAL DE ADMINISTRAÇÃO PÚBLICA,FEDERAL,PÚBLICA,NÃO INFORMADO,CENTRO-OESTE,BRASÍLIA,PROFISSIONAL,53013018002P7,AVALIAÇÃO E MONITORAMENTO DE POLÍTICAS PÚBLICAS,EVALUATION AND MONITORING OF PUBLIC POLICIES,DF,MESTRADO PROFISSIONAL,3,NA,2020,NÃO,NA,EM FUNCIONAMENTO,25NOV2020:00:00:00,251855,189574,NA,2021,prog,POLÍTICAS PÚBLICAS,2020,2021
2021,CIÊNCIAS HUMANAS,CIÊNCIA POLÍTICA,POLÍTICAS PÚBLICAS,NÃO SE APLICA,39,CIÊNCIA POLÍTICA E RELAÇÕES INTERNACIONAIS,53013018,NI,ENAP,FUNDAÇÃO ESCOLA NACIONAL DE ADMINISTRAÇÃO PÚBLICA,FEDERAL,PÚBLICA,NÃO INFORMADO,CENTRO-OESTE,BRASÍLIA,PROFISSIONAL,53013018003P3,POLÍTICAS PÚBLICAS,PUBLIC POLICY,DF,DOUTORADO PROFISSIONAL,A,NA,2021,NÃO,NA,EM FUNCIONAMENTO,14OCT2021:00:00:00,251576,189298,NA,2021,prog,POLÍTICAS PÚBLICAS,2021,2021
2021,CIÊNCIAS HUMANAS,CIÊNCIA POLÍTICA,ESTADO E GOVERNO,NÃO SE APLICA,39,CIÊNCIA POLÍTICA E RELAÇÕES INTERNACIONAIS,53013018,NI,ENAP,FUNDAÇÃO ESCOLA NACIONAL DE ADMINISTRAÇÃO PÚBLICA,FEDERAL,PÚBLICA,NÃO INFORMADO,CENTRO-OESTE,BRASÍLIA,PROFISSIONAL,53013018001P0,GOVERNANÇA E DESENVOLVIMENTO,PROFESSIONAL MASTERS IN GOVERNANCE AND DEVELOPMENT,DF,MESTRADO PROFISSIONAL,3,NA,2017,NÃO,NA,EM FUNCIONAMENTO,23JAN2017:00:00:00,251840,189560,NA,2021,prog,ESTADO E GOVERNO,2017,2021
2021,CIÊNCIAS HUMANAS,CIÊNCIA POLÍTICA,NÃO SE APLICA,NÃO SE APLICA,39,CIÊNCIA POLÍTICA E RELAÇÕES INTERNACIONAIS,53017013,1113,UNIEURO,CENTRO UNIVERSITÁRIO EURO-AMERICANO,PARTICULAR,PRIVADA,CENTRO UNIVERSITÁRIO,CENTRO-OESTE,BRASÍLIA,ACADÊMICO,53017013001P6,"DIREITOS HUMANOS, CIDADANIA E VIOLÊNCIA","HUMAN RIGHTS, CITIZENSHIP AND VIOLENCE",DF,MESTRADO,3,NA,2006,NÃO,NA,EM FUNCIONAMENTO,17APR2006:11:23:00,216512,149343,NA,2021,prog,CIÊNCIA POLÍTICA,2006,2021
2021,CIÊNCIAS HUMANAS,CIÊNCIA POLÍTICA,NÃO SE APLICA,NÃO SE APLICA,39,CIÊNCIA POLÍTICA E RELAÇÕES INTERNACIONAIS,53037014,NI,CEFOR,"CENTRO DE FORMAÇÃO, TREINAMENTO E APERFEIÇOAMENTO",FEDERAL,PÚBLICA,NÃO INFORMADO,CENTRO-OESTE,BRASÍLIA,PROFISSIONAL,53037014001P0,PODER LEGISLATIVO,MA IN LEGISLATIVE AFFAIRS,DF,MESTRADO PROFISSIONAL,5,NA,2013,NÃO,NA,EM FUNCIONAMENTO,30AUG2012:00:00:00,252189,189895,NA,2021,prog,CIÊNCIA POLÍTICA,2013,2021
2021,CIÊNCIAS HUMANAS,CIÊNCIA POLÍTICA,POLÍTICAS PÚBLICAS,NÃO SE APLICA,39,CIÊNCIA POLÍTICA E RELAÇÕES INTERNACIONAIS,53062000,19320,FGV/BSB,FUNDACAO GETULIO VARGAS ( BRASÍLIA ),PARTICULAR,PRIVADA,NÃO INFORMADO,CENTRO-OESTE,BRASÍLIA,ACADÊMICO,53062000001P8,POLÍTICAS PÚBLICAS E GOVERNO,PUBLIC POLICY AND GOVERMENT,DF,MESTRADO,3,NA,2019,NÃO,NA,EM FUNCIONAMENTO,23AUG2019:00:00:00,250857,188609,NA,2021,prog,POLÍTICAS PÚBLICAS,2019,2021
2022,CIÊNCIAS HUMANAS,CIÊNCIA POLÍTICA,POLÍTICA INTERNACIONAL,"RELAÇÕES INTERNACIONAIS, BILATERAIS E MULTILATERAIS",39,CIÊNCIA POLÍTICA E RELAÇÕES INTERNACIONAIS,14001012,830,UNIFAP,UNIVERSIDADE FEDERAL DO AMAPÁ,FEDERAL,PÚBLICA,UNIVERSIDADE,NORTE,MACAPÁ,PROFISSIONAL,14001012156P0,ESTUDOS DE FRONTEIRA,BORDER STUDIES,AP,MESTRADO PROFISSIONAL,4,NA,2017,NÃO,NA,EM FUNCIONAMENTO,22MAR2017:00:00:00,233035,163101,NA,2022,prog,"RELAÇÕES INTERNACIONAIS, BILATERAIS E MULTILATERAIS",2017,2022
2022,CIÊNCIAS HUMANAS,CIÊNCIA POLÍTICA,NÃO SE APLICA,NÃO SE APLICA,39,CIÊNCIA POLÍTICA E RELAÇÕES INTERNACIONAIS,15001016,569,UFPA,UNIVERSIDADE FEDERAL DO PARÁ,FEDERAL,PÚBLICA,UNIVERSIDADE,NORTE,BELÉM,ACADÊMICO,15001016053P9,CIÊNCIA POLÍTICA,PROGRAM IN CIENCIA POLITIC,PA,MESTRADO,4,NA,2008,NÃO,NA,EM FUNCIONAMENTO,18MAR2014:00:00:00,230959,160962,NA,2022,prog,CIÊNCIA POLÍTICA,2008,2022
2022,CIÊNCIAS HUMANAS,CIÊNCIA POLÍTICA,NÃO SE APLICA,NÃO SE APLICA,39,CIÊNCIA POLÍTICA E RELAÇÕES INTERNACIONAIS,21001014,5,FUFPI,FUNDAÇÃO UNIVERSIDADE FEDERAL DO PIAUÍ,FEDERAL,PÚBLICA,UNIVERSIDADE,NORDESTE,TERESINA,ACADÊMICO,21001014082P6,CIÊNCIA POLÍTICA,. POLITICAL SCIENCE AND INTERNATIONAL RELATIONS,PI,MESTRADO,3,NA,2019,NÃO,NA,EM FUNCIONAMENTO,23AUG2019:00:00:00,253213,190581,NA,2022,prog,CIÊNCIA POLÍTICA,2019,2022
2022,CIÊNCIAS HUMANAS,CIÊNCIA POLÍTICA,POLÍTICAS PÚBLICAS,NÃO SE APLICA,39,CIÊNCIA POLÍTICA E RELAÇÕES INTERNACIONAIS,22003010,29,UECE,UNIVERSIDADE ESTADUAL DO CEARÁ,ESTADUAL,PÚBLICA,UNIVERSIDADE,NORDESTE,FORTALEZA,PROFISSIONAL,22003010019P8,PLANEJAMENTO E POLITICAS PÚBLICAS,PLANNING AND PUBLIC POLICY,CE,MESTRADO PROFISSIONAL,4,NA,2006,NÃO,NA,EM FUNCIONAMENTO,10OCT2013:00:00:00,251581,189323,NA,2022,prog,POLÍTICAS PÚBLICAS,2006,2022
2022,CIÊNCIAS HUMANAS,CIÊNCIA POLÍTICA,POLÍTICAS PÚBLICAS,NÃO SE APLICA,39,CIÊNCIA POLÍTICA E RELAÇÕES INTERNACIONAIS,22003010,29,UECE,UNIVERSIDADE ESTADUAL DO CEARÁ,ESTADUAL,PÚBLICA,UNIVERSIDADE,NORDESTE,FORTALEZA,ACADÊMICO,22003010074P9,POLÍTICAS PÚBLICAS,PUBLIC POLICY,CE,DOUTORADO,4,NA,2017,NÃO,NA,EM FUNCIONAMENTO,06APR2017:00:00:00,234742,164552,NA,2022,prog,POLÍTICAS PÚBLICAS,2017,2022
2022,CIÊNCIAS HUMANAS,CIÊNCIA POLÍTICA,NÃO SE APLICA,NÃO SE APLICA,39,CIÊNCIA POLÍTICA E RELAÇÕES INTERNACIONAIS,24001015,579,UFPB-JP,UNIVERSIDADE FEDERAL DA PARAÍBA (JOÃO PESSOA),FEDERAL,PÚBLICA,NÃO INFORMADO,NORDESTE,JOÃO PESSOA,ACADÊMICO,24001015080P1,CIÊNCIA POLÍTICA E RELAÇÕES INTERNACIONAIS,POLITICAL SCIENCE AND INTERNATIONAL RELATIONS,PB,MESTRADO,4,NA,2016,NÃO,NA,EM FUNCIONAMENTO,19MAY2016:00:00:00,248850,186840,NA,2022,prog,CIÊNCIA POLÍTICA,2016,2022
2022,CIÊNCIAS HUMANAS,CIÊNCIA POLÍTICA,NÃO SE APLICA,NÃO SE APLICA,39,CIÊNCIA POLÍTICA E RELAÇÕES INTERNACIONAIS,24004014,550,UEPB,UNIVERSIDADE ESTADUAL DA PARAIBA,ESTADUAL,PÚBLICA,UNIVERSIDADE,NORDESTE,JOÃO PESSOA,ACADÊMICO,24004014007P1,RELAÇOES INTERNACIONAIS,"GRADUATE PROGRAM IN INTERNATIONAL RELATIONS, STATE UNIVERSITY OF PARAIBA",PB,MESTRADO,3,NA,2008,NÃO,NA,EM FUNCIONAMENTO,16AUG2012:00:00:00,236630,166209,NA,2022,prog,CIÊNCIA POLÍTICA,2008,2022
2022,CIÊNCIAS HUMANAS,CIÊNCIA POLÍTICA,NÃO SE APLICA,NÃO SE APLICA,39,CIÊNCIA POLÍTICA E RELAÇÕES INTERNACIONAIS,24009016,2564,UFCG,UNIVERSIDADE FEDERAL DE CAMPINA GRANDE,FEDERAL,PÚBLICA,UNIVERSIDADE,NORDESTE,CAMPINA GRANDE,ACADÊMICO,24009016171P8,CIÊNCIA POLÍTICA,GRADUATE PROGRAM OF POLITICAL SCIENCE AT UNIVERSIDADE FEDERAL DE CAMPINA GRANDE (UFCG),PB,MESTRADO,3,NA,2017,NÃO,NA,EM FUNCIONAMENTO,14MAR2017:00:00:00,251222,188986,NA,2022,prog,CIÊNCIA POLÍTICA,2017,2022
2022,CIÊNCIAS HUMANAS,CIÊNCIA POLÍTICA,NÃO SE APLICA,NÃO SE APLICA,39,CIÊNCIA POLÍTICA E RELAÇÕES INTERNACIONAIS,25001019,580,UFPE,UNIVERSIDADE FEDERAL DE PERNAMBUCO,FEDERAL,PÚBLICA,UNIVERSIDADE,NORDESTE,RECIFE,ACADÊMICO,25001019033P6,CIÊNCIA POLÍTICA,POLITICAL SCIENCE,PE,MESTRADO/DOUTORADO,6,NA,1982/2002,NÃO,NA,EM FUNCIONAMENTO,29JAN2014:00:00:00,235810,165531,NA,2022,prog,CIÊNCIA POLÍTICA,1982,2022
2022,CIÊNCIAS HUMANAS,CIÊNCIA POLÍTICA,NÃO SE APLICA,NÃO SE APLICA,39,CIÊNCIA POLÍTICA E RELAÇÕES INTERNACIONAIS,25001019,580,UFPE,UNIVERSIDADE FEDERAL DE PERNAMBUCO,FEDERAL,PÚBLICA,UNIVERSIDADE,NORDESTE,RECIFE,PROFISSIONAL,25001019091P6,POLÍTICAS PÚBLICAS,POLITICAL SCIENCE,PE,MESTRADO PROFISSIONAL,4,NA,2014,NÃO,NA,EM FUNCIONAMENTO,20NOV2013:00:00:00,237181,166660,NA,2022,prog,CIÊNCIA POLÍTICA,2014,2022
2022,CIÊNCIAS HUMANAS,CIÊNCIA POLÍTICA,NÃO SE APLICA,NÃO SE APLICA,39,CIÊNCIA POLÍTICA E RELAÇÕES INTERNACIONAIS,28001010,578,UFBA,UNIVERSIDADE FEDERAL DA BAHIA,FEDERAL,PÚBLICA,UNIVERSIDADE,NORDESTE,SALVADOR,ACADÊMICO,28001010177P0,CIÊNCIA POLÍTICA,POLITICAL SCIENCE,BA,MESTRADO,A,NA,2021,NÃO,NA,EM FUNCIONAMENTO,25AUG2021:00:00:00,251138,188887,NA,2022,prog,CIÊNCIA POLÍTICA,2021,2022
2022,CIÊNCIAS HUMANAS,CIÊNCIA POLÍTICA,POLÍTICA INTERNACIONAL,"RELAÇÕES INTERNACIONAIS, BILATERAIS E MULTILATERAIS",39,CIÊNCIA POLÍTICA E RELAÇÕES INTERNACIONAIS,28001010,578,UFBA,UNIVERSIDADE FEDERAL DA BAHIA,FEDERAL,PÚBLICA,UNIVERSIDADE,NORDESTE,SALVADOR,ACADÊMICO,28001010094P7,RELAÇÕES INTERNACIONAIS,INTERNATIONAL RELATIONS,BA,MESTRADO/DOUTORADO,4,NA,2014/2021,NÃO,NA,EM FUNCIONAMENTO,05DEC2013:00:00:00,250460,188221,NA,2022,prog,"RELAÇÕES INTERNACIONAIS, BILATERAIS E MULTILATERAIS",2014,2022
2022,CIÊNCIAS HUMANAS,CIÊNCIA POLÍTICA,POLÍTICAS PÚBLICAS,NÃO SE APLICA,39,CIÊNCIA POLÍTICA E RELAÇÕES INTERNACIONAIS,28022017,4503,UFRB,UNIVERSIDADE FEDERAL DO RECÔNCAVO DA BAHIA,FEDERAL,PÚBLICA,UNIVERSIDADE,NORDESTE,CRUZ DAS ALMAS,PROFISSIONAL,28022017008P0,GESTÃO DE POLÍTICAS PÚBLICAS E SEGURANÇA SOCIAL,MANAGEMENT OF PUBLIC POLICY AND SOCIAL SECURITY,BA,MESTRADO PROFISSIONAL,4,NA,2011,NÃO,NA,EM FUNCIONAMENTO,12FEB2014:00:00:00,248913,186861,NA,2022,prog,POLÍTICAS PÚBLICAS,2011,2022
2022,CIÊNCIAS HUMANAS,CIÊNCIA POLÍTICA,NÃO SE APLICA,NÃO SE APLICA,39,CIÊNCIA POLÍTICA E RELAÇÕES INTERNACIONAIS,31001017,586,UFRJ,UNIVERSIDADE FEDERAL DO RIO DE JANEIRO,FEDERAL,PÚBLICA,UNIVERSIDADE,SUDESTE,RIO DE JANEIRO,ACADÊMICO,31001017160P5,POLÍTICAS PÚBLICAS EM DIREITOS HUMANOS,POST-GRADUATE PROGRAM IN PUBLIC POLICIES ON HUMAN RIGHTS,RJ,MESTRADO,3,NA,2015,NÃO,NA,EM FUNCIONAMENTO,25MAY2015:00:00:00,250461,188222,NA,2022,prog,CIÊNCIA POLÍTICA,2015,2022
2022,CIÊNCIAS HUMANAS,CIÊNCIA POLÍTICA,NÃO SE APLICA,NÃO SE APLICA,39,CIÊNCIA POLÍTICA E RELAÇÕES INTERNACIONAIS,31001017,586,UFRJ,UNIVERSIDADE FEDERAL DO RIO DE JANEIRO,FEDERAL,PÚBLICA,UNIVERSIDADE,SUDESTE,RIO DE JANEIRO,ACADÊMICO,31001017137P3,ECONOMIA POLÍTICA INTERNACIONAL,INTERNATIONAL POLITICAL ECONOMY,RJ,MESTRADO/DOUTORADO,4,NA,2009/2009,NÃO,NA,EM FUNCIONAMENTO,09AUG2013:00:00:00,249235,187183,NA,2022,prog,CIÊNCIA POLÍTICA,2009,2022
2022,CIÊNCIAS HUMANAS,CIÊNCIA POLÍTICA,ESTADO E GOVERNO,NÃO SE APLICA,39,CIÊNCIA POLÍTICA E RELAÇÕES INTERNACIONAIS,31003010,572,UFF,UNIVERSIDADE FEDERAL FLUMINENSE,FEDERAL,PÚBLICA,UNIVERSIDADE,SUDESTE,NITERÓI,ACADÊMICO,31003010062P0,ESTUDOS ESTRATÉGICOS DA DEFESA E DA SEGURANÇA,STRATEGIC STUDIES AND DEFENSE GRADUATE PROGRAMME,RJ,MESTRADO/DOUTORADO,4,NA,2008/2019,NÃO,NA,EM FUNCIONAMENTO,07AUG2010:00:00:00,251169,188897,NA,2022,prog,ESTADO E GOVERNO,2008,2022
2022,CIÊNCIAS HUMANAS,CIÊNCIA POLÍTICA,NÃO SE APLICA,NÃO SE APLICA,39,CIÊNCIA POLÍTICA E RELAÇÕES INTERNACIONAIS,31003010,572,UFF,UNIVERSIDADE FEDERAL FLUMINENSE,FEDERAL,PÚBLICA,UNIVERSIDADE,SUDESTE,NITERÓI,PROFISSIONAL,31003010057P6,DEFESA E SEGURANÇA CIVIL,MASTER OF CIVIL DEFENSE AND SECURITY,RJ,MESTRADO PROFISSIONAL,4,NA,2007,NÃO,NA,EM FUNCIONAMENTO,15MAR2013:00:00:00,236951,166525,NA,2022,prog,CIÊNCIA POLÍTICA,2007,2022
2022,CIÊNCIAS HUMANAS,CIÊNCIA POLÍTICA,NÃO SE APLICA,NÃO SE APLICA,39,CIÊNCIA POLÍTICA E RELAÇÕES INTERNACIONAIS,31003010,572,UFF,UNIVERSIDADE FEDERAL FLUMINENSE,FEDERAL,PÚBLICA,UNIVERSIDADE,SUDESTE,NITERÓI,ACADÊMICO,31003010033P0,CIÊNCIA POLÍTICA,GRADUATE PROGRAM IN POLITICAL SCIENCE,RJ,MESTRADO/DOUTORADO,4,NA,1994/2006,NÃO,NA,EM FUNCIONAMENTO,07AUG2010:00:00:00,235683,165416,NA,2022,prog,CIÊNCIA POLÍTICA,1994,2022
2022,CIÊNCIAS HUMANAS,CIÊNCIA POLÍTICA,NÃO SE APLICA,NÃO SE APLICA,39,CIÊNCIA POLÍTICA E RELAÇÕES INTERNACIONAIS,31004016,547,UERJ,UNIVERSIDADE DO ESTADO DO RIO DE JANEIRO,ESTADUAL,PÚBLICA,UNIVERSIDADE,SUDESTE,RIO DE JANEIRO,ACADÊMICO,31004016061P6,CIÊNCIA POLÍTICA,GRADUATE PROGRAM IN POLITICAL SCIENCE,RJ,MESTRADO/DOUTORADO,6,NA,2010/2010,NÃO,NA,EM FUNCIONAMENTO,11APR2013:00:00:00,248921,186889,NA,2022,prog,CIÊNCIA POLÍTICA,2010,2022
2022,CIÊNCIAS HUMANAS,CIÊNCIA POLÍTICA,POLÍTICA INTERNACIONAL,NÃO SE APLICA,39,CIÊNCIA POLÍTICA E RELAÇÕES INTERNACIONAIS,31004016,547,UERJ,UNIVERSIDADE DO ESTADO DO RIO DE JANEIRO,ESTADUAL,PÚBLICA,UNIVERSIDADE,SUDESTE,RIO DE JANEIRO,ACADÊMICO,31004016057P9,RELAÇÕES INTERNACIONAIS,GRADUATE PROGRAM OF INTERNATIONAL RELATIONS,RJ,MESTRADO/DOUTORADO,4,NA,2009/2015,NÃO,NA,EM FUNCIONAMENTO,15JAN2013:00:00:00,248759,186791,NA,2022,prog,POLÍTICA INTERNACIONAL,2009,2022
2022,CIÊNCIAS HUMANAS,CIÊNCIA POLÍTICA,POLÍTICA INTERNACIONAL,"INTEGRAÇÃO INTERNACIONAL, CONFLITO, GUERRA E PAZ",39,CIÊNCIA POLÍTICA E RELAÇÕES INTERNACIONAIS,31005012,528,PUC-RIO,PONTIFÍCIA UNIVERSIDADE CATÓLICA DO RIO DE JANEIRO,PARTICULAR,PRIVADA,UNIVERSIDADE,SUDESTE,RIO DE JANEIRO,PROFISSIONAL,31005012157P0,ANÁLISE E GESTÃO DE POLÍTICAS INTERNACIONAIS: RESOLUÇÃO DE CONFLITOS E COOPERAÇÃO PARA O DESENVOLVIMENTO,PROFESSIONAL MASTER IN ANALYSIS AND MANAGEMENT OF INTERNATIONAL POLICIES: CONFLICT RESOLUTION AND COOPERATION FOR THE DEVELOPMENT,RJ,MESTRADO PROFISSIONAL,4,NA,2016,NÃO,NA,EM FUNCIONAMENTO,19MAY2016:00:00:00,252227,189931,NA,2022,prog,"INTEGRAÇÃO INTERNACIONAL, CONFLITO, GUERRA E PAZ",2016,2022
2022,CIÊNCIAS HUMANAS,CIÊNCIA POLÍTICA,POLÍTICA INTERNACIONAL,"RELAÇÕES INTERNACIONAIS, BILATERAIS E MULTILATERAIS",39,CIÊNCIA POLÍTICA E RELAÇÕES INTERNACIONAIS,31005012,528,PUC-RIO,PONTIFÍCIA UNIVERSIDADE CATÓLICA DO RIO DE JANEIRO,PARTICULAR,PRIVADA,UNIVERSIDADE,SUDESTE,RIO DE JANEIRO,ACADÊMICO,31005012026P2,RELAÇÕES INTERNACIONAIS,INSTITUTE OF INTERNATIONAL RELATIONS,RJ,MESTRADO/DOUTORADO,6,NA,1987/2001,NÃO,NA,EM FUNCIONAMENTO,19FEB2014:00:00:00,250750,188489,NA,2022,prog,"RELAÇÕES INTERNACIONAIS, BILATERAIS E MULTILATERAIS",1987,2022
2022,CIÊNCIAS HUMANAS,CIÊNCIA POLÍTICA,NÃO SE APLICA,NÃO SE APLICA,39,CIÊNCIA POLÍTICA E RELAÇÕES INTERNACIONAIS,31021018,693,UNIRIO,UNIVERSIDADE FEDERAL DO ESTADO DO RIO DE JANEIRO,FEDERAL,PÚBLICA,UNIVERSIDADE,SUDESTE,RIO DE JANEIRO,ACADÊMICO,31021018157P8,CIÊNCIA POLÍTICA,POLITICAL SCIENCE,RJ,MESTRADO,4,NA,2017,NÃO,NA,EM FUNCIONAMENTO,03APR2017:00:00:00,251586,189308,NA,2022,prog,CIÊNCIA POLÍTICA,2017,2022
2022,CIÊNCIAS HUMANAS,CIÊNCIA POLÍTICA,NÃO SE APLICA,NÃO SE APLICA,39,CIÊNCIA POLÍTICA E RELAÇÕES INTERNACIONAIS,31070019,NI,EGN,ESCOLA DE GUERRA NAVAL,FEDERAL,PÚBLICA,NÃO INFORMADO,SUDESTE,RIO DE JANEIRO,PROFISSIONAL,31070019001P0,ESTUDOS MARÍTIMOS,MARITIME STUDIES POSTGRADUATE PROGRAM,RJ,MESTRADO PROFISSIONAL/DOUTORADO PROFISSIONAL,5,NA,2014/2019,NÃO,NA,EM FUNCIONAMENTO,13FEB2014:00:00:00,249758,187622,NA,2022,prog,CIÊNCIA POLÍTICA,2014,2022
2022,CIÊNCIAS HUMANAS,CIÊNCIA POLÍTICA,NÃO SE APLICA,NÃO SE APLICA,39,CIÊNCIA POLÍTICA E RELAÇÕES INTERNACIONAIS,31096018,NI,UNIFA,UNIVERSIDADE DA FORCA AEREA,FEDERAL,PÚBLICA,NÃO INFORMADO,SUDESTE,RIO DE JANEIRO,PROFISSIONAL,31096018001P2,CIÊNCIAS AEROESPACIAIS,AEROSPACE SCIENCES,RJ,MESTRADO PROFISSIONAL/DOUTORADO PROFISSIONAL,5,NA,2012/2021,NÃO,NA,EM FUNCIONAMENTO,24APR2013:00:00:00,253073,190506,NA,2022,prog,CIÊNCIA POLÍTICA,2012,2022
2022,CIÊNCIAS HUMANAS,CIÊNCIA POLÍTICA,NÃO SE APLICA,NÃO SE APLICA,39,CIÊNCIA POLÍTICA E RELAÇÕES INTERNACIONAIS,31098010,NI,ECEME,ESCOLA DE COMANDO E ESTADO-MAIOR DO EXÉRCITO,FEDERAL,PÚBLICA,NÃO INFORMADO,SUDESTE,RIO DE JANEIRO,ACADÊMICO,31098010001P5,CIÊNCIAS MILITARES,MASTER OF ARTS AND SCIENCES IN MILITARY SCIENCE,RJ,MESTRADO/DOUTORADO,5,NA,2013/2016,NÃO,NA,EM FUNCIONAMENTO,01NOV2013:00:00:00,251936,189653,NA,2022,prog,CIÊNCIA POLÍTICA,2013,2022
2022,CIÊNCIAS HUMANAS,CIÊNCIA POLÍTICA,NÃO SE APLICA,NÃO SE APLICA,39,CIÊNCIA POLÍTICA E RELAÇÕES INTERNACIONAIS,32001010,575,UFMG,UNIVERSIDADE FEDERAL DE MINAS GERAIS,FEDERAL,PÚBLICA,UNIVERSIDADE,SUDESTE,BELO HORIZONTE,ACADÊMICO,32001010011P2,CIÊNCIA POLÍTICA,GRADUATE PROGRAM IN POLITICAL SCIENCE,MG,MESTRADO/DOUTORADO,7,NA,1969/2006,NÃO,NA,EM FUNCIONAMENTO,13MAR2014:00:00:00,252298,190010,NA,2022,prog,CIÊNCIA POLÍTICA,1969,2022
2022,CIÊNCIAS HUMANAS,CIÊNCIA POLÍTICA,POLÍTICA INTERNACIONAL,NÃO SE APLICA,39,CIÊNCIA POLÍTICA E RELAÇÕES INTERNACIONAIS,32006012,17,UFU,UNIVERSIDADE FEDERAL DE UBERLÂNDIA,FEDERAL,PÚBLICA,UNIVERSIDADE,SUDESTE,UBERLÂNDIA,ACADÊMICO,32006012072P3,RELAÇÕES INTERNACIONAIS,INTERNATIONAL RELATIONS,MG,MESTRADO,4,NA,2015,NÃO,NA,EM FUNCIONAMENTO,19MAR2015:00:00:00,252877,190346,NA,2022,prog,POLÍTICA INTERNACIONAL,2015,2022
2022,CIÊNCIAS HUMANAS,CIÊNCIA POLÍTICA,POLÍTICA INTERNACIONAL,NÃO SE APLICA,39,CIÊNCIA POLÍTICA E RELAÇÕES INTERNACIONAIS,32008015,338,PUC/MG,PONTIFÍCIA UNIVERSIDADE CATÓLICA DE MINAS GERAIS,PARTICULAR,PRIVADA,UNIVERSIDADE,SUDESTE,BELO HORIZONTE,ACADÊMICO,32008015017P5,RELAÇÕES INTERNACIONAIS: POLÍTICA INTERNACIONAL,GRADUATE PROGRAM IN INTERNATIONAL RELATIONS,MG,MESTRADO/DOUTORADO,5,NA,2007/2012,NÃO,NA,EM FUNCIONAMENTO,06SEP2012:00:00:00,248843,186833,NA,2022,prog,POLÍTICA INTERNACIONAL,2007,2022
2022,CIÊNCIAS HUMANAS,CIÊNCIA POLÍTICA,NÃO SE APLICA,NÃO SE APLICA,39,CIÊNCIA POLÍTICA E RELAÇÕES INTERNACIONAIS,32025017,1036,UEMG,UNIVERSIDADE DO ESTADO DE MINAS GERAIS,ESTADUAL,PÚBLICA,UNIVERSIDADE,SUDESTE,BELO HORIZONTE,PROFISSIONAL,32025017005P1,SEGURANÇA PÚBLICA E CIDADANIA,PUBLIC SECURITY AND CITIZENSHIP,MG,MESTRADO PROFISSIONAL,3,NA,2019,NÃO,NA,EM FUNCIONAMENTO,30AUG2019:00:00:00,250655,188417,NA,2022,prog,CIÊNCIA POLÍTICA,2019,2022
2022,CIÊNCIAS HUMANAS,CIÊNCIA POLÍTICA,NÃO SE APLICA,NÃO SE APLICA,39,CIÊNCIA POLÍTICA E RELAÇÕES INTERNACIONAIS,33001014,7,UFSCAR,UNIVERSIDADE FEDERAL DE SÃO CARLOS,FEDERAL,PÚBLICA,UNIVERSIDADE,SUDESTE,SÃO CARLOS,ACADÊMICO,33001014026P2,CIENCIA POLITICA,GRADUATE STUDIES PROGRAM IN POLITICAL SCIENCE,SP,MESTRADO/DOUTORADO,5,NA,2008/2008,NÃO,NA,EM FUNCIONAMENTO,15JAN2014:00:00:00,252044,189720,NA,2022,prog,CIÊNCIA POLÍTICA,2008,2022
2022,CIÊNCIAS HUMANAS,CIÊNCIA POLÍTICA,NÃO SE APLICA,NÃO SE APLICA,39,CIÊNCIA POLÍTICA E RELAÇÕES INTERNACIONAIS,33002010,55,USP,UNIVERSIDADE DE SÃO PAULO,ESTADUAL,PÚBLICA,UNIVERSIDADE,SUDESTE,SÃO PAULO,ACADÊMICO,33002010030P6,CIÊNCIA POLÍTICA,GRADUATE STUDIES IN POLITICAL SCIENCE AT UNIVERSITY OF SÃO PAULO,SP,MESTRADO/DOUTORADO,7,NA,1974/1974,NÃO,NA,EM FUNCIONAMENTO,01JUN2010:00:00:00,234035,163994,NA,2022,prog,CIÊNCIA POLÍTICA,1974,2022
2022,CIÊNCIAS HUMANAS,CIÊNCIA POLÍTICA,POLÍTICA INTERNACIONAL,"RELAÇÕES INTERNACIONAIS, BILATERAIS E MULTILATERAIS",39,CIÊNCIA POLÍTICA E RELAÇÕES INTERNACIONAIS,33002010,55,USP,UNIVERSIDADE DE SÃO PAULO,ESTADUAL,PÚBLICA,UNIVERSIDADE,SUDESTE,SÃO PAULO,ACADÊMICO,33002010208P0,RELAÇÕES INTERNACIONAIS,INTERNATIONAL RELATIONS,SP,MESTRADO/DOUTORADO,5,NA,2009/2009,NÃO,NA,EM FUNCIONAMENTO,04NOV2013:00:00:00,252121,189833,NA,2022,prog,"RELAÇÕES INTERNACIONAIS, BILATERAIS E MULTILATERAIS",2009,2022
2022,CIÊNCIAS HUMANAS,CIÊNCIA POLÍTICA,NÃO SE APLICA,NÃO SE APLICA,39,CIÊNCIA POLÍTICA E RELAÇÕES INTERNACIONAIS,33003017,54,UNICAMP,UNIVERSIDADE ESTADUAL DE CAMPINAS,ESTADUAL,PÚBLICA,UNIVERSIDADE,SUDESTE,CAMPINAS,ACADÊMICO,33003017017P6,CIÊNCIA POLÍTICA,GRADUATE PROGRAM IN POLITICAL SCIENCE AT UNICAMP,SP,MESTRADO/DOUTORADO,7,NA,1974/2006,NÃO,NA,EM FUNCIONAMENTO,16APR2013:00:00:00,253672,190788,NA,2022,prog,CIÊNCIA POLÍTICA,1974,2022
2022,CIÊNCIAS HUMANAS,CIÊNCIA POLÍTICA,POLÍTICA INTERNACIONAL,NÃO SE APLICA,39,CIÊNCIA POLÍTICA E RELAÇÕES INTERNACIONAIS,33004013,56,UNESP-REITORIA,UNIVERSIDADE ESTADUAL PAULISTA JÚLIO DE MESQUITA FILHO (SEDE),ESTADUAL,PÚBLICA,UNIVERSIDADE,SUDESTE,SÃO PAULO,ACADÊMICO,33004110044P0,RELAÇÕES INTERNACIONAIS (UNESP - UNICAMP - PUC-SP),"GRADUATE PROGRAM IN INTERNATIONAL RELATIONS SAN TIAGO DANTAS (UNESP, UNICAMP, PUC-SP)",SP,MESTRADO/DOUTORADO,5,NA,2003/2011,SIM,UNICAMP;UNESP-MAR;PUC/SP,EM FUNCIONAMENTO,18JUN2013:00:00:00,234881,164699,NA,2022,prog,POLÍTICA INTERNACIONAL,2003,2022
2022,CIÊNCIAS HUMANAS,CIÊNCIA POLÍTICA,POLÍTICA INTERNACIONAL,"RELAÇÕES INTERNACIONAIS, BILATERAIS E MULTILATERAIS",39,CIÊNCIA POLÍTICA E RELAÇÕES INTERNACIONAIS,33005010,546,PUC/SP,PONTIFÍCIA UNIVERSIDADE CATÓLICA DE SÃO PAULO,PARTICULAR,PRIVADA,UNIVERSIDADE,SUDESTE,SÃO PAULO,PROFISSIONAL,33005010046P2,GOVERNANÇA GLOBAL E FORMULAÇÃO DE POLÍTICAS INTERNACIONAIS,GLOBAL GOVERNANCE AND INTERNATIONAL POLICY FORMULATION,SP,MESTRADO PROFISSIONAL,3,NA,2019,NÃO,NA,EM FUNCIONAMENTO,05FEB2019:00:00:00,235508,165290,NA,2022,prog,"RELAÇÕES INTERNACIONAIS, BILATERAIS E MULTILATERAIS",2019,2022
2022,CIÊNCIAS HUMANAS,CIÊNCIA POLÍTICA,NÃO SE APLICA,NÃO SE APLICA,39,CIÊNCIA POLÍTICA E RELAÇÕES INTERNACIONAIS,33011010,602,ITA,INSTITUTO TECNOLÓGICO DE AERONÁUTICA,FEDERAL,PÚBLICA,FACULDADE,SUDESTE,SÃO JOSÉ DOS CAMPOS,PROFISSIONAL,33011010014P0,SEGURANÇA DE AVIAÇÃO E AERONAVEGABILIDADE CONTINUADA,AVIATION SAFETY AND CONTINUED AIRWORTHINESS,SP,MESTRADO PROFISSIONAL,3,NA,2018,NÃO,NA,EM FUNCIONAMENTO,20FEB2019:00:00:00,250661,188443,NA,2022,prog,CIÊNCIA POLÍTICA,2018,2022
2022,CIÊNCIAS HUMANAS,CIÊNCIA POLÍTICA,POLÍTICAS PÚBLICAS,NÃO SE APLICA,39,CIÊNCIA POLÍTICA E RELAÇÕES INTERNACIONAIS,33144010,4925,UFABC,UNIVERSIDADE FEDERAL DO ABC,FEDERAL,PÚBLICA,UNIVERSIDADE,SUDESTE,SÃO BERNARDO DO CAMPO,ACADÊMICO,33144010019P3,POLÍTICAS PÚBLICAS,PUBLIC POLICIES,SP,MESTRADO/DOUTORADO,4,NA,2014/2021,NÃO,NA,EM FUNCIONAMENTO,28FEB2014:00:00:00,232981,163079,NA,2022,prog,POLÍTICAS PÚBLICAS,2014,2022
2022,CIÊNCIAS HUMANAS,CIÊNCIA POLÍTICA,POLÍTICA INTERNACIONAL,"RELAÇÕES INTERNACIONAIS, BILATERAIS E MULTILATERAIS",39,CIÊNCIA POLÍTICA E RELAÇÕES INTERNACIONAIS,33144010,4925,UFABC,UNIVERSIDADE FEDERAL DO ABC,FEDERAL,PÚBLICA,UNIVERSIDADE,SUDESTE,SANTO ANDRÉ,ACADÊMICO,33144010173P2,RELAÇÕES INTERNACIONAIS,INTERNATIONAL RELATIONS,SP,MESTRADO,3,NA,2019,NÃO,NA,EM FUNCIONAMENTO,24MAY2019:00:00:00,248508,186562,NA,2022,prog,"RELAÇÕES INTERNACIONAIS, BILATERAIS E MULTILATERAIS",2019,2022
2022,CIÊNCIAS HUMANAS,CIÊNCIA POLÍTICA,NÃO SE APLICA,NÃO SE APLICA,39,CIÊNCIA POLÍTICA E RELAÇÕES INTERNACIONAIS,33324000,NI,ESG,ESCOLA SUPERIOR DE GUERRA,FEDERAL,PÚBLICA,NÃO INFORMADO,SUDESTE,RIO DE JANEIRO,ACADÊMICO,33324000001P2,SEGURANÇA INTERNACIONAL E DEFESA,INTERNATIONAL SECURITY AND DEFENSE,RJ,MESTRADO,3,NA,2019,NÃO,NA,EM FUNCIONAMENTO,28MAR2019:00:00:00,236061,165802,NA,2022,prog,CIÊNCIA POLÍTICA,2019,2022
2022,CIÊNCIAS HUMANAS,CIÊNCIA POLÍTICA,NÃO SE APLICA,NÃO SE APLICA,39,CIÊNCIA POLÍTICA E RELAÇÕES INTERNACIONAIS,40001016,571,UFPR,UNIVERSIDADE FEDERAL DO PARANÁ,FEDERAL,PÚBLICA,UNIVERSIDADE,SUL,CURITIBA,ACADÊMICO,40001016061P2,CIÊNCIA POLÍTICA,POLITICAL SCIENCE GRADUATE PROGRAM,PR,MESTRADO/DOUTORADO,6,NA,2009/2014,NÃO,NA,EM FUNCIONAMENTO,19MAR2013:00:00:00,234209,164166,NA,2022,prog,CIÊNCIA POLÍTICA,2009,2022
2022,CIÊNCIAS HUMANAS,CIÊNCIA POLÍTICA,POLÍTICAS PÚBLICAS,NÃO SE APLICA,39,CIÊNCIA POLÍTICA E RELAÇÕES INTERNACIONAIS,40004015,57,UEM,UNIVERSIDADE ESTADUAL DE MARINGÁ,ESTADUAL,PÚBLICA,UNIVERSIDADE,SUL,MARINGÁ,PROFISSIONAL,40004015033P8,POLÍTICAS PÚBLICAS,PUBLIC POLICIES,PR,MESTRADO PROFISSIONAL,4,NA,2010,NÃO,NA,EM FUNCIONAMENTO,13JUL2009:00:00:00,246450,184790,NA,2022,prog,POLÍTICAS PÚBLICAS,2010,2022
2022,CIÊNCIAS HUMANAS,CIÊNCIA POLÍTICA,NÃO SE APLICA,NÃO SE APLICA,39,CIÊNCIA POLÍTICA E RELAÇÕES INTERNACIONAIS,40043010,15001,UNILA,UNIVERSIDADE FEDERAL DA INTEGRAÇÃO LATINO-AMERICANA,FEDERAL,PÚBLICA,UNIVERSIDADE,SUL,FOZ DO IGUAÇU,ACADÊMICO,40043010002P6,INTEGRAÇÃO CONTEMPORÂNEA DA AMÉRICA LATINA - ICAL,CONTEMPORARY LATIN AMERICAN INTEGRATION,PR,MESTRADO,4,NA,2014,NÃO,NA,EM FUNCIONAMENTO,15AUG2014:00:00:00,235584,165366,NA,2022,prog,CIÊNCIA POLÍTICA,2014,2022
2022,CIÊNCIAS HUMANAS,CIÊNCIA POLÍTICA,POLÍTICA INTERNACIONAL,NÃO SE APLICA,39,CIÊNCIA POLÍTICA E RELAÇÕES INTERNACIONAIS,40043010,15001,UNILA,UNIVERSIDADE FEDERAL DA INTEGRAÇÃO LATINO-AMERICANA,FEDERAL,PÚBLICA,UNIVERSIDADE,SUL,FOZ DO IGUAÇU,ACADÊMICO,40043010009P0,RELAÇÕES INTERNACIONAIS,MASTER IN INTERNATIONAL RELATIONS,PR,MESTRADO,3,NA,2019,NÃO,NA,EM FUNCIONAMENTO,16MAY2019:00:00:00,235831,165569,NA,2022,prog,POLÍTICA INTERNACIONAL,2019,2022
2022,CIÊNCIAS HUMANAS,CIÊNCIA POLÍTICA,POLÍTICA INTERNACIONAL,"RELAÇÕES INTERNACIONAIS, BILATERAIS E MULTILATERAIS",39,CIÊNCIA POLÍTICA E RELAÇÕES INTERNACIONAIS,41001010,585,UFSC,UNIVERSIDADE FEDERAL DE SANTA CATARINA,FEDERAL,PÚBLICA,UNIVERSIDADE,SUL,FLORIANÓPOLIS,ACADÊMICO,41001010083P2,RELAÇÕES INTERNACIONAIS,MASTER'S PROGRAM IN INTERNATIONAL RELATIONS,SC,MESTRADO/DOUTORADO,4,NA,2011/2019,NÃO,NA,EM FUNCIONAMENTO,15MAR2013:00:00:00,251243,188971,NA,2022,prog,"RELAÇÕES INTERNACIONAIS, BILATERAIS E MULTILATERAIS",2011,2022
2022,CIÊNCIAS HUMANAS,CIÊNCIA POLÍTICA,POLÍTICA INTERNACIONAL,"RELAÇÕES INTERNACIONAIS, BILATERAIS E MULTILATERAIS",39,CIÊNCIA POLÍTICA E RELAÇÕES INTERNACIONAIS,42001013,581,UFRGS,UNIVERSIDADE FEDERAL DO RIO GRANDE DO SUL,FEDERAL,PÚBLICA,UNIVERSIDADE,SUL,PORTO ALEGRE,ACADÊMICO,42001013101P0,ESTUDOS ESTRATÉGICOS INTERNACIONAIS,GRADUATE PROGRAM IN INTERNATIONAL STRATEGIC STUDIES,RS,MESTRADO/DOUTORADO,4,NA,2011/2011,NÃO,NA,EM FUNCIONAMENTO,23MAR2012:00:00:00,235414,165224,NA,2022,prog,"RELAÇÕES INTERNACIONAIS, BILATERAIS E MULTILATERAIS",2011,2022
2022,CIÊNCIAS HUMANAS,CIÊNCIA POLÍTICA,NÃO SE APLICA,NÃO SE APLICA,39,CIÊNCIA POLÍTICA E RELAÇÕES INTERNACIONAIS,42001013,581,UFRGS,UNIVERSIDADE FEDERAL DO RIO GRANDE DO SUL,FEDERAL,PÚBLICA,UNIVERSIDADE,SUL,PORTO ALEGRE,ACADÊMICO,42001013156P9,POLÍTICAS PÚBLICAS,POSTGRADUATE PROGRAM IN PUBLIC POLICY,RS,MESTRADO/DOUTORADO,4,NA,2015/2015,NÃO,NA,EM FUNCIONAMENTO,16APR2015:00:00:00,237626,166994,NA,2022,prog,CIÊNCIA POLÍTICA,2015,2022
2022,CIÊNCIAS HUMANAS,CIÊNCIA POLÍTICA,POLÍTICAS PÚBLICAS,NÃO SE APLICA,39,CIÊNCIA POLÍTICA E RELAÇÕES INTERNACIONAIS,42001013,581,UFRGS,UNIVERSIDADE FEDERAL DO RIO GRANDE DO SUL,FEDERAL,PÚBLICA,UNIVERSIDADE,SUL,PORTO ALEGRE,PROFISSIONAL,42001013175P3,SEGURANÇA CIDADÃ,CITIZEN SECURITY,RS,MESTRADO PROFISSIONAL,3,NA,2018,NÃO,NA,EM FUNCIONAMENTO,14SEP2017:00:00:00,233402,163427,NA,2022,prog,POLÍTICAS PÚBLICAS,2018,2022
2022,CIÊNCIAS HUMANAS,CIÊNCIA POLÍTICA,NÃO SE APLICA,NÃO SE APLICA,39,CIÊNCIA POLÍTICA E RELAÇÕES INTERNACIONAIS,42001013,581,UFRGS,UNIVERSIDADE FEDERAL DO RIO GRANDE DO SUL,FEDERAL,PÚBLICA,UNIVERSIDADE,SUL,PORTO ALEGRE,ACADÊMICO,42001013033P4,CIÊNCIA POLÍTICA,POLITICAL SCIENCE,RS,MESTRADO/DOUTORADO,5,NA,1973/1996,NÃO,NA,EM FUNCIONAMENTO,07JAN2013:00:00:00,247591,185813,NA,2022,prog,CIÊNCIA POLÍTICA,1973,2022
2022,CIÊNCIAS HUMANAS,CIÊNCIA POLÍTICA,POLÍTICA INTERNACIONAL,NÃO SE APLICA,39,CIÊNCIA POLÍTICA E RELAÇÕES INTERNACIONAIS,42002010,582,UFSM,UNIVERSIDADE FEDERAL DE SANTA MARIA,FEDERAL,PÚBLICA,UNIVERSIDADE,SUL,SANTA MARIA,ACADÊMICO,42002010163P5,RELAÇÕES INTERNACIONAIS,POSTGRADUATE PROGRAM IN INTERNATIONAL RELATIONS,RS,MESTRADO,3,NA,2018,NÃO,NA,EM FUNCIONAMENTO,11JAN2019:00:00:00,237459,166885,NA,2022,prog,POLÍTICA INTERNACIONAL,2018,2022
2022,CIÊNCIAS HUMANAS,CIÊNCIA POLÍTICA,NÃO SE APLICA,NÃO SE APLICA,39,CIÊNCIA POLÍTICA E RELAÇÕES INTERNACIONAIS,42003016,634,UFPEL,UNIVERSIDADE FEDERAL DE PELOTAS,FEDERAL,PÚBLICA,UNIVERSIDADE,SUL,PELOTAS,ACADÊMICO,42003016037P2,CIÊNCIA POLÍTICA,POLITICAL SCIENCE,RS,MESTRADO/DOUTORADO,5,NA,2011/2016,NÃO,NA,EM FUNCIONAMENTO,28JAN2013:00:00:00,247825,185940,NA,2022,prog,CIÊNCIA POLÍTICA,2011,2022
2022,CIÊNCIAS HUMANAS,CIÊNCIA POLÍTICA,POLÍTICAS PÚBLICAS,NÃO SE APLICA,39,CIÊNCIA POLÍTICA E RELAÇÕES INTERNACIONAIS,42046017,5322,UNIPAMPA,FUNDAÇÃO UNIVERSIDADE FEDERAL DO PAMPA,FEDERAL,PÚBLICA,UNIVERSIDADE,SUL,SÃO BORJA,PROFISSIONAL,42046017012P6,POLÍTICAS PÚBLICAS,GRADUATE PROGRAM IN PUBLIC POLICY,RS,MESTRADO PROFISSIONAL,4,NA,2016,NÃO,NA,EM FUNCIONAMENTO,22DEC2015:00:00:00,252162,189888,NA,2022,prog,POLÍTICAS PÚBLICAS,2016,2022
2022,CIÊNCIAS HUMANAS,CIÊNCIA POLÍTICA,NÃO SE APLICA,NÃO SE APLICA,39,CIÊNCIA POLÍTICA E RELAÇÕES INTERNACIONAIS,52001016,584,UFG,UNIVERSIDADE FEDERAL DE GOIÁS,FEDERAL,PÚBLICA,UNIVERSIDADE,CENTRO-OESTE,GOIÂNIA,ACADÊMICO,52001016055P6,CIÊNCIA POLÍTICA,GRADUATE PROGRAM IN POLITICAL SCIENCE,GO,MESTRADO,4,NA,2012,NÃO,NA,EM FUNCIONAMENTO,23MAR2012:00:00:00,235745,165458,NA,2022,prog,CIÊNCIA POLÍTICA,2012,2022
2022,CIÊNCIAS HUMANAS,CIÊNCIA POLÍTICA,NÃO SE APLICA,NÃO SE APLICA,39,CIÊNCIA POLÍTICA E RELAÇÕES INTERNACIONAIS,53001010,2,UNB,UNIVERSIDADE DE BRASÍLIA,FEDERAL,PÚBLICA,UNIVERSIDADE,CENTRO-OESTE,BRASÍLIA,ACADÊMICO,53001010026P2,CIÊNCIA POLÍTICA,GRADUATE PROGRAM IN POLITICAL SCIENCE,DF,MESTRADO/DOUTORADO,7,NA,1984/2008,NÃO,NA,EM FUNCIONAMENTO,12MAR2014:00:00:00,233393,163454,NA,2022,prog,CIÊNCIA POLÍTICA,1984,2022
2022,CIÊNCIAS HUMANAS,CIÊNCIA POLÍTICA,POLÍTICA INTERNACIONAL,NÃO SE APLICA,39,CIÊNCIA POLÍTICA E RELAÇÕES INTERNACIONAIS,53001010,2,UNB,UNIVERSIDADE DE BRASÍLIA,FEDERAL,PÚBLICA,UNIVERSIDADE,CENTRO-OESTE,BRASÍLIA,ACADÊMICO,53001010025P6,RELAÇÕES INTERNACIONAIS,INTERNATIONAL RELATIONS,DF,MESTRADO/DOUTORADO,5,NA,1984/2002,NÃO,NA,EM FUNCIONAMENTO,29OCT2012:00:00:00,249024,186969,NA,2022,prog,POLÍTICA INTERNACIONAL,1984,2022
2022,CIÊNCIAS HUMANAS,CIÊNCIA POLÍTICA,POLÍTICAS PÚBLICAS,NÃO SE APLICA,39,CIÊNCIA POLÍTICA E RELAÇÕES INTERNACIONAIS,53013018,NI,ENAP,FUNDAÇÃO ESCOLA NACIONAL DE ADMINISTRAÇÃO PÚBLICA,FEDERAL,PÚBLICA,NÃO INFORMADO,CENTRO-OESTE,BRASÍLIA,PROFISSIONAL,53013018003P3,POLÍTICAS PÚBLICAS,PUBLIC POLICY,DF,DOUTORADO PROFISSIONAL,A,NA,2021,NÃO,NA,EM FUNCIONAMENTO,14OCT2021:00:00:00,251781,189482,NA,2022,prog,POLÍTICAS PÚBLICAS,2021,2022
2022,CIÊNCIAS HUMANAS,CIÊNCIA POLÍTICA,ESTADO E GOVERNO,NÃO SE APLICA,39,CIÊNCIA POLÍTICA E RELAÇÕES INTERNACIONAIS,53013018,NI,ENAP,FUNDAÇÃO ESCOLA NACIONAL DE ADMINISTRAÇÃO PÚBLICA,FEDERAL,PÚBLICA,NÃO INFORMADO,CENTRO-OESTE,BRASÍLIA,PROFISSIONAL,53013018001P0,GOVERNANÇA E DESENVOLVIMENTO,PROFESSIONAL MASTERS IN GOVERNANCE AND DEVELOPMENT,DF,MESTRADO PROFISSIONAL,3,NA,2017,NÃO,NA,EM FUNCIONAMENTO,23JAN2017:00:00:00,251926,189644,NA,2022,prog,ESTADO E GOVERNO,2017,2022
2022,CIÊNCIAS HUMANAS,CIÊNCIA POLÍTICA,POLÍTICAS PÚBLICAS,NÃO SE APLICA,39,CIÊNCIA POLÍTICA E RELAÇÕES INTERNACIONAIS,53013018,NI,ENAP,FUNDAÇÃO ESCOLA NACIONAL DE ADMINISTRAÇÃO PÚBLICA,FEDERAL,PÚBLICA,NÃO INFORMADO,CENTRO-OESTE,BRASÍLIA,PROFISSIONAL,53013018002P7,AVALIAÇÃO E MONITORAMENTO DE POLÍTICAS PÚBLICAS,EVALUATION AND MONITORING OF PUBLIC POLICIES,DF,MESTRADO PROFISSIONAL,3,NA,2020,NÃO,NA,EM FUNCIONAMENTO,25NOV2020:00:00:00,251917,189636,NA,2022,prog,POLÍTICAS PÚBLICAS,2020,2022
2022,CIÊNCIAS HUMANAS,CIÊNCIA POLÍTICA,NÃO SE APLICA,NÃO SE APLICA,39,CIÊNCIA POLÍTICA E RELAÇÕES INTERNACIONAIS,53037014,NI,CEFOR,"CENTRO DE FORMAÇÃO, TREINAMENTO E APERFEIÇOAMENTO",FEDERAL,PÚBLICA,NÃO INFORMADO,CENTRO-OESTE,BRASÍLIA,PROFISSIONAL,53037014001P0,PODER LEGISLATIVO,MA IN LEGISLATIVE AFFAIRS,DF,MESTRADO PROFISSIONAL,5,NA,2013,NÃO,NA,EM FUNCIONAMENTO,30AUG2012:00:00:00,252260,189972,NA,2022,prog,CIÊNCIA POLÍTICA,2013,2022
2022,CIÊNCIAS HUMANAS,CIÊNCIA POLÍTICA,POLÍTICAS PÚBLICAS,NÃO SE APLICA,39,CIÊNCIA POLÍTICA E RELAÇÕES INTERNACIONAIS,53062000,19320,FGV/BSB,FUNDACAO GETULIO VARGAS ( BRASÍLIA ),PARTICULAR,PRIVADA,NÃO INFORMADO,CENTRO-OESTE,BRASÍLIA,ACADÊMICO,53062000001P8,POLÍTICAS PÚBLICAS E GOVERNO,PUBLIC POLICY AND GOVERMENT,DF,MESTRADO,3,NA,2019,NÃO,NA,EM FUNCIONAMENTO,23AUG2019:00:00:00,250788,188544,NA,2022,prog,POLÍTICAS PÚBLICAS,2019,2022
2023,CIÊNCIAS HUMANAS,CIÊNCIA POLÍTICA,POLÍTICA INTERNACIONAL,"RELAÇÕES INTERNACIONAIS, BILATERAIS E MULTILATERAIS",39,CIÊNCIA POLÍTICA E RELAÇÕES INTERNACIONAIS,14001012,830,UNIFAP,UNIVERSIDADE FEDERAL DO AMAPÁ,FEDERAL,PÚBLICA,UNIVERSIDADE,NORTE,MACAPÁ,PROFISSIONAL,14001012156P0,ESTUDOS DE FRONTEIRA,BORDER STUDIES,AP,MESTRADO PROFISSIONAL,4,NA,2017,NÃO,NA,EM FUNCIONAMENTO,22MAR2017:00:00:00,241790,175301,NA,2023,prog,"RELAÇÕES INTERNACIONAIS, BILATERAIS E MULTILATERAIS",2017,2023
2023,CIÊNCIAS HUMANAS,CIÊNCIA POLÍTICA,NÃO SE APLICA,NÃO SE APLICA,39,CIÊNCIA POLÍTICA E RELAÇÕES INTERNACIONAIS,15001016,569,UFPA,UNIVERSIDADE FEDERAL DO PARÁ,FEDERAL,PÚBLICA,UNIVERSIDADE,NORTE,BELÉM,ACADÊMICO,15001016053P9,CIÊNCIA POLÍTICA,PROGRAM IN CIENCIA POLITIC,PA,MESTRADO,4,NA,2008,NÃO,NA,EM FUNCIONAMENTO,18MAR2014:00:00:00,239278,169883,NA,2023,prog,CIÊNCIA POLÍTICA,2008,2023
2023,CIÊNCIAS HUMANAS,CIÊNCIA POLÍTICA,NÃO SE APLICA,NÃO SE APLICA,39,CIÊNCIA POLÍTICA E RELAÇÕES INTERNACIONAIS,21001014,5,FUFPI,FUNDAÇÃO UNIVERSIDADE FEDERAL DO PIAUÍ,FEDERAL,PÚBLICA,UNIVERSIDADE,NORDESTE,TERESINA,ACADÊMICO,21001014082P6,CIÊNCIA POLÍTICA,. POLITICAL SCIENCE AND INTERNATIONAL RELATIONS,PI,MESTRADO,3,NA,2019,NÃO,NA,EM FUNCIONAMENTO,23AUG2019:00:00:00,246005,184335,NA,2023,prog,CIÊNCIA POLÍTICA,2019,2023
2023,CIÊNCIAS HUMANAS,CIÊNCIA POLÍTICA,POLÍTICAS PÚBLICAS,NÃO SE APLICA,39,CIÊNCIA POLÍTICA E RELAÇÕES INTERNACIONAIS,22003010,29,UECE,UNIVERSIDADE ESTADUAL DO CEARÁ,ESTADUAL,PÚBLICA,UNIVERSIDADE,NORDESTE,FORTALEZA,ACADÊMICO,22003010074P9,POLÍTICAS PÚBLICAS,PUBLIC POLICY,CE,DOUTORADO,4,NA,2017,NÃO,NA,EM FUNCIONAMENTO,06APR2017:00:00:00,242513,177166,NA,2023,prog,POLÍTICAS PÚBLICAS,2017,2023
2023,CIÊNCIAS HUMANAS,CIÊNCIA POLÍTICA,POLÍTICAS PÚBLICAS,NÃO SE APLICA,39,CIÊNCIA POLÍTICA E RELAÇÕES INTERNACIONAIS,22003010,29,UECE,UNIVERSIDADE ESTADUAL DO CEARÁ,ESTADUAL,PÚBLICA,UNIVERSIDADE,NORDESTE,FORTALEZA,PROFISSIONAL,22003010019P8,PLANEJAMENTO E POLITICAS PÚBLICAS,PLANNING AND PUBLIC POLICY,CE,MESTRADO PROFISSIONAL,4,NA,2006,NÃO,NA,EM FUNCIONAMENTO,10OCT2013:00:00:00,245967,184297,NA,2023,prog,POLÍTICAS PÚBLICAS,2006,2023
2023,CIÊNCIAS HUMANAS,CIÊNCIA POLÍTICA,NÃO SE APLICA,NÃO SE APLICA,39,CIÊNCIA POLÍTICA E RELAÇÕES INTERNACIONAIS,24001015,579,UFPB-JP,UNIVERSIDADE FEDERAL DA PARAÍBA ( JOÃO PESSOA ),FEDERAL,PÚBLICA,NÃO INFORMADO,NORDESTE,JOÃO PESSOA,ACADÊMICO,24001015080P1,CIÊNCIA POLÍTICA E RELAÇÕES INTERNACIONAIS,POLITICAL SCIENCE AND INTERNATIONAL RELATIONS,PB,MESTRADO,4,NA,2016,NÃO,NA,EM FUNCIONAMENTO,19MAY2016:00:00:00,239930,171326,NA,2023,prog,CIÊNCIA POLÍTICA,2016,2023
2023,CIÊNCIAS HUMANAS,CIÊNCIA POLÍTICA,NÃO SE APLICA,NÃO SE APLICA,39,CIÊNCIA POLÍTICA E RELAÇÕES INTERNACIONAIS,24004014,550,UEPB,UNIVERSIDADE ESTADUAL DA PARAIBA,ESTADUAL,PÚBLICA,UNIVERSIDADE,NORDESTE,JOÃO PESSOA,ACADÊMICO,24004014007P1,RELAÇOES INTERNACIONAIS,"GRADUATE PROGRAM IN INTERNATIONAL RELATIONS, STATE UNIVERSITY OF PARAIBA",PB,MESTRADO,3,NA,2008,NÃO,NA,EM FUNCIONAMENTO,16AUG2012:00:00:00,240832,173203,NA,2023,prog,CIÊNCIA POLÍTICA,2008,2023
2023,CIÊNCIAS HUMANAS,CIÊNCIA POLÍTICA,NÃO SE APLICA,NÃO SE APLICA,39,CIÊNCIA POLÍTICA E RELAÇÕES INTERNACIONAIS,24009016,2564,UFCG,UNIVERSIDADE FEDERAL DE CAMPINA GRANDE,FEDERAL,PÚBLICA,UNIVERSIDADE,NORDESTE,CAMPINA GRANDE,ACADÊMICO,24009016171P8,CIÊNCIA POLÍTICA,GRADUATE PROGRAM OF POLITICAL SCIENCE AT UNIVERSIDADE FEDERAL DE CAMPINA GRANDE (UFCG),PB,MESTRADO,3,NA,2017,NÃO,NA,EM FUNCIONAMENTO,14MAR2017:00:00:00,242754,177498,NA,2023,prog,CIÊNCIA POLÍTICA,2017,2023
2023,CIÊNCIAS HUMANAS,CIÊNCIA POLÍTICA,NÃO SE APLICA,NÃO SE APLICA,39,CIÊNCIA POLÍTICA E RELAÇÕES INTERNACIONAIS,25001019,580,UFPE,UNIVERSIDADE FEDERAL DE PERNAMBUCO,FEDERAL,PÚBLICA,UNIVERSIDADE,NORDESTE,RECIFE,PROFISSIONAL,25001019091P6,POLÍTICAS PÚBLICAS,POLITICAL SCIENCE,PE,MESTRADO PROFISSIONAL,4,NA,2014,NÃO,NA,EM FUNCIONAMENTO,20NOV2013:00:00:00,242743,177487,NA,2023,prog,CIÊNCIA POLÍTICA,2014,2023
2023,CIÊNCIAS HUMANAS,CIÊNCIA POLÍTICA,NÃO SE APLICA,NÃO SE APLICA,39,CIÊNCIA POLÍTICA E RELAÇÕES INTERNACIONAIS,25001019,580,UFPE,UNIVERSIDADE FEDERAL DE PERNAMBUCO,FEDERAL,PÚBLICA,UNIVERSIDADE,NORDESTE,RECIFE,ACADÊMICO,25001019033P6,CIÊNCIA POLÍTICA,POLITICAL SCIENCE,PE,MESTRADO/DOUTORADO,6,NA,1982/2002,NÃO,NA,EM FUNCIONAMENTO,29JAN2014:00:00:00,241783,175294,NA,2023,prog,CIÊNCIA POLÍTICA,1982,2023
2023,CIÊNCIAS HUMANAS,CIÊNCIA POLÍTICA,POLÍTICA INTERNACIONAL,"RELAÇÕES INTERNACIONAIS, BILATERAIS E MULTILATERAIS",39,CIÊNCIA POLÍTICA E RELAÇÕES INTERNACIONAIS,28001010,578,UFBA,UNIVERSIDADE FEDERAL DA BAHIA,FEDERAL,PÚBLICA,UNIVERSIDADE,NORDESTE,SALVADOR,ACADÊMICO,28001010094P7,RELAÇÕES INTERNACIONAIS,INTERNATIONAL RELATIONS,BA,MESTRADO/DOUTORADO,4,NA,2014/2021,NÃO,NA,EM FUNCIONAMENTO,05DEC2013:00:00:00,243182,178196,NA,2023,prog,"RELAÇÕES INTERNACIONAIS, BILATERAIS E MULTILATERAIS",2014,2023
2023,CIÊNCIAS HUMANAS,CIÊNCIA POLÍTICA,NÃO SE APLICA,NÃO SE APLICA,39,CIÊNCIA POLÍTICA E RELAÇÕES INTERNACIONAIS,28001010,578,UFBA,UNIVERSIDADE FEDERAL DA BAHIA,FEDERAL,PÚBLICA,UNIVERSIDADE,NORDESTE,SALVADOR,ACADÊMICO,28001010177P0,CIÊNCIA POLÍTICA,POLITICAL SCIENCE,BA,MESTRADO,A,NA,2021,NÃO,NA,EM FUNCIONAMENTO,25AUG2021:00:00:00,245008,182170,NA,2023,prog,CIÊNCIA POLÍTICA,2021,2023
2023,CIÊNCIAS HUMANAS,CIÊNCIA POLÍTICA,POLÍTICAS PÚBLICAS,NÃO SE APLICA,39,CIÊNCIA POLÍTICA E RELAÇÕES INTERNACIONAIS,28022017,4503,UFRB,UNIVERSIDADE FEDERAL DO RECÔNCAVO DA BAHIA,FEDERAL,PÚBLICA,UNIVERSIDADE,NORDESTE,CRUZ DAS ALMAS,PROFISSIONAL,28022017008P0,GESTÃO DE POLÍTICAS PÚBLICAS,MANAGEMENT OF PUBLIC POLICY AND SOCIAL SECURITY,BA,MESTRADO PROFISSIONAL,4,NA,2011,NÃO,NA,EM FUNCIONAMENTO,12FEB2014:00:00:00,244066,180100,NA,2023,prog,POLÍTICAS PÚBLICAS,2011,2023
2023,CIÊNCIAS HUMANAS,CIÊNCIA POLÍTICA,NÃO SE APLICA,NÃO SE APLICA,39,CIÊNCIA POLÍTICA E RELAÇÕES INTERNACIONAIS,31001017,586,UFRJ,UNIVERSIDADE FEDERAL DO RIO DE JANEIRO,FEDERAL,PÚBLICA,UNIVERSIDADE,SUDESTE,RIO DE JANEIRO,ACADÊMICO,31001017160P5,POLÍTICAS PÚBLICAS EM DIREITOS HUMANOS,POST-GRADUATE PROGRAM IN PUBLIC POLICIES ON HUMAN RIGHTS,RJ,MESTRADO,3,NA,2015,NÃO,NA,EM FUNCIONAMENTO,25MAY2015:00:00:00,241107,173580,NA,2023,prog,CIÊNCIA POLÍTICA,2015,2023
2023,CIÊNCIAS HUMANAS,CIÊNCIA POLÍTICA,NÃO SE APLICA,NÃO SE APLICA,39,CIÊNCIA POLÍTICA E RELAÇÕES INTERNACIONAIS,31001017,586,UFRJ,UNIVERSIDADE FEDERAL DO RIO DE JANEIRO,FEDERAL,PÚBLICA,UNIVERSIDADE,SUDESTE,RIO DE JANEIRO,ACADÊMICO,31001017137P3,ECONOMIA POLÍTICA INTERNACIONAL,INTERNATIONAL POLITICAL ECONOMY,RJ,MESTRADO/DOUTORADO,4,NA,2009/2009,NÃO,NA,EM FUNCIONAMENTO,09AUG2013:00:00:00,244892,181998,NA,2023,prog,CIÊNCIA POLÍTICA,2009,2023
2023,CIÊNCIAS HUMANAS,CIÊNCIA POLÍTICA,NÃO SE APLICA,NÃO SE APLICA,39,CIÊNCIA POLÍTICA E RELAÇÕES INTERNACIONAIS,31003010,572,UFF,UNIVERSIDADE FEDERAL FLUMINENSE,FEDERAL,PÚBLICA,UNIVERSIDADE,SUDESTE,NITERÓI,PROFISSIONAL,31003010057P6,DEFESA E SEGURANÇA CIVIL,MASTER OF CIVIL DEFENSE AND SECURITY,RJ,MESTRADO PROFISSIONAL,4,NA,2007,NÃO,NA,EM FUNCIONAMENTO,15MAR2013:00:00:00,245012,182174,NA,2023,prog,CIÊNCIA POLÍTICA,2007,2023
2023,CIÊNCIAS HUMANAS,CIÊNCIA POLÍTICA,ESTADO E GOVERNO,NÃO SE APLICA,39,CIÊNCIA POLÍTICA E RELAÇÕES INTERNACIONAIS,31003010,572,UFF,UNIVERSIDADE FEDERAL FLUMINENSE,FEDERAL,PÚBLICA,UNIVERSIDADE,SUDESTE,NITERÓI,ACADÊMICO,31003010062P0,ESTUDOS ESTRATÉGICOS DA DEFESA E DA SEGURANÇA,STRATEGIC STUDIES AND DEFENSE GRADUATE PROGRAMME,RJ,MESTRADO/DOUTORADO,4,NA,2008/2019,NÃO,NA,EM FUNCIONAMENTO,07AUG2010:00:00:00,243107,178154,NA,2023,prog,ESTADO E GOVERNO,2008,2023
2023,CIÊNCIAS HUMANAS,CIÊNCIA POLÍTICA,NÃO SE APLICA,NÃO SE APLICA,39,CIÊNCIA POLÍTICA E RELAÇÕES INTERNACIONAIS,31003010,572,UFF,UNIVERSIDADE FEDERAL FLUMINENSE,FEDERAL,PÚBLICA,UNIVERSIDADE,SUDESTE,NITERÓI,ACADÊMICO,31003010033P0,CIÊNCIA POLÍTICA,GRADUATE PROGRAM IN POLITICAL SCIENCE,RJ,MESTRADO/DOUTORADO,4,NA,1994/2006,NÃO,NA,EM FUNCIONAMENTO,07AUG2010:00:00:00,240245,171707,NA,2023,prog,CIÊNCIA POLÍTICA,1994,2023
2023,CIÊNCIAS HUMANAS,CIÊNCIA POLÍTICA,POLÍTICA INTERNACIONAL,NÃO SE APLICA,39,CIÊNCIA POLÍTICA E RELAÇÕES INTERNACIONAIS,31004016,547,UERJ,UNIVERSIDADE DO ESTADO DO RIO DE JANEIRO,ESTADUAL,PÚBLICA,UNIVERSIDADE,SUDESTE,RIO DE JANEIRO,ACADÊMICO,31004016057P9,RELAÇÕES INTERNACIONAIS,GRADUATE PROGRAM OF INTERNATIONAL RELATIONS,RJ,MESTRADO/DOUTORADO,4,NA,2009/2015,NÃO,NA,EM FUNCIONAMENTO,15JAN2013:00:00:00,243261,178434,NA,2023,prog,POLÍTICA INTERNACIONAL,2009,2023
2023,CIÊNCIAS HUMANAS,CIÊNCIA POLÍTICA,NÃO SE APLICA,NÃO SE APLICA,39,CIÊNCIA POLÍTICA E RELAÇÕES INTERNACIONAIS,31004016,547,UERJ,UNIVERSIDADE DO ESTADO DO RIO DE JANEIRO,ESTADUAL,PÚBLICA,UNIVERSIDADE,SUDESTE,RIO DE JANEIRO,ACADÊMICO,31004016061P6,CIÊNCIA POLÍTICA,GRADUATE PROGRAM IN POLITICAL SCIENCE,RJ,MESTRADO/DOUTORADO,6,NA,2010/2010,NÃO,NA,EM FUNCIONAMENTO,11APR2013:00:00:00,240424,172425,NA,2023,prog,CIÊNCIA POLÍTICA,2010,2023
2023,CIÊNCIAS HUMANAS,CIÊNCIA POLÍTICA,POLÍTICA INTERNACIONAL,"INTEGRAÇÃO INTERNACIONAL, CONFLITO, GUERRA E PAZ",39,CIÊNCIA POLÍTICA E RELAÇÕES INTERNACIONAIS,31005012,528,PUC-RIO,PONTIFÍCIA UNIVERSIDADE CATÓLICA DO RIO DE JANEIRO,PARTICULAR,PRIVADA,UNIVERSIDADE,SUDESTE,RIO DE JANEIRO,PROFISSIONAL,31005012157P0,ANÁLISE E GESTÃO DE POLÍTICAS INTERNACIONAIS: RESOLUÇÃO DE CONFLITOS E COOPERAÇÃO PARA O DESENVOLVIMENTO,PROFESSIONAL MASTER IN ANALYSIS AND MANAGEMENT OF INTERNATIONAL POLICIES: CONFLICT RESOLUTION AND COOPERATION FOR THE DEVELOPMENT,RJ,MESTRADO PROFISSIONAL,4,NA,2016,NÃO,NA,EM FUNCIONAMENTO,19MAY2016:00:00:00,244857,181986,NA,2023,prog,"INTEGRAÇÃO INTERNACIONAL, CONFLITO, GUERRA E PAZ",2016,2023
2023,CIÊNCIAS HUMANAS,CIÊNCIA POLÍTICA,POLÍTICA INTERNACIONAL,"RELAÇÕES INTERNACIONAIS, BILATERAIS E MULTILATERAIS",39,CIÊNCIA POLÍTICA E RELAÇÕES INTERNACIONAIS,31005012,528,PUC-RIO,PONTIFÍCIA UNIVERSIDADE CATÓLICA DO RIO DE JANEIRO,PARTICULAR,PRIVADA,UNIVERSIDADE,SUDESTE,RIO DE JANEIRO,ACADÊMICO,31005012026P2,RELAÇÕES INTERNACIONAIS,INSTITUTE OF INTERNATIONAL RELATIONS,RJ,MESTRADO/DOUTORADO,6,NA,1987/2001,NÃO,NA,EM FUNCIONAMENTO,19FEB2014:00:00:00,244984,182070,NA,2023,prog,"RELAÇÕES INTERNACIONAIS, BILATERAIS E MULTILATERAIS",1987,2023
2023,CIÊNCIAS HUMANAS,CIÊNCIA POLÍTICA,NÃO SE APLICA,NÃO SE APLICA,39,CIÊNCIA POLÍTICA E RELAÇÕES INTERNACIONAIS,31021018,693,UNIRIO,UNIVERSIDADE FEDERAL DO ESTADO DO RIO DE JANEIRO,FEDERAL,PÚBLICA,UNIVERSIDADE,SUDESTE,RIO DE JANEIRO,ACADÊMICO,31021018157P8,CIÊNCIA POLÍTICA,POLITICAL SCIENCE,RJ,MESTRADO,4,NA,2017,NÃO,NA,EM FUNCIONAMENTO,03APR2017:00:00:00,245648,183927,NA,2023,prog,CIÊNCIA POLÍTICA,2017,2023
2023,CIÊNCIAS HUMANAS,CIÊNCIA POLÍTICA,NÃO SE APLICA,NÃO SE APLICA,39,CIÊNCIA POLÍTICA E RELAÇÕES INTERNACIONAIS,31070019,NI,EGN,ESCOLA DE GUERRA NAVAL,FEDERAL,PÚBLICA,NÃO INFORMADO,SUDESTE,RIO DE JANEIRO,PROFISSIONAL,31070019001P0,ESTUDOS MARÍTIMOS,MARITIME STUDIES POSTGRADUATE PROGRAM,RJ,MESTRADO PROFISSIONAL/DOUTORADO PROFISSIONAL,5,NA,2014/2019,NÃO,NA,EM FUNCIONAMENTO,13FEB2014:00:00:00,242344,176778,NA,2023,prog,CIÊNCIA POLÍTICA,2014,2023
2023,CIÊNCIAS HUMANAS,CIÊNCIA POLÍTICA,NÃO SE APLICA,NÃO SE APLICA,39,CIÊNCIA POLÍTICA E RELAÇÕES INTERNACIONAIS,31096018,NI,UNIFA,UNIVERSIDADE DA FORCA AEREA,FEDERAL,PÚBLICA,NÃO INFORMADO,SUDESTE,RIO DE JANEIRO,PROFISSIONAL,31096018001P2,CIÊNCIAS AEROESPACIAIS,AEROSPACE SCIENCES,RJ,MESTRADO PROFISSIONAL/DOUTORADO PROFISSIONAL,5,NA,2012/2021,NÃO,NA,EM FUNCIONAMENTO,24APR2013:00:00:00,242785,177509,NA,2023,prog,CIÊNCIA POLÍTICA,2012,2023
2023,CIÊNCIAS HUMANAS,CIÊNCIA POLÍTICA,NÃO SE APLICA,NÃO SE APLICA,39,CIÊNCIA POLÍTICA E RELAÇÕES INTERNACIONAIS,31098010,NI,ECEME,ESCOLA DE COMANDO E ESTADO-MAIOR DO EXÉRCITO,FEDERAL,PÚBLICA,NÃO INFORMADO,SUDESTE,RIO DE JANEIRO,ACADÊMICO,31098010001P5,CIÊNCIAS MILITARES,MASTER OF ARTS AND SCIENCES IN MILITARY SCIENCE,RJ,MESTRADO/DOUTORADO,5,NA,2013/2016,NÃO,NA,EM FUNCIONAMENTO,01NOV2013:00:00:00,244071,180265,NA,2023,prog,CIÊNCIA POLÍTICA,2013,2023
2023,CIÊNCIAS HUMANAS,CIÊNCIA POLÍTICA,NÃO SE APLICA,NÃO SE APLICA,39,CIÊNCIA POLÍTICA E RELAÇÕES INTERNACIONAIS,32001010,575,UFMG,UNIVERSIDADE FEDERAL DE MINAS GERAIS,FEDERAL,PÚBLICA,UNIVERSIDADE,SUDESTE,BELO HORIZONTE,ACADÊMICO,32001010011P2,CIÊNCIA POLÍTICA,GRADUATE PROGRAM IN POLITICAL SCIENCE,MG,MESTRADO/DOUTORADO,7,NA,1969/2006,NÃO,NA,EM FUNCIONAMENTO,13MAR2014:00:00:00,243938,179864,NA,2023,prog,CIÊNCIA POLÍTICA,1969,2023
2023,CIÊNCIAS HUMANAS,CIÊNCIA POLÍTICA,POLÍTICA INTERNACIONAL,NÃO SE APLICA,39,CIÊNCIA POLÍTICA E RELAÇÕES INTERNACIONAIS,32006012,17,UFU,UNIVERSIDADE FEDERAL DE UBERLÂNDIA,FEDERAL,PÚBLICA,UNIVERSIDADE,SUDESTE,UBERLÂNDIA,ACADÊMICO,32006012072P3,RELAÇÕES INTERNACIONAIS,INTERNATIONAL RELATIONS,MG,MESTRADO,4,NA,2015,NÃO,NA,EM FUNCIONAMENTO,19MAR2015:00:00:00,243173,178219,NA,2023,prog,POLÍTICA INTERNACIONAL,2015,2023
2023,CIÊNCIAS HUMANAS,CIÊNCIA POLÍTICA,POLÍTICA INTERNACIONAL,NÃO SE APLICA,39,CIÊNCIA POLÍTICA E RELAÇÕES INTERNACIONAIS,32008015,338,PUC/MG,PONTIFÍCIA UNIVERSIDADE CATÓLICA DE MINAS GERAIS,PARTICULAR,PRIVADA,UNIVERSIDADE,SUDESTE,BELO HORIZONTE,ACADÊMICO,32008015017P5,RELAÇÕES INTERNACIONAIS,GRADUATE PROGRAM IN INTERNATIONAL RELATIONS,MG,MESTRADO/DOUTORADO,5,NA,2007/2012,NÃO,NA,EM FUNCIONAMENTO,06SEP2012:00:00:00,242738,177482,NA,2023,prog,POLÍTICA INTERNACIONAL,2007,2023
2023,CIÊNCIAS HUMANAS,CIÊNCIA POLÍTICA,NÃO SE APLICA,NÃO SE APLICA,39,CIÊNCIA POLÍTICA E RELAÇÕES INTERNACIONAIS,32025017,1036,UEMG,UNIVERSIDADE DO ESTADO DE MINAS GERAIS,ESTADUAL,PÚBLICA,UNIVERSIDADE,SUDESTE,BELO HORIZONTE,PROFISSIONAL,32025017005P1,SEGURANÇA PÚBLICA E CIDADANIA,PUBLIC SECURITY AND CITIZENSHIP,MG,MESTRADO PROFISSIONAL,3,NA,2019,NÃO,NA,EM FUNCIONAMENTO,30AUG2019:00:00:00,245044,182206,NA,2023,prog,CIÊNCIA POLÍTICA,2019,2023
2023,CIÊNCIAS HUMANAS,CIÊNCIA POLÍTICA,NÃO SE APLICA,NÃO SE APLICA,39,CIÊNCIA POLÍTICA E RELAÇÕES INTERNACIONAIS,33001014,7,UFSCAR,UNIVERSIDADE FEDERAL DE SÃO CARLOS,FEDERAL,PÚBLICA,UNIVERSIDADE,SUDESTE,SÃO CARLOS,ACADÊMICO,33001014026P2,CIENCIA POLITICA,GRADUATE STUDIES PROGRAM IN POLITICAL SCIENCE,SP,MESTRADO/DOUTORADO,5,NA,2008/2008,NÃO,NA,EM FUNCIONAMENTO,15JAN2014:00:00:00,244530,181727,NA,2023,prog,CIÊNCIA POLÍTICA,2008,2023
2023,CIÊNCIAS HUMANAS,CIÊNCIA POLÍTICA,POLÍTICA INTERNACIONAL,"RELAÇÕES INTERNACIONAIS, BILATERAIS E MULTILATERAIS",39,CIÊNCIA POLÍTICA E RELAÇÕES INTERNACIONAIS,33002010,55,USP,UNIVERSIDADE DE SÃO PAULO,ESTADUAL,PÚBLICA,UNIVERSIDADE,SUDESTE,SÃO PAULO,ACADÊMICO,33002010208P0,RELAÇÕES INTERNACIONAIS,INTERNATIONAL RELATIONS,SP,MESTRADO/DOUTORADO,5,NA,2009/2009,NÃO,NA,EM FUNCIONAMENTO,04NOV2013:00:00:00,245484,183257,NA,2023,prog,"RELAÇÕES INTERNACIONAIS, BILATERAIS E MULTILATERAIS",2009,2023
2023,CIÊNCIAS HUMANAS,CIÊNCIA POLÍTICA,NÃO SE APLICA,NÃO SE APLICA,39,CIÊNCIA POLÍTICA E RELAÇÕES INTERNACIONAIS,33002010,55,USP,UNIVERSIDADE DE SÃO PAULO,ESTADUAL,PÚBLICA,UNIVERSIDADE,SUDESTE,SÃO PAULO,ACADÊMICO,33002010030P6,CIÊNCIA POLÍTICA,GRADUATE STUDIES IN POLITICAL SCIENCE AT UNIVERSITY OF SÃO PAULO,SP,MESTRADO/DOUTORADO,7,NA,1974/1974,NÃO,NA,EM FUNCIONAMENTO,01JUN2010:00:00:00,241022,173542,NA,2023,prog,CIÊNCIA POLÍTICA,1974,2023
2023,CIÊNCIAS HUMANAS,CIÊNCIA POLÍTICA,NÃO SE APLICA,NÃO SE APLICA,39,CIÊNCIA POLÍTICA E RELAÇÕES INTERNACIONAIS,33003017,54,UNICAMP,UNIVERSIDADE ESTADUAL DE CAMPINAS,ESTADUAL,PÚBLICA,UNIVERSIDADE,SUDESTE,CAMPINAS,ACADÊMICO,33003017017P6,CIÊNCIA POLÍTICA,GRADUATE PROGRAM IN POLITICAL SCIENCE AT UNICAMP,SP,MESTRADO/DOUTORADO,7,NA,1974/2006,NÃO,NA,EM FUNCIONAMENTO,16APR2013:00:00:00,244109,180304,NA,2023,prog,CIÊNCIA POLÍTICA,1974,2023
2023,CIÊNCIAS HUMANAS,CIÊNCIA POLÍTICA,POLÍTICA INTERNACIONAL,NÃO SE APLICA,39,CIÊNCIA POLÍTICA E RELAÇÕES INTERNACIONAIS,33004013,56,UNESP-REITORIA,UNIVERSIDADE ESTADUAL PAULISTA JÚLIO DE MESQUITA FILHO (SEDE),ESTADUAL,PÚBLICA,UNIVERSIDADE,SUDESTE,SÃO PAULO,ACADÊMICO,33004110044P0,RELAÇÕES INTERNACIONAIS (UNESP - UNICAMP - PUC-SP),"GRADUATE PROGRAM IN INTERNATIONAL RELATIONS SAN TIAGO DANTAS (UNESP, UNICAMP, PUC-SP)",SP,MESTRADO/DOUTORADO,5,NA,2003/2011,SIM,UNICAMP;UNESP-MAR;PUC/SP,EM FUNCIONAMENTO,18JUN2013:00:00:00,242797,177517,NA,2023,prog,POLÍTICA INTERNACIONAL,2003,2023
2023,CIÊNCIAS HUMANAS,CIÊNCIA POLÍTICA,POLÍTICA INTERNACIONAL,"RELAÇÕES INTERNACIONAIS, BILATERAIS E MULTILATERAIS",39,CIÊNCIA POLÍTICA E RELAÇÕES INTERNACIONAIS,33005010,546,PUC/SP,PONTIFÍCIA UNIVERSIDADE CATÓLICA DE SÃO PAULO,PARTICULAR,PRIVADA,UNIVERSIDADE,SUDESTE,SÃO PAULO,PROFISSIONAL,33005010046P2,GOVERNANÇA GLOBAL E FORMULAÇÃO DE POLÍTICAS INTERNACIONAIS,GLOBAL GOVERNANCE AND INTERNATIONAL POLICY FORMULATION,SP,MESTRADO PROFISSIONAL,3,NA,2019,NÃO,NA,EM FUNCIONAMENTO,05FEB2019:00:00:00,240732,172951,NA,2023,prog,"RELAÇÕES INTERNACIONAIS, BILATERAIS E MULTILATERAIS",2019,2023
2023,CIÊNCIAS HUMANAS,CIÊNCIA POLÍTICA,NÃO SE APLICA,NÃO SE APLICA,39,CIÊNCIA POLÍTICA E RELAÇÕES INTERNACIONAIS,33011010,602,ITA,INSTITUTO TECNOLÓGICO DE AERONÁUTICA,FEDERAL,PÚBLICA,FACULDADE,SUDESTE,SÃO JOSÉ DOS CAMPOS,PROFISSIONAL,33011010014P0,SEGURANÇA DE AVIAÇÃO E AERONAVEGABILIDADE CONTINUADA,AVIATION SAFETY AND CONTINUED AIRWORTHINESS,SP,MESTRADO PROFISSIONAL,3,NA,2018,NÃO,NA,EM FUNCIONAMENTO,20FEB2019:00:00:00,242192,176377,NA,2023,prog,CIÊNCIA POLÍTICA,2018,2023
2023,CIÊNCIAS HUMANAS,CIÊNCIA POLÍTICA,POLÍTICAS PÚBLICAS,NÃO SE APLICA,39,CIÊNCIA POLÍTICA E RELAÇÕES INTERNACIONAIS,33144010,4925,UFABC,UNIVERSIDADE FEDERAL DO ABC,FEDERAL,PÚBLICA,UNIVERSIDADE,SUDESTE,SÃO BERNARDO DO CAMPO,ACADÊMICO,33144010019P3,POLÍTICAS PÚBLICAS,PUBLIC POLICIES,SP,MESTRADO/DOUTORADO,4,NA,2014/2021,NÃO,NA,EM FUNCIONAMENTO,28FEB2014:00:00:00,241821,175542,NA,2023,prog,POLÍTICAS PÚBLICAS,2014,2023
2023,CIÊNCIAS HUMANAS,CIÊNCIA POLÍTICA,POLÍTICA INTERNACIONAL,"RELAÇÕES INTERNACIONAIS, BILATERAIS E MULTILATERAIS",39,CIÊNCIA POLÍTICA E RELAÇÕES INTERNACIONAIS,33144010,4925,UFABC,UNIVERSIDADE FEDERAL DO ABC,FEDERAL,PÚBLICA,UNIVERSIDADE,SUDESTE,SANTO ANDRÉ,ACADÊMICO,33144010173P2,RELAÇÕES INTERNACIONAIS,INTERNATIONAL RELATIONS,SP,MESTRADO,3,NA,2019,NÃO,NA,EM FUNCIONAMENTO,24MAY2019:00:00:00,242561,177213,NA,2023,prog,"RELAÇÕES INTERNACIONAIS, BILATERAIS E MULTILATERAIS",2019,2023
2023,CIÊNCIAS HUMANAS,CIÊNCIA POLÍTICA,NÃO SE APLICA,NÃO SE APLICA,39,CIÊNCIA POLÍTICA E RELAÇÕES INTERNACIONAIS,33324000,NI,ESG,ESCOLA SUPERIOR DE GUERRA,FEDERAL,PÚBLICA,NÃO INFORMADO,SUDESTE,RIO DE JANEIRO,ACADÊMICO,33324000001P2,SEGURANÇA INTERNACIONAL E DEFESA,INTERNATIONAL SECURITY AND DEFENSE,RJ,MESTRADO,3,NA,2019,NÃO,NA,EM FUNCIONAMENTO,28MAR2019:00:00:00,245220,182528,NA,2023,prog,CIÊNCIA POLÍTICA,2019,2023
2023,CIÊNCIAS HUMANAS,CIÊNCIA POLÍTICA,NÃO SE APLICA,NÃO SE APLICA,39,CIÊNCIA POLÍTICA E RELAÇÕES INTERNACIONAIS,40001016,571,UFPR,UNIVERSIDADE FEDERAL DO PARANÁ,FEDERAL,PÚBLICA,UNIVERSIDADE,SUL,CURITIBA,ACADÊMICO,40001016061P2,CIÊNCIA POLÍTICA,POLITICAL SCIENCE GRADUATE PROGRAM,PR,MESTRADO/DOUTORADO,6,NA,2009/2014,NÃO,NA,EM FUNCIONAMENTO,19MAR2013:00:00:00,242535,177302,NA,2023,prog,CIÊNCIA POLÍTICA,2009,2023
2023,CIÊNCIAS HUMANAS,CIÊNCIA POLÍTICA,POLÍTICAS PÚBLICAS,NÃO SE APLICA,39,CIÊNCIA POLÍTICA E RELAÇÕES INTERNACIONAIS,40004015,57,UEM,UNIVERSIDADE ESTADUAL DE MARINGÁ,ESTADUAL,PÚBLICA,UNIVERSIDADE,SUL,MARINGÁ,PROFISSIONAL,40004015033P8,POLÍTICAS PÚBLICAS,PUBLIC POLICIES,PR,MESTRADO PROFISSIONAL,4,NA,2010,NÃO,NA,EM FUNCIONAMENTO,13JUL2009:00:00:00,239651,170538,NA,2023,prog,POLÍTICAS PÚBLICAS,2010,2023
2023,CIÊNCIAS HUMANAS,CIÊNCIA POLÍTICA,POLÍTICA INTERNACIONAL,NÃO SE APLICA,39,CIÊNCIA POLÍTICA E RELAÇÕES INTERNACIONAIS,40043010,15001,UNILA,UNIVERSIDADE FEDERAL DA INTEGRAÇÃO LATINO-AMERICANA,FEDERAL,PÚBLICA,UNIVERSIDADE,SUL,FOZ DO IGUAÇU,ACADÊMICO,40043010009P0,RELAÇÕES INTERNACIONAIS,MASTER IN INTERNATIONAL RELATIONS,PR,MESTRADO,3,NA,2019,NÃO,NA,EM FUNCIONAMENTO,16MAY2019:00:00:00,240655,172830,NA,2023,prog,POLÍTICA INTERNACIONAL,2019,2023
2023,CIÊNCIAS HUMANAS,CIÊNCIA POLÍTICA,NÃO SE APLICA,NÃO SE APLICA,39,CIÊNCIA POLÍTICA E RELAÇÕES INTERNACIONAIS,40043010,15001,UNILA,UNIVERSIDADE FEDERAL DA INTEGRAÇÃO LATINO-AMERICANA,FEDERAL,PÚBLICA,UNIVERSIDADE,SUL,FOZ DO IGUAÇU,ACADÊMICO,40043010002P6,INTEGRAÇÃO CONTEMPORÂNEA DA AMÉRICA LATINA - ICAL,CONTEMPORARY LATIN AMERICAN INTEGRATION,PR,MESTRADO,4,NA,2014,NÃO,NA,EM FUNCIONAMENTO,15AUG2014:00:00:00,242449,176903,NA,2023,prog,CIÊNCIA POLÍTICA,2014,2023
2023,CIÊNCIAS HUMANAS,CIÊNCIA POLÍTICA,POLÍTICA INTERNACIONAL,"RELAÇÕES INTERNACIONAIS, BILATERAIS E MULTILATERAIS",39,CIÊNCIA POLÍTICA E RELAÇÕES INTERNACIONAIS,41001010,585,UFSC,UNIVERSIDADE FEDERAL DE SANTA CATARINA,FEDERAL,PÚBLICA,UNIVERSIDADE,SUL,FLORIANÓPOLIS,ACADÊMICO,41001010083P2,RELAÇÕES INTERNACIONAIS,MASTER'S PROGRAM IN INTERNATIONAL RELATIONS,SC,MESTRADO/DOUTORADO,4,NA,2011/2019,NÃO,NA,EM FUNCIONAMENTO,15MAR2013:00:00:00,242632,177364,NA,2023,prog,"RELAÇÕES INTERNACIONAIS, BILATERAIS E MULTILATERAIS",2011,2023
2023,CIÊNCIAS HUMANAS,CIÊNCIA POLÍTICA,NÃO SE APLICA,NÃO SE APLICA,39,CIÊNCIA POLÍTICA E RELAÇÕES INTERNACIONAIS,42001013,581,UFRGS,UNIVERSIDADE FEDERAL DO RIO GRANDE DO SUL,FEDERAL,PÚBLICA,UNIVERSIDADE,SUL,PORTO ALEGRE,ACADÊMICO,42001013033P4,CIÊNCIA POLÍTICA,POLITICAL SCIENCE,RS,MESTRADO/DOUTORADO,5,NA,1973/1996,NÃO,NA,EM FUNCIONAMENTO,07JAN2013:00:00:00,243278,178461,NA,2023,prog,CIÊNCIA POLÍTICA,1973,2023
2023,CIÊNCIAS HUMANAS,CIÊNCIA POLÍTICA,POLÍTICAS PÚBLICAS,NÃO SE APLICA,39,CIÊNCIA POLÍTICA E RELAÇÕES INTERNACIONAIS,42001013,581,UFRGS,UNIVERSIDADE FEDERAL DO RIO GRANDE DO SUL,FEDERAL,PÚBLICA,UNIVERSIDADE,SUL,PORTO ALEGRE,PROFISSIONAL,42001013175P3,SEGURANÇA CIDADÃ,CITIZEN SECURITY,RS,MESTRADO PROFISSIONAL,3,NA,2018,NÃO,NA,EM FUNCIONAMENTO,14SEP2017:00:00:00,242834,177666,NA,2023,prog,POLÍTICAS PÚBLICAS,2018,2023
2023,CIÊNCIAS HUMANAS,CIÊNCIA POLÍTICA,POLÍTICA INTERNACIONAL,"RELAÇÕES INTERNACIONAIS, BILATERAIS E MULTILATERAIS",39,CIÊNCIA POLÍTICA E RELAÇÕES INTERNACIONAIS,42001013,581,UFRGS,UNIVERSIDADE FEDERAL DO RIO GRANDE DO SUL,FEDERAL,PÚBLICA,UNIVERSIDADE,SUL,PORTO ALEGRE,ACADÊMICO,42001013101P0,ESTUDOS ESTRATÉGICOS INTERNACIONAIS,GRADUATE PROGRAM IN INTERNATIONAL STRATEGIC STUDIES,RS,MESTRADO/DOUTORADO,4,NA,2011/2011,NÃO,NA,EM FUNCIONAMENTO,23MAR2012:00:00:00,239583,170465,NA,2023,prog,"RELAÇÕES INTERNACIONAIS, BILATERAIS E MULTILATERAIS",2011,2023
2023,CIÊNCIAS HUMANAS,CIÊNCIA POLÍTICA,NÃO SE APLICA,NÃO SE APLICA,39,CIÊNCIA POLÍTICA E RELAÇÕES INTERNACIONAIS,42001013,581,UFRGS,UNIVERSIDADE FEDERAL DO RIO GRANDE DO SUL,FEDERAL,PÚBLICA,UNIVERSIDADE,SUL,PORTO ALEGRE,ACADÊMICO,42001013156P9,POLÍTICAS PÚBLICAS,POSTGRADUATE PROGRAM IN PUBLIC POLICY,RS,MESTRADO/DOUTORADO,4,NA,2015/2015,NÃO,NA,EM FUNCIONAMENTO,16APR2015:00:00:00,244329,181107,NA,2023,prog,CIÊNCIA POLÍTICA,2015,2023
2023,CIÊNCIAS HUMANAS,CIÊNCIA POLÍTICA,POLÍTICA INTERNACIONAL,NÃO SE APLICA,39,CIÊNCIA POLÍTICA E RELAÇÕES INTERNACIONAIS,42002010,582,UFSM,UNIVERSIDADE FEDERAL DE SANTA MARIA,FEDERAL,PÚBLICA,UNIVERSIDADE,SUL,SANTA MARIA,ACADÊMICO,42002010163P5,RELAÇÕES INTERNACIONAIS,POSTGRADUATE PROGRAM IN INTERNATIONAL RELATIONS,RS,MESTRADO,3,NA,2018,NÃO,NA,EM FUNCIONAMENTO,11JAN2019:00:00:00,243807,179567,NA,2023,prog,POLÍTICA INTERNACIONAL,2018,2023
2023,CIÊNCIAS HUMANAS,CIÊNCIA POLÍTICA,NÃO SE APLICA,NÃO SE APLICA,39,CIÊNCIA POLÍTICA E RELAÇÕES INTERNACIONAIS,42003016,634,UFPEL,UNIVERSIDADE FEDERAL DE PELOTAS,FEDERAL,PÚBLICA,UNIVERSIDADE,SUL,PELOTAS,ACADÊMICO,42003016037P2,CIÊNCIA POLÍTICA,POLITICAL SCIENCE GRADUATE PROGRAM,RS,MESTRADO/DOUTORADO,5,NA,2011/2016,NÃO,NA,EM FUNCIONAMENTO,28JAN2013:00:00:00,240704,172903,NA,2023,prog,CIÊNCIA POLÍTICA,2011,2023
2023,CIÊNCIAS HUMANAS,CIÊNCIA POLÍTICA,POLÍTICAS PÚBLICAS,NÃO SE APLICA,39,CIÊNCIA POLÍTICA E RELAÇÕES INTERNACIONAIS,42046017,5322,UNIPAMPA,FUNDAÇÃO UNIVERSIDADE FEDERAL DO PAMPA,FEDERAL,PÚBLICA,UNIVERSIDADE,SUL,SÃO BORJA,PROFISSIONAL,42046017012P6,POLÍTICAS PÚBLICAS,GRADUATE PROGRAM IN PUBLIC POLICY,RS,MESTRADO PROFISSIONAL,4,NA,2016,NÃO,NA,EM FUNCIONAMENTO,22DEC2015:00:00:00,240782,173108,NA,2023,prog,POLÍTICAS PÚBLICAS,2016,2023
2023,CIÊNCIAS HUMANAS,CIÊNCIA POLÍTICA,NÃO SE APLICA,NÃO SE APLICA,39,CIÊNCIA POLÍTICA E RELAÇÕES INTERNACIONAIS,52001016,584,UFG,UNIVERSIDADE FEDERAL DE GOIÁS,FEDERAL,PÚBLICA,UNIVERSIDADE,CENTRO-OESTE,GOIÂNIA,ACADÊMICO,52001016055P6,CIÊNCIA POLÍTICA E RELAÇÕES INTERNACIONAIS,GRADUATE PROGRAM IN POLITICAL SCIENCE AND INTERNATIONAL RELATIONS,GO,MESTRADO,4,NA,2012,NÃO,NA,EM FUNCIONAMENTO,23MAR2012:00:00:00,244875,182014,NA,2023,prog,CIÊNCIA POLÍTICA,2012,2023
2023,CIÊNCIAS HUMANAS,CIÊNCIA POLÍTICA,NÃO SE APLICA,NÃO SE APLICA,39,CIÊNCIA POLÍTICA E RELAÇÕES INTERNACIONAIS,53001010,2,UNB,UNIVERSIDADE DE BRASÍLIA,FEDERAL,PÚBLICA,UNIVERSIDADE,CENTRO-OESTE,BRASÍLIA,ACADÊMICO,53001010026P2,CIÊNCIA POLÍTICA,GRADUATE PROGRAM IN POLITICAL SCIENCE,DF,MESTRADO/DOUTORADO,7,NA,1984/2008,NÃO,NA,EM FUNCIONAMENTO,12MAR2014:00:00:00,240613,172746,NA,2023,prog,CIÊNCIA POLÍTICA,1984,2023
2023,CIÊNCIAS HUMANAS,CIÊNCIA POLÍTICA,POLÍTICA INTERNACIONAL,NÃO SE APLICA,39,CIÊNCIA POLÍTICA E RELAÇÕES INTERNACIONAIS,53001010,2,UNB,UNIVERSIDADE DE BRASÍLIA,FEDERAL,PÚBLICA,UNIVERSIDADE,CENTRO-OESTE,BRASÍLIA,ACADÊMICO,53001010025P6,RELAÇÕES INTERNACIONAIS,INTERNATIONAL RELATIONS,DF,MESTRADO/DOUTORADO,5,NA,1984/2002,NÃO,NA,EM FUNCIONAMENTO,29OCT2012:00:00:00,241489,174102,NA,2023,prog,POLÍTICA INTERNACIONAL,1984,2023
2023,CIÊNCIAS HUMANAS,CIÊNCIA POLÍTICA,POLÍTICAS PÚBLICAS,NÃO SE APLICA,39,CIÊNCIA POLÍTICA E RELAÇÕES INTERNACIONAIS,53013018,NI,ENAP,FUNDAÇÃO ESCOLA NACIONAL DE ADMINISTRAÇÃO PÚBLICA,FEDERAL,PÚBLICA,NÃO INFORMADO,CENTRO-OESTE,BRASÍLIA,PROFISSIONAL,53013018003P3,POLÍTICAS PÚBLICAS,PUBLIC POLICY,DF,DOUTORADO PROFISSIONAL,A,NA,2021,NÃO,NA,EM FUNCIONAMENTO,14OCT2021:00:00:00,243293,178464,NA,2023,prog,POLÍTICAS PÚBLICAS,2021,2023
2023,CIÊNCIAS HUMANAS,CIÊNCIA POLÍTICA,ESTADO E GOVERNO,NÃO SE APLICA,39,CIÊNCIA POLÍTICA E RELAÇÕES INTERNACIONAIS,53013018,NI,ENAP,FUNDAÇÃO ESCOLA NACIONAL DE ADMINISTRAÇÃO PÚBLICA,FEDERAL,PÚBLICA,NÃO INFORMADO,CENTRO-OESTE,BRASÍLIA,PROFISSIONAL,53013018001P0,GOVERNANÇA E DESENVOLVIMENTO,PROFESSIONAL MASTERS IN GOVERNANCE AND DEVELOPMENT,DF,MESTRADO PROFISSIONAL,3,NA,2017,NÃO,NA,EM FUNCIONAMENTO,23JAN2017:00:00:00,242938,177956,NA,2023,prog,ESTADO E GOVERNO,2017,2023
2023,CIÊNCIAS HUMANAS,CIÊNCIA POLÍTICA,POLÍTICAS PÚBLICAS,NÃO SE APLICA,39,CIÊNCIA POLÍTICA E RELAÇÕES INTERNACIONAIS,53013018,NI,ENAP,FUNDAÇÃO ESCOLA NACIONAL DE ADMINISTRAÇÃO PÚBLICA,FEDERAL,PÚBLICA,NÃO INFORMADO,CENTRO-OESTE,BRASÍLIA,PROFISSIONAL,53013018002P7,AVALIAÇÃO E MONITORAMENTO DE POLÍTICAS PÚBLICAS,EVALUATION AND MONITORING OF PUBLIC POLICIES,DF,MESTRADO PROFISSIONAL,3,NA,2020,NÃO,NA,EM FUNCIONAMENTO,25NOV2020:00:00:00,242976,178013,NA,2023,prog,POLÍTICAS PÚBLICAS,2020,2023
2023,CIÊNCIAS HUMANAS,CIÊNCIA POLÍTICA,NÃO SE APLICA,NÃO SE APLICA,39,CIÊNCIA POLÍTICA E RELAÇÕES INTERNACIONAIS,53037014,NI,CEFOR,"CENTRO DE FORMAÇÃO, TREINAMENTO E APERFEIÇOAMENTO",FEDERAL,PÚBLICA,NÃO INFORMADO,CENTRO-OESTE,BRASÍLIA,PROFISSIONAL,53037014001P0,PODER LEGISLATIVO,MA IN LEGISLATIVE AFFAIRS,DF,MESTRADO PROFISSIONAL,5,NA,2013,NÃO,NA,EM FUNCIONAMENTO,30AUG2012:00:00:00,241983,175809,NA,2023,prog,CIÊNCIA POLÍTICA,2013,2023
2023,CIÊNCIAS HUMANAS,CIÊNCIA POLÍTICA,POLÍTICAS PÚBLICAS,NÃO SE APLICA,39,CIÊNCIA POLÍTICA E RELAÇÕES INTERNACIONAIS,53062000,19320,FGV/BSB,FUNDACAO GETULIO VARGAS ( BRASÍLIA ),PARTICULAR,PRIVADA,NÃO INFORMADO,CENTRO-OESTE,BRASÍLIA,ACADÊMICO,53062000001P8,POLÍTICAS PÚBLICAS E GOVERNO,PUBLIC POLICY AND GOVERMENT,DF,MESTRADO,3,NA,2019,NÃO,NA,EM FUNCIONAMENTO,23AUG2019:00:00:00,242770,177474,NA,2023,prog,POLÍTICAS PÚBLICAS,2019,2023
2024,CIÊNCIAS HUMANAS,CIÊNCIA POLÍTICA,POLÍTICA INTERNACIONAL,"RELAÇÕES INTERNACIONAIS, BILATERAIS E MULTILATERAIS",39,CIÊNCIA POLÍTICA E RELAÇÕES INTERNACIONAIS,14001012,830,UNIFAP,UNIVERSIDADE FEDERAL DO AMAPÁ,FEDERAL,PÚBLICA,UNIVERSIDADE,NORTE,MACAPÁ,PROFISSIONAL,14001012156P0,ESTUDOS DE FRONTEIRA,BORDER STUDIES,AP,MESTRADO PROFISSIONAL,4,NA,2017,NÃO,NA,EM FUNCIONAMENTO,22MAR2017:00:00:00,260930,196360,NA,2024,prog,"RELAÇÕES INTERNACIONAIS, BILATERAIS E MULTILATERAIS",2017,2024
2024,CIÊNCIAS HUMANAS,CIÊNCIA POLÍTICA,NÃO SE APLICA,NÃO SE APLICA,39,CIÊNCIA POLÍTICA E RELAÇÕES INTERNACIONAIS,15001016,569,UFPA,UNIVERSIDADE FEDERAL DO PARÁ,FEDERAL,PÚBLICA,UNIVERSIDADE,NORTE,BELÉM,ACADÊMICO,15001016053P9,CIÊNCIA POLÍTICA,PROGRAM IN CIENCIA POLITIC,PA,MESTRADO/DOUTORADO,4,NA,2008/2024,NÃO,NA,EM FUNCIONAMENTO,18MAR2014:00:00:00,259039,194913,NA,2024,prog,CIÊNCIA POLÍTICA,2008,2024
2024,CIÊNCIAS HUMANAS,CIÊNCIA POLÍTICA,NÃO SE APLICA,NÃO SE APLICA,39,CIÊNCIA POLÍTICA E RELAÇÕES INTERNACIONAIS,21001014,5,UFPI,UNIVERSIDADE FEDERAL DO PIAUÍ,FEDERAL,PÚBLICA,UNIVERSIDADE,NORDESTE,TERESINA,ACADÊMICO,21001014082P6,CIÊNCIA POLÍTICA,. POLITICAL SCIENCE AND INTERNATIONAL RELATIONS,PI,MESTRADO,3,NA,2019,NÃO,NA,EM FUNCIONAMENTO,23AUG2019:00:00:00,266493,199672,NA,2024,prog,CIÊNCIA POLÍTICA,2019,2024
2024,CIÊNCIAS HUMANAS,CIÊNCIA POLÍTICA,POLÍTICAS PÚBLICAS,NÃO SE APLICA,39,CIÊNCIA POLÍTICA E RELAÇÕES INTERNACIONAIS,22003010,29,UECE,UNIVERSIDADE ESTADUAL DO CEARÁ,ESTADUAL,PÚBLICA,UNIVERSIDADE,NORDESTE,FORTALEZA,ACADÊMICO,22003010074P9,POLÍTICAS PÚBLICAS,PUBLIC POLICY,CE,DOUTORADO,4,NA,2017,NÃO,NA,EM FUNCIONAMENTO,06APR2017:00:00:00,259480,195265,NA,2024,prog,POLÍTICAS PÚBLICAS,2017,2024
2024,CIÊNCIAS HUMANAS,CIÊNCIA POLÍTICA,POLÍTICAS PÚBLICAS,NÃO SE APLICA,39,CIÊNCIA POLÍTICA E RELAÇÕES INTERNACIONAIS,22003010,29,UECE,UNIVERSIDADE ESTADUAL DO CEARÁ,ESTADUAL,PÚBLICA,UNIVERSIDADE,NORDESTE,FORTALEZA,PROFISSIONAL,22003010019P8,PLANEJAMENTO E POLITICAS PÚBLICAS,PLANNING AND PUBLIC POLICY,CE,MESTRADO PROFISSIONAL,4,NA,2006,NÃO,NA,EM FUNCIONAMENTO,10OCT2013:00:00:00,262097,197168,NA,2024,prog,POLÍTICAS PÚBLICAS,2006,2024
2024,CIÊNCIAS HUMANAS,CIÊNCIA POLÍTICA,NÃO SE APLICA,NÃO SE APLICA,39,CIÊNCIA POLÍTICA E RELAÇÕES INTERNACIONAIS,24001015,579,UFPB-JOÃO PESSOA,UNIVERSIDADE FEDERAL DA PARAÍBA - CAMPUS JOÃO PESSOA,FEDERAL,PÚBLICA,UNIVERSIDADE,NORDESTE,JOÃO PESSOA,ACADÊMICO,24001015080P1,CIÊNCIA POLÍTICA E RELAÇÕES INTERNACIONAIS,POLITICAL SCIENCE AND INTERNATIONAL RELATIONS,PB,MESTRADO/DOUTORADO,4,NA,2016/2024,NÃO,NA,EM FUNCIONAMENTO,19MAY2016:00:00:00,263941,198091,NA,2024,prog,CIÊNCIA POLÍTICA,2016,2024
2024,CIÊNCIAS HUMANAS,CIÊNCIA POLÍTICA,NÃO SE APLICA,NÃO SE APLICA,39,CIÊNCIA POLÍTICA E RELAÇÕES INTERNACIONAIS,24004014,550,UEPB,UNIVERSIDADE ESTADUAL DA PARAÍBA,ESTADUAL,PÚBLICA,UNIVERSIDADE,NORDESTE,JOÃO PESSOA,ACADÊMICO,24004014007P1,RELAÇOES INTERNACIONAIS,"GRADUATE PROGRAM IN INTERNATIONAL RELATIONS, STATE UNIVERSITY OF PARAIBA",PB,MESTRADO,3,NA,2008,NÃO,NA,EM FUNCIONAMENTO,16AUG2012:00:00:00,264868,198674,NA,2024,prog,CIÊNCIA POLÍTICA,2008,2024
2024,CIÊNCIAS HUMANAS,CIÊNCIA POLÍTICA,NÃO SE APLICA,NÃO SE APLICA,39,CIÊNCIA POLÍTICA E RELAÇÕES INTERNACIONAIS,24009016,2564,UFCG,UNIVERSIDADE FEDERAL DE CAMPINA GRANDE,FEDERAL,PÚBLICA,UNIVERSIDADE,NORDESTE,CAMPINA GRANDE,ACADÊMICO,24009016171P8,CIÊNCIA POLÍTICA,GRADUATE PROGRAM OF POLITICAL SCIENCE AT UNIVERSIDADE FEDERAL DE CAMPINA GRANDE (UFCG),PB,MESTRADO,3,NA,2017,NÃO,NA,EM FUNCIONAMENTO,14MAR2017:00:00:00,258601,194522,NA,2024,prog,CIÊNCIA POLÍTICA,2017,2024
2024,CIÊNCIAS HUMANAS,CIÊNCIA POLÍTICA,NÃO SE APLICA,NÃO SE APLICA,39,CIÊNCIA POLÍTICA E RELAÇÕES INTERNACIONAIS,25001019,580,UFPE,UNIVERSIDADE FEDERAL DE PERNAMBUCO,FEDERAL,PÚBLICA,UNIVERSIDADE,NORDESTE,RECIFE,ACADÊMICO,25001019033P6,CIÊNCIA POLÍTICA,POLITICAL SCIENCE,PE,MESTRADO/DOUTORADO,6,NA,1982/2002,NÃO,NA,EM FUNCIONAMENTO,29JAN2014:00:00:00,260683,196160,NA,2024,prog,CIÊNCIA POLÍTICA,1982,2024
2024,CIÊNCIAS HUMANAS,CIÊNCIA POLÍTICA,NÃO SE APLICA,NÃO SE APLICA,39,CIÊNCIA POLÍTICA E RELAÇÕES INTERNACIONAIS,25001019,580,UFPE,UNIVERSIDADE FEDERAL DE PERNAMBUCO,FEDERAL,PÚBLICA,UNIVERSIDADE,NORDESTE,RECIFE,PROFISSIONAL,25001019091P6,POLÍTICAS PÚBLICAS,POLITICAL SCIENCE,PE,MESTRADO PROFISSIONAL,4,NA,2014,NÃO,NA,EM FUNCIONAMENTO,20NOV2013:00:00:00,259440,195255,NA,2024,prog,CIÊNCIA POLÍTICA,2014,2024
2024,CIÊNCIAS HUMANAS,CIÊNCIA POLÍTICA,NÃO SE APLICA,NÃO SE APLICA,39,CIÊNCIA POLÍTICA E RELAÇÕES INTERNACIONAIS,28001010,578,UFBA,UNIVERSIDADE FEDERAL DA BAHIA,FEDERAL,PÚBLICA,UNIVERSIDADE,NORDESTE,SALVADOR,ACADÊMICO,28001010177P0,CIÊNCIA POLÍTICA,POLITICAL SCIENCE,BA,MESTRADO,A,NA,2021,NÃO,NA,EM FUNCIONAMENTO,25AUG2021:00:00:00,258522,194464,NA,2024,prog,CIÊNCIA POLÍTICA,2021,2024
2024,CIÊNCIAS HUMANAS,CIÊNCIA POLÍTICA,POLÍTICA INTERNACIONAL,"RELAÇÕES INTERNACIONAIS, BILATERAIS E MULTILATERAIS",39,CIÊNCIA POLÍTICA E RELAÇÕES INTERNACIONAIS,28001010,578,UFBA,UNIVERSIDADE FEDERAL DA BAHIA,FEDERAL,PÚBLICA,UNIVERSIDADE,NORDESTE,SALVADOR,ACADÊMICO,28001010094P7,RELAÇÕES INTERNACIONAIS,INTERNATIONAL RELATIONS,BA,MESTRADO/DOUTORADO,4,NA,2014/2021,NÃO,NA,EM FUNCIONAMENTO,05DEC2013:00:00:00,259377,195187,NA,2024,prog,"RELAÇÕES INTERNACIONAIS, BILATERAIS E MULTILATERAIS",2014,2024
2024,CIÊNCIAS HUMANAS,CIÊNCIA POLÍTICA,POLÍTICAS PÚBLICAS,NÃO SE APLICA,39,CIÊNCIA POLÍTICA E RELAÇÕES INTERNACIONAIS,28022017,4503,UFRB,UNIVERSIDADE FEDERAL DO RECÔNCAVO DA BAHIA,FEDERAL,PÚBLICA,UNIVERSIDADE,NORDESTE,CRUZ DAS ALMAS,PROFISSIONAL,28022017008P0,GESTÃO DE POLÍTICAS PÚBLICAS,MANAGEMENT OF PUBLIC POLICY AND SOCIAL SECURITY,BA,MESTRADO PROFISSIONAL,4,NA,2011,NÃO,NA,EM FUNCIONAMENTO,12FEB2014:00:00:00,265690,199070,NA,2024,prog,POLÍTICAS PÚBLICAS,2011,2024
2024,CIÊNCIAS HUMANAS,CIÊNCIA POLÍTICA,NÃO SE APLICA,NÃO SE APLICA,39,CIÊNCIA POLÍTICA E RELAÇÕES INTERNACIONAIS,31001017,586,UFRJ,UNIVERSIDADE FEDERAL DO RIO DE JANEIRO,FEDERAL,PÚBLICA,UNIVERSIDADE,SUDESTE,RIO DE JANEIRO,ACADÊMICO,31001017137P3,ECONOMIA POLÍTICA INTERNACIONAL,INTERNATIONAL POLITICAL ECONOMY,RJ,MESTRADO/DOUTORADO,4,NA,2009/2009,NÃO,NA,EM FUNCIONAMENTO,09AUG2013:00:00:00,259767,195524,NA,2024,prog,CIÊNCIA POLÍTICA,2009,2024
2024,CIÊNCIAS HUMANAS,CIÊNCIA POLÍTICA,NÃO SE APLICA,NÃO SE APLICA,39,CIÊNCIA POLÍTICA E RELAÇÕES INTERNACIONAIS,31001017,586,UFRJ,UNIVERSIDADE FEDERAL DO RIO DE JANEIRO,FEDERAL,PÚBLICA,UNIVERSIDADE,SUDESTE,RIO DE JANEIRO,ACADÊMICO,31001017160P5,POLÍTICAS PÚBLICAS EM DIREITOS HUMANOS,POST-GRADUATE PROGRAM IN PUBLIC POLICIES ON HUMAN RIGHTS,RJ,MESTRADO,3,NA,2015,NÃO,NA,EM FUNCIONAMENTO,25MAY2015:00:00:00,261348,196616,NA,2024,prog,CIÊNCIA POLÍTICA,2015,2024
2024,CIÊNCIAS HUMANAS,CIÊNCIA POLÍTICA,NÃO SE APLICA,NÃO SE APLICA,39,CIÊNCIA POLÍTICA E RELAÇÕES INTERNACIONAIS,31003010,572,UFF,UNIVERSIDADE FEDERAL FLUMINENSE,FEDERAL,PÚBLICA,UNIVERSIDADE,SUDESTE,NITERÓI,PROFISSIONAL,31003010057P6,DEFESA E SEGURANÇA CIVIL,MASTER OF CIVIL DEFENSE AND SECURITY,RJ,MESTRADO PROFISSIONAL,4,NA,2007,NÃO,NA,EM FUNCIONAMENTO,15MAR2013:00:00:00,261702,196844,NA,2024,prog,CIÊNCIA POLÍTICA,2007,2024
2024,CIÊNCIAS HUMANAS,CIÊNCIA POLÍTICA,NÃO SE APLICA,NÃO SE APLICA,39,CIÊNCIA POLÍTICA E RELAÇÕES INTERNACIONAIS,31003010,572,UFF,UNIVERSIDADE FEDERAL FLUMINENSE,FEDERAL,PÚBLICA,UNIVERSIDADE,SUDESTE,NITERÓI,ACADÊMICO,31003010033P0,CIÊNCIA POLÍTICA,GRADUATE PROGRAM IN POLITICAL SCIENCE,RJ,MESTRADO/DOUTORADO,4,NA,1994/2006,NÃO,NA,EM FUNCIONAMENTO,07AUG2010:00:00:00,262954,197605,NA,2024,prog,CIÊNCIA POLÍTICA,1994,2024
2024,CIÊNCIAS HUMANAS,CIÊNCIA POLÍTICA,ESTADO E GOVERNO,NÃO SE APLICA,39,CIÊNCIA POLÍTICA E RELAÇÕES INTERNACIONAIS,31003010,572,UFF,UNIVERSIDADE FEDERAL FLUMINENSE,FEDERAL,PÚBLICA,UNIVERSIDADE,SUDESTE,NITERÓI,ACADÊMICO,31003010062P0,ESTUDOS ESTRATÉGICOS DA DEFESA E DA SEGURANÇA,STRATEGIC STUDIES AND DEFENSE GRADUATE PROGRAMME,RJ,MESTRADO/DOUTORADO,4,NA,2008/2019,NÃO,NA,EM FUNCIONAMENTO,07AUG2010:00:00:00,258606,194528,NA,2024,prog,ESTADO E GOVERNO,2008,2024
2024,CIÊNCIAS HUMANAS,CIÊNCIA POLÍTICA,POLÍTICA INTERNACIONAL,NÃO SE APLICA,39,CIÊNCIA POLÍTICA E RELAÇÕES INTERNACIONAIS,31004016,547,UERJ,UNIVERSIDADE DO ESTADO DO RIO DE JANEIRO,ESTADUAL,PÚBLICA,UNIVERSIDADE,SUDESTE,RIO DE JANEIRO,ACADÊMICO,31004016057P9,RELAÇÕES INTERNACIONAIS,GRADUATE PROGRAM OF INTERNATIONAL RELATIONS,RJ,MESTRADO/DOUTORADO,4,NA,2009/2015,NÃO,NA,EM FUNCIONAMENTO,15JAN2013:00:00:00,257512,193752,NA,2024,prog,POLÍTICA INTERNACIONAL,2009,2024
2024,CIÊNCIAS HUMANAS,CIÊNCIA POLÍTICA,NÃO SE APLICA,NÃO SE APLICA,39,CIÊNCIA POLÍTICA E RELAÇÕES INTERNACIONAIS,31004016,547,UERJ,UNIVERSIDADE DO ESTADO DO RIO DE JANEIRO,ESTADUAL,PÚBLICA,UNIVERSIDADE,SUDESTE,RIO DE JANEIRO,ACADÊMICO,31004016061P6,CIÊNCIA POLÍTICA,GRADUATE PROGRAM IN POLITICAL SCIENCE,RJ,MESTRADO/DOUTORADO,6,NA,2010/2010,NÃO,NA,EM FUNCIONAMENTO,11APR2013:00:00:00,259045,194924,NA,2024,prog,CIÊNCIA POLÍTICA,2010,2024
2024,CIÊNCIAS HUMANAS,CIÊNCIA POLÍTICA,POLÍTICA INTERNACIONAL,"INTEGRAÇÃO INTERNACIONAL, CONFLITO, GUERRA E PAZ",39,CIÊNCIA POLÍTICA E RELAÇÕES INTERNACIONAIS,31005012,528,PUC-RIO,PONTIFÍCIA UNIVERSIDADE CATÓLICA DO RIO DE JANEIRO,PARTICULAR,PRIVADA,UNIVERSIDADE,SUDESTE,RIO DE JANEIRO,PROFISSIONAL,31005012157P0,ANÁLISE E GESTÃO DE POLÍTICAS INTERNACIONAIS: RESOLUÇÃO DE CONFLITOS E COOPERAÇÃO PARA O DESENVOLVIMENTO,PROFESSIONAL MASTER IN ANALYSIS AND MANAGEMENT OF INTERNATIONAL POLICIES: CONFLICT RESOLUTION AND COOPERATION FOR THE DEVELOPMENT,RJ,MESTRADO PROFISSIONAL,4,NA,2016,NÃO,NA,EM FUNCIONAMENTO,19MAY2016:00:00:00,262957,197608,NA,2024,prog,"INTEGRAÇÃO INTERNACIONAL, CONFLITO, GUERRA E PAZ",2016,2024
2024,CIÊNCIAS HUMANAS,CIÊNCIA POLÍTICA,POLÍTICA INTERNACIONAL,"RELAÇÕES INTERNACIONAIS, BILATERAIS E MULTILATERAIS",39,CIÊNCIA POLÍTICA E RELAÇÕES INTERNACIONAIS,31005012,528,PUC-RIO,PONTIFÍCIA UNIVERSIDADE CATÓLICA DO RIO DE JANEIRO,PARTICULAR,PRIVADA,UNIVERSIDADE,SUDESTE,RIO DE JANEIRO,ACADÊMICO,31005012026P2,RELAÇÕES INTERNACIONAIS,INSTITUTE OF INTERNATIONAL RELATIONS,RJ,MESTRADO/DOUTORADO,6,NA,1987/2001,NÃO,NA,EM FUNCIONAMENTO,19FEB2014:00:00:00,257238,193508,NA,2024,prog,"RELAÇÕES INTERNACIONAIS, BILATERAIS E MULTILATERAIS",1987,2024
2024,CIÊNCIAS HUMANAS,CIÊNCIA POLÍTICA,NÃO SE APLICA,NÃO SE APLICA,39,CIÊNCIA POLÍTICA E RELAÇÕES INTERNACIONAIS,31021018,693,UNIRIO,UNIVERSIDADE FEDERAL DO ESTADO DO RIO DE JANEIRO,FEDERAL,PÚBLICA,UNIVERSIDADE,SUDESTE,RIO DE JANEIRO,ACADÊMICO,31021018157P8,CIÊNCIA POLÍTICA,POLITICAL SCIENCE,RJ,MESTRADO/DOUTORADO,4,NA,2017/2024,NÃO,NA,EM FUNCIONAMENTO,03APR2017:00:00:00,264057,198165,NA,2024,prog,CIÊNCIA POLÍTICA,2017,2024
2024,CIÊNCIAS HUMANAS,CIÊNCIA POLÍTICA,NÃO SE APLICA,NÃO SE APLICA,39,CIÊNCIA POLÍTICA E RELAÇÕES INTERNACIONAIS,31070019,29252,EGN,ESCOLA DE GUERRA NAVAL,FEDERAL,PÚBLICA,FACULDADE,SUDESTE,RIO DE JANEIRO,PROFISSIONAL,31070019001P0,ESTUDOS MARÍTIMOS,MARITIME STUDIES POSTGRADUATE PROGRAM,RJ,MESTRADO PROFISSIONAL/DOUTORADO PROFISSIONAL,5,NA,2014/2019,NÃO,NA,EM FUNCIONAMENTO,13FEB2014:00:00:00,259953,195710,NA,2024,prog,CIÊNCIA POLÍTICA,2014,2024
2024,CIÊNCIAS HUMANAS,CIÊNCIA POLÍTICA,NÃO SE APLICA,NÃO SE APLICA,39,CIÊNCIA POLÍTICA E RELAÇÕES INTERNACIONAIS,31096018,NI,UNIFA,UNIVERSIDADE DA FORÇA AÉREA,FEDERAL,PÚBLICA,UNIVERSIDADE,SUDESTE,RIO DE JANEIRO,PROFISSIONAL,31096018001P2,CIÊNCIAS AEROESPACIAIS,AEROSPACE SCIENCES,RJ,MESTRADO PROFISSIONAL/DOUTORADO PROFISSIONAL,5,NA,2012/2021,NÃO,NA,EM FUNCIONAMENTO,24APR2013:00:00:00,262151,197220,NA,2024,prog,CIÊNCIA POLÍTICA,2012,2024
2024,CIÊNCIAS HUMANAS,CIÊNCIA POLÍTICA,NÃO SE APLICA,NÃO SE APLICA,39,CIÊNCIA POLÍTICA E RELAÇÕES INTERNACIONAIS,31098010,21436,ECEME,ESCOLA DE COMANDO E ESTADO-MAIOR DO EXÉRCITO,FEDERAL,PÚBLICA,OUTRA,SUDESTE,RIO DE JANEIRO,ACADÊMICO,31098010001P5,CIÊNCIAS MILITARES,MASTER OF ARTS AND SCIENCES IN MILITARY SCIENCE,RJ,MESTRADO/DOUTORADO,5,NA,2013/2016,NÃO,NA,EM FUNCIONAMENTO,01NOV2013:00:00:00,260244,195878,NA,2024,prog,CIÊNCIA POLÍTICA,2013,2024
2024,CIÊNCIAS HUMANAS,CIÊNCIA POLÍTICA,NÃO SE APLICA,NÃO SE APLICA,39,CIÊNCIA POLÍTICA E RELAÇÕES INTERNACIONAIS,32001010,575,UFMG,UNIVERSIDADE FEDERAL DE MINAS GERAIS,FEDERAL,PÚBLICA,UNIVERSIDADE,SUDESTE,BELO HORIZONTE,ACADÊMICO,32001010011P2,CIÊNCIA POLÍTICA,GRADUATE PROGRAM IN POLITICAL SCIENCE,MG,MESTRADO/DOUTORADO,7,NA,1969/2006,NÃO,NA,EM FUNCIONAMENTO,13MAR2014:00:00:00,257263,193533,NA,2024,prog,CIÊNCIA POLÍTICA,1969,2024
2024,CIÊNCIAS HUMANAS,CIÊNCIA POLÍTICA,POLÍTICA INTERNACIONAL,NÃO SE APLICA,39,CIÊNCIA POLÍTICA E RELAÇÕES INTERNACIONAIS,32006012,17,UFU,UNIVERSIDADE FEDERAL DE UBERLÂNDIA,FEDERAL,PÚBLICA,UNIVERSIDADE,SUDESTE,UBERLÂNDIA,ACADÊMICO,32006012072P3,RELAÇÕES INTERNACIONAIS,INTERNATIONAL RELATIONS,MG,MESTRADO,4,NA,2015,NÃO,NA,EM FUNCIONAMENTO,19MAR2015:00:00:00,259716,195480,NA,2024,prog,POLÍTICA INTERNACIONAL,2015,2024
2024,CIÊNCIAS HUMANAS,CIÊNCIA POLÍTICA,POLÍTICA INTERNACIONAL,NÃO SE APLICA,39,CIÊNCIA POLÍTICA E RELAÇÕES INTERNACIONAIS,32008015,338,PUC MINAS,PONTIFÍCIA UNIVERSIDADE CATÓLICA DE MINAS GERAIS,PARTICULAR,PRIVADA,UNIVERSIDADE,SUDESTE,BELO HORIZONTE,ACADÊMICO,32008015017P5,RELAÇÕES INTERNACIONAIS,GRADUATE PROGRAM IN INTERNATIONAL RELATIONS,MG,MESTRADO/DOUTORADO,5,NA,2007/2012,NÃO,NA,EM FUNCIONAMENTO,06SEP2012:00:00:00,259365,195155,NA,2024,prog,POLÍTICA INTERNACIONAL,2007,2024
2024,CIÊNCIAS HUMANAS,CIÊNCIA POLÍTICA,NÃO SE APLICA,NÃO SE APLICA,39,CIÊNCIA POLÍTICA E RELAÇÕES INTERNACIONAIS,32025017,1036,UEMG,UNIVERSIDADE DO ESTADO DE MINAS GERAIS,ESTADUAL,PÚBLICA,UNIVERSIDADE,SUDESTE,BELO HORIZONTE,PROFISSIONAL,32025017005P1,SEGURANÇA PÚBLICA E CIDADANIA,PUBLIC SECURITY AND CITIZENSHIP,MG,MESTRADO PROFISSIONAL,3,NA,2019,NÃO,NA,EM FUNCIONAMENTO,30AUG2019:00:00:00,264007,198097,NA,2024,prog,CIÊNCIA POLÍTICA,2019,2024
2024,CIÊNCIAS HUMANAS,CIÊNCIA POLÍTICA,NÃO SE APLICA,NÃO SE APLICA,39,CIÊNCIA POLÍTICA E RELAÇÕES INTERNACIONAIS,33001014,7,UFSCAR,UNIVERSIDADE FEDERAL DE SÃO CARLOS,FEDERAL,PÚBLICA,UNIVERSIDADE,SUDESTE,SÃO CARLOS,ACADÊMICO,33001014026P2,CIENCIA POLITICA,GRADUATE STUDIES PROGRAM IN POLITICAL SCIENCE,SP,MESTRADO/DOUTORADO,5,NA,2008/2008,NÃO,NA,EM FUNCIONAMENTO,15JAN2014:00:00:00,264408,198324,NA,2024,prog,CIÊNCIA POLÍTICA,2008,2024
2024,CIÊNCIAS HUMANAS,CIÊNCIA POLÍTICA,POLÍTICA INTERNACIONAL,"RELAÇÕES INTERNACIONAIS, BILATERAIS E MULTILATERAIS",39,CIÊNCIA POLÍTICA E RELAÇÕES INTERNACIONAIS,33002010,55,USP,UNIVERSIDADE DE SÃO PAULO,ESTADUAL,PÚBLICA,UNIVERSIDADE,SUDESTE,SÃO PAULO,ACADÊMICO,33002010208P0,RELAÇÕES INTERNACIONAIS,INTERNATIONAL RELATIONS,SP,MESTRADO/DOUTORADO,5,NA,2009/2009,NÃO,NA,EM FUNCIONAMENTO,04NOV2013:00:00:00,262142,197211,NA,2024,prog,"RELAÇÕES INTERNACIONAIS, BILATERAIS E MULTILATERAIS",2009,2024
2024,CIÊNCIAS HUMANAS,CIÊNCIA POLÍTICA,NÃO SE APLICA,NÃO SE APLICA,39,CIÊNCIA POLÍTICA E RELAÇÕES INTERNACIONAIS,33002010,55,USP,UNIVERSIDADE DE SÃO PAULO,ESTADUAL,PÚBLICA,UNIVERSIDADE,SUDESTE,SÃO PAULO,ACADÊMICO,33002010030P6,CIÊNCIA POLÍTICA,GRADUATE STUDIES IN POLITICAL SCIENCE AT UNIVERSITY OF SÃO PAULO,SP,MESTRADO/DOUTORADO,7,NA,1974/1974,NÃO,NA,EM FUNCIONAMENTO,01JUN2010:00:00:00,262775,197449,NA,2024,prog,CIÊNCIA POLÍTICA,1974,2024
2024,CIÊNCIAS HUMANAS,CIÊNCIA POLÍTICA,NÃO SE APLICA,NÃO SE APLICA,39,CIÊNCIA POLÍTICA E RELAÇÕES INTERNACIONAIS,33003017,54,UNICAMP,UNIVERSIDADE ESTADUAL DE CAMPINAS,ESTADUAL,PÚBLICA,UNIVERSIDADE,SUDESTE,CAMPINAS,ACADÊMICO,33003017017P6,CIÊNCIA POLÍTICA,GRADUATE PROGRAM IN POLITICAL SCIENCE AT UNICAMP,SP,MESTRADO/DOUTORADO,7,NA,1974/2006,NÃO,NA,EM FUNCIONAMENTO,16APR2013:00:00:00,256846,193114,NA,2024,prog,CIÊNCIA POLÍTICA,1974,2024
2024,CIÊNCIAS HUMANAS,CIÊNCIA POLÍTICA,POLÍTICA INTERNACIONAL,NÃO SE APLICA,39,CIÊNCIA POLÍTICA E RELAÇÕES INTERNACIONAIS,33004013,56,UNESP,UNIVERSIDADE ESTADUAL PAULISTA JÚLIO DE MESQUITA FILHO,ESTADUAL,PÚBLICA,UNIVERSIDADE,SUDESTE,SÃO PAULO,ACADÊMICO,33004110044P0,RELAÇÕES INTERNACIONAIS (UNESP - UNICAMP - PUC-SP),"GRADUATE PROGRAM IN INTERNATIONAL RELATIONS SAN TIAGO DANTAS (UNESP, UNICAMP, PUC-SP)",SP,MESTRADO/DOUTORADO,5,NA,2003/2011,SIM,UNICAMP;UNESP-MARÍLIA;PUCSP,EM FUNCIONAMENTO,18JUN2013:00:00:00,261884,196981,NA,2024,prog,POLÍTICA INTERNACIONAL,2003,2024
2024,CIÊNCIAS HUMANAS,CIÊNCIA POLÍTICA,POLÍTICA INTERNACIONAL,"RELAÇÕES INTERNACIONAIS, BILATERAIS E MULTILATERAIS",39,CIÊNCIA POLÍTICA E RELAÇÕES INTERNACIONAIS,33005010,546,PUCSP,PONTIFÍCIA UNIVERSIDADE CATÓLICA DE SÃO PAULO,PARTICULAR,PRIVADA,UNIVERSIDADE,SUDESTE,SÃO PAULO,PROFISSIONAL,33005010046P2,GOVERNANÇA GLOBAL E FORMULAÇÃO DE POLÍTICAS INTERNACIONAIS,GLOBAL GOVERNANCE AND INTERNATIONAL POLICY FORMULATION,SP,MESTRADO PROFISSIONAL,3,NA,2019,NÃO,NA,EM FUNCIONAMENTO,05FEB2019:00:00:00,264407,198323,NA,2024,prog,"RELAÇÕES INTERNACIONAIS, BILATERAIS E MULTILATERAIS",2019,2024
2024,CIÊNCIAS HUMANAS,CIÊNCIA POLÍTICA,NÃO SE APLICA,NÃO SE APLICA,39,CIÊNCIA POLÍTICA E RELAÇÕES INTERNACIONAIS,33011010,602,ITA,INSTITUTO TECNOLÓGICO DE AERONÁUTICA,FEDERAL,PÚBLICA,FACULDADE,SUDESTE,SÃO JOSÉ DOS CAMPOS,PROFISSIONAL,33011010014P0,SEGURANÇA DE AVIAÇÃO E AERONAVEGABILIDADE CONTINUADA,AVIATION SAFETY AND CONTINUED AIRWORTHINESS,SP,MESTRADO PROFISSIONAL,3,NA,2018,NÃO,NA,EM FUNCIONAMENTO,20FEB2019:00:00:00,259268,195079,NA,2024,prog,CIÊNCIA POLÍTICA,2018,2024
2024,CIÊNCIAS HUMANAS,CIÊNCIA POLÍTICA,POLÍTICA INTERNACIONAL,"RELAÇÕES INTERNACIONAIS, BILATERAIS E MULTILATERAIS",39,CIÊNCIA POLÍTICA E RELAÇÕES INTERNACIONAIS,33144010,4925,UFABC,UNIVERSIDADE FEDERAL DO ABC,FEDERAL,PÚBLICA,UNIVERSIDADE,SUDESTE,SANTO ANDRÉ,ACADÊMICO,33144010173P2,RELAÇÕES INTERNACIONAIS,INTERNATIONAL RELATIONS,SP,MESTRADO,3,NA,2019,NÃO,NA,EM FUNCIONAMENTO,24MAY2019:00:00:00,257644,193817,NA,2024,prog,"RELAÇÕES INTERNACIONAIS, BILATERAIS E MULTILATERAIS",2019,2024
2024,CIÊNCIAS HUMANAS,CIÊNCIA POLÍTICA,POLÍTICAS PÚBLICAS,NÃO SE APLICA,39,CIÊNCIA POLÍTICA E RELAÇÕES INTERNACIONAIS,33144010,4925,UFABC,UNIVERSIDADE FEDERAL DO ABC,FEDERAL,PÚBLICA,UNIVERSIDADE,SUDESTE,SÃO BERNARDO DO CAMPO,ACADÊMICO,33144010019P3,POLÍTICAS PÚBLICAS,PUBLIC POLICIES,SP,MESTRADO/DOUTORADO,4,NA,2014/2021,NÃO,NA,EM FUNCIONAMENTO,28FEB2014:00:00:00,258874,194805,NA,2024,prog,POLÍTICAS PÚBLICAS,2014,2024
2024,CIÊNCIAS HUMANAS,CIÊNCIA POLÍTICA,NÃO SE APLICA,NÃO SE APLICA,39,CIÊNCIA POLÍTICA E RELAÇÕES INTERNACIONAIS,33324000,NI,ESG,ESCOLA SUPERIOR DE GUERRA,FEDERAL,PÚBLICA,OUTRA,SUDESTE,RIO DE JANEIRO,ACADÊMICO,33324000001P2,SEGURANÇA INTERNACIONAL E DEFESA,INTERNATIONAL SECURITY AND DEFENSE,RJ,MESTRADO,3,NA,2019,NÃO,NA,EM FUNCIONAMENTO,28MAR2019:00:00:00,266208,199474,NA,2024,prog,CIÊNCIA POLÍTICA,2019,2024
2024,CIÊNCIAS HUMANAS,CIÊNCIA POLÍTICA,NÃO SE APLICA,NÃO SE APLICA,39,CIÊNCIA POLÍTICA E RELAÇÕES INTERNACIONAIS,35133007,17672,IDP-SP,"INSTITUTO BRASILEIRO DE ENSINO, DESENVOLVIMENTO E PESQUISA DE SÃO PAULO",PARTICULAR,PRIVADA,FACULDADE,SUDESTE,SÃO PAULO,PROFISSIONAL,35133007003P8,CIÊNCIA POLÍTICA,POLITICS SCIENCE,SP,MESTRADO PROFISSIONAL,A,NA,2024,NÃO,NA,EM FUNCIONAMENTO,08MAR2024:00:00:00,265372,198922,NA,2024,prog,CIÊNCIA POLÍTICA,2024,2024
2024,CIÊNCIAS HUMANAS,CIÊNCIA POLÍTICA,NÃO SE APLICA,NÃO SE APLICA,39,CIÊNCIA POLÍTICA E RELAÇÕES INTERNACIONAIS,40001016,571,UFPR,UNIVERSIDADE FEDERAL DO PARANÁ,FEDERAL,PÚBLICA,UNIVERSIDADE,SUL,CURITIBA,ACADÊMICO,40001016061P2,CIÊNCIA POLÍTICA,POLITICAL SCIENCE GRADUATE PROGRAM,PR,MESTRADO/DOUTORADO,6,NA,2009/2014,NÃO,NA,EM FUNCIONAMENTO,19MAR2013:00:00:00,258243,194206,NA,2024,prog,CIÊNCIA POLÍTICA,2009,2024
2024,CIÊNCIAS HUMANAS,CIÊNCIA POLÍTICA,POLÍTICAS PÚBLICAS,NÃO SE APLICA,39,CIÊNCIA POLÍTICA E RELAÇÕES INTERNACIONAIS,40001016,571,UFPR,UNIVERSIDADE FEDERAL DO PARANÁ,FEDERAL,PÚBLICA,UNIVERSIDADE,SUL,CURITIBA,ACADÊMICO,40001016076P0,POLÍTICAS PÚBLICAS,PUBLIC POLICY,PR,MESTRADO/DOUTORADO,4,NA,2011/2011,NÃO,NA,EM FUNCIONAMENTO,26NOV2013:00:00:00,259585,195330,NA,2024,prog,POLÍTICAS PÚBLICAS,2011,2024
2024,CIÊNCIAS HUMANAS,CIÊNCIA POLÍTICA,POLÍTICAS PÚBLICAS,NÃO SE APLICA,39,CIÊNCIA POLÍTICA E RELAÇÕES INTERNACIONAIS,40004015,57,UEM,UNIVERSIDADE ESTADUAL DE MARINGÁ,ESTADUAL,PÚBLICA,UNIVERSIDADE,SUL,MARINGÁ,PROFISSIONAL,40004015033P8,POLÍTICAS PÚBLICAS,PUBLIC POLICIES,PR,MESTRADO PROFISSIONAL,4,NA,2010,NÃO,NA,EM FUNCIONAMENTO,13JUL2009:00:00:00,257251,193501,NA,2024,prog,POLÍTICAS PÚBLICAS,2010,2024
2024,CIÊNCIAS HUMANAS,CIÊNCIA POLÍTICA,POLÍTICA INTERNACIONAL,NÃO SE APLICA,39,CIÊNCIA POLÍTICA E RELAÇÕES INTERNACIONAIS,40043010,15001,UNILA,UNIVERSIDADE FEDERAL DA INTEGRAÇÃO LATINO-AMERICANA,FEDERAL,PÚBLICA,UNIVERSIDADE,SUL,FOZ DO IGUAÇU,ACADÊMICO,40043010009P0,RELAÇÕES INTERNACIONAIS,MASTER IN INTERNATIONAL RELATIONS,PR,MESTRADO,3,NA,2019,NÃO,NA,EM FUNCIONAMENTO,16MAY2019:00:00:00,257046,193331,NA,2024,prog,POLÍTICA INTERNACIONAL,2019,2024
2024,CIÊNCIAS HUMANAS,CIÊNCIA POLÍTICA,NÃO SE APLICA,NÃO SE APLICA,39,CIÊNCIA POLÍTICA E RELAÇÕES INTERNACIONAIS,40043010,15001,UNILA,UNIVERSIDADE FEDERAL DA INTEGRAÇÃO LATINO-AMERICANA,FEDERAL,PÚBLICA,UNIVERSIDADE,SUL,FOZ DO IGUAÇU,ACADÊMICO,40043010002P6,INTEGRAÇÃO CONTEMPORÂNEA DA AMÉRICA LATINA - ICAL,CONTEMPORARY LATIN AMERICAN INTEGRATION,PR,MESTRADO/DOUTORADO,4,NA,2014/2024,NÃO,NA,EM FUNCIONAMENTO,15AUG2014:00:00:00,262165,197227,NA,2024,prog,CIÊNCIA POLÍTICA,2014,2024
2024,CIÊNCIAS HUMANAS,CIÊNCIA POLÍTICA,POLÍTICA INTERNACIONAL,"RELAÇÕES INTERNACIONAIS, BILATERAIS E MULTILATERAIS",39,CIÊNCIA POLÍTICA E RELAÇÕES INTERNACIONAIS,41001010,585,UFSC,UNIVERSIDADE FEDERAL DE SANTA CATARINA,FEDERAL,PÚBLICA,UNIVERSIDADE,SUL,FLORIANÓPOLIS,ACADÊMICO,41001010083P2,RELAÇÕES INTERNACIONAIS,MASTER'S PROGRAM IN INTERNATIONAL RELATIONS,SC,MESTRADO/DOUTORADO,4,NA,2011/2019,NÃO,NA,EM FUNCIONAMENTO,15MAR2013:00:00:00,260934,196364,NA,2024,prog,"RELAÇÕES INTERNACIONAIS, BILATERAIS E MULTILATERAIS",2011,2024
2024,CIÊNCIAS HUMANAS,CIÊNCIA POLÍTICA,POLÍTICAS PÚBLICAS,NÃO SE APLICA,39,CIÊNCIA POLÍTICA E RELAÇÕES INTERNACIONAIS,42001013,581,UFRGS,UNIVERSIDADE FEDERAL DO RIO GRANDE DO SUL,FEDERAL,PÚBLICA,UNIVERSIDADE,SUL,PORTO ALEGRE,PROFISSIONAL,42001013175P3,SEGURANÇA CIDADÃ,CITIZEN SECURITY,RS,MESTRADO PROFISSIONAL,3,NA,2018,NÃO,NA,EM FUNCIONAMENTO,14SEP2017:00:00:00,259879,195636,NA,2024,prog,POLÍTICAS PÚBLICAS,2018,2024
2024,CIÊNCIAS HUMANAS,CIÊNCIA POLÍTICA,NÃO SE APLICA,NÃO SE APLICA,39,CIÊNCIA POLÍTICA E RELAÇÕES INTERNACIONAIS,42001013,581,UFRGS,UNIVERSIDADE FEDERAL DO RIO GRANDE DO SUL,FEDERAL,PÚBLICA,UNIVERSIDADE,SUL,PORTO ALEGRE,ACADÊMICO,42001013033P4,CIÊNCIA POLÍTICA,POLITICAL SCIENCE,RS,MESTRADO/DOUTORADO,5,NA,1973/1996,NÃO,NA,EM FUNCIONAMENTO,07JAN2013:00:00:00,258096,194047,NA,2024,prog,CIÊNCIA POLÍTICA,1973,2024
2024,CIÊNCIAS HUMANAS,CIÊNCIA POLÍTICA,NÃO SE APLICA,NÃO SE APLICA,39,CIÊNCIA POLÍTICA E RELAÇÕES INTERNACIONAIS,42001013,581,UFRGS,UNIVERSIDADE FEDERAL DO RIO GRANDE DO SUL,FEDERAL,PÚBLICA,UNIVERSIDADE,SUL,PORTO ALEGRE,ACADÊMICO,42001013156P9,POLÍTICAS PÚBLICAS,POSTGRADUATE PROGRAM IN PUBLIC POLICY,RS,MESTRADO/DOUTORADO,4,NA,2015/2015,NÃO,NA,EM FUNCIONAMENTO,16APR2015:00:00:00,258427,194350,NA,2024,prog,CIÊNCIA POLÍTICA,2015,2024
2024,CIÊNCIAS HUMANAS,CIÊNCIA POLÍTICA,POLÍTICA INTERNACIONAL,"RELAÇÕES INTERNACIONAIS, BILATERAIS E MULTILATERAIS",39,CIÊNCIA POLÍTICA E RELAÇÕES INTERNACIONAIS,42001013,581,UFRGS,UNIVERSIDADE FEDERAL DO RIO GRANDE DO SUL,FEDERAL,PÚBLICA,UNIVERSIDADE,SUL,PORTO ALEGRE,ACADÊMICO,42001013101P0,ESTUDOS ESTRATÉGICOS INTERNACIONAIS,GRADUATE PROGRAM IN INTERNATIONAL STRATEGIC STUDIES,RS,MESTRADO/DOUTORADO,4,NA,2011/2011,NÃO,NA,EM FUNCIONAMENTO,23MAR2012:00:00:00,256067,192397,NA,2024,prog,"RELAÇÕES INTERNACIONAIS, BILATERAIS E MULTILATERAIS",2011,2024
2024,CIÊNCIAS HUMANAS,CIÊNCIA POLÍTICA,POLÍTICA INTERNACIONAL,NÃO SE APLICA,39,CIÊNCIA POLÍTICA E RELAÇÕES INTERNACIONAIS,42002010,582,UFSM,UNIVERSIDADE FEDERAL DE SANTA MARIA,FEDERAL,PÚBLICA,UNIVERSIDADE,SUL,SANTA MARIA,ACADÊMICO,42002010163P5,RELAÇÕES INTERNACIONAIS,POSTGRADUATE PROGRAM IN INTERNATIONAL RELATIONS,RS,MESTRADO,3,NA,2018,NÃO,NA,EM FUNCIONAMENTO,11JAN2019:00:00:00,266534,199711,NA,2024,prog,POLÍTICA INTERNACIONAL,2018,2024
2024,CIÊNCIAS HUMANAS,CIÊNCIA POLÍTICA,NÃO SE APLICA,NÃO SE APLICA,39,CIÊNCIA POLÍTICA E RELAÇÕES INTERNACIONAIS,42003016,634,UFPEL,UNIVERSIDADE FEDERAL DE PELOTAS,FEDERAL,PÚBLICA,UNIVERSIDADE,SUL,PELOTAS,ACADÊMICO,42003016037P2,CIÊNCIA POLÍTICA,POLITICAL SCIENCE GRADUATE PROGRAM,RS,MESTRADO/DOUTORADO,5,NA,2011/2016,NÃO,NA,EM FUNCIONAMENTO,28JAN2013:00:00:00,258295,194235,NA,2024,prog,CIÊNCIA POLÍTICA,2011,2024
2024,CIÊNCIAS HUMANAS,CIÊNCIA POLÍTICA,POLÍTICAS PÚBLICAS,NÃO SE APLICA,39,CIÊNCIA POLÍTICA E RELAÇÕES INTERNACIONAIS,42046017,5322,UNIPAMPA,UNIVERSIDADE FEDERAL DO PAMPA,FEDERAL,PÚBLICA,UNIVERSIDADE,SUL,SÃO BORJA,PROFISSIONAL,42046017012P6,POLÍTICAS PÚBLICAS,GRADUATE PROGRAM IN PUBLIC POLICY,RS,MESTRADO PROFISSIONAL,4,NA,2016,NÃO,NA,EM FUNCIONAMENTO,22DEC2015:00:00:00,260883,196289,NA,2024,prog,POLÍTICAS PÚBLICAS,2016,2024
2024,CIÊNCIAS HUMANAS,CIÊNCIA POLÍTICA,NÃO SE APLICA,NÃO SE APLICA,39,CIÊNCIA POLÍTICA E RELAÇÕES INTERNACIONAIS,52001016,584,UFG,UNIVERSIDADE FEDERAL DE GOIÁS,FEDERAL,PÚBLICA,UNIVERSIDADE,CENTRO-OESTE,GOIÂNIA,ACADÊMICO,52001016055P6,CIÊNCIA POLÍTICA E RELAÇÕES INTERNACIONAIS,GRADUATE PROGRAM IN POLITICAL SCIENCE AND INTERNATIONAL RELATIONS,GO,MESTRADO,4,NA,2012,NÃO,NA,EM FUNCIONAMENTO,23MAR2012:00:00:00,259651,195416,NA,2024,prog,CIÊNCIA POLÍTICA,2012,2024
2024,CIÊNCIAS HUMANAS,CIÊNCIA POLÍTICA,NÃO SE APLICA,NÃO SE APLICA,39,CIÊNCIA POLÍTICA E RELAÇÕES INTERNACIONAIS,53001010,2,UNB,UNIVERSIDADE DE BRASÍLIA,FEDERAL,PÚBLICA,UNIVERSIDADE,CENTRO-OESTE,BRASÍLIA,ACADÊMICO,53001010026P2,CIÊNCIA POLÍTICA,GRADUATE PROGRAM IN POLITICAL SCIENCE,DF,MESTRADO/DOUTORADO,7,NA,1984/2008,NÃO,NA,EM FUNCIONAMENTO,12MAR2014:00:00:00,261737,196859,NA,2024,prog,CIÊNCIA POLÍTICA,1984,2024
2024,CIÊNCIAS HUMANAS,CIÊNCIA POLÍTICA,POLÍTICA INTERNACIONAL,NÃO SE APLICA,39,CIÊNCIA POLÍTICA E RELAÇÕES INTERNACIONAIS,53001010,2,UNB,UNIVERSIDADE DE BRASÍLIA,FEDERAL,PÚBLICA,UNIVERSIDADE,CENTRO-OESTE,BRASÍLIA,ACADÊMICO,53001010025P6,RELAÇÕES INTERNACIONAIS,INTERNATIONAL RELATIONS,DF,MESTRADO/DOUTORADO,5,NA,1984/2002,NÃO,NA,EM FUNCIONAMENTO,29OCT2012:00:00:00,258554,194476,NA,2024,prog,POLÍTICA INTERNACIONAL,1984,2024
2024,CIÊNCIAS HUMANAS,CIÊNCIA POLÍTICA,ESTADO E GOVERNO,NÃO SE APLICA,39,CIÊNCIA POLÍTICA E RELAÇÕES INTERNACIONAIS,53013018,17617,ENAP,ESCOLA NACIONAL DE ADMINISTRAÇÃO PÚBLICA,FEDERAL,PÚBLICA,ESCOLA DE GOVERNO,CENTRO-OESTE,BRASÍLIA,PROFISSIONAL,53013018001P0,GOVERNANÇA E DESENVOLVIMENTO,PROFESSIONAL MASTERS IN GOVERNANCE AND DEVELOPMENT,DF,MESTRADO PROFISSIONAL,3,NA,2017,NÃO,NA,EM FUNCIONAMENTO,23JAN2017:00:00:00,259366,195156,NA,2024,prog,ESTADO E GOVERNO,2017,2024
2024,CIÊNCIAS HUMANAS,CIÊNCIA POLÍTICA,POLÍTICAS PÚBLICAS,NÃO SE APLICA,39,CIÊNCIA POLÍTICA E RELAÇÕES INTERNACIONAIS,53013018,17617,ENAP,ESCOLA NACIONAL DE ADMINISTRAÇÃO PÚBLICA,FEDERAL,PÚBLICA,ESCOLA DE GOVERNO,CENTRO-OESTE,BRASÍLIA,PROFISSIONAL,53013018002P7,AVALIAÇÃO E MONITORAMENTO DE POLÍTICAS PÚBLICAS,EVALUATION AND MONITORING OF PUBLIC POLICIES,DF,MESTRADO PROFISSIONAL,3,NA,2020,NÃO,NA,EM FUNCIONAMENTO,25NOV2020:00:00:00,259344,195139,NA,2024,prog,POLÍTICAS PÚBLICAS,2020,2024
2024,CIÊNCIAS HUMANAS,CIÊNCIA POLÍTICA,POLÍTICAS PÚBLICAS,NÃO SE APLICA,39,CIÊNCIA POLÍTICA E RELAÇÕES INTERNACIONAIS,53013018,17617,ENAP,ESCOLA NACIONAL DE ADMINISTRAÇÃO PÚBLICA,FEDERAL,PÚBLICA,ESCOLA DE GOVERNO,CENTRO-OESTE,BRASÍLIA,PROFISSIONAL,53013018003P3,POLÍTICAS PÚBLICAS,PUBLIC POLICY,DF,DOUTORADO PROFISSIONAL,A,NA,2021,NÃO,NA,EM FUNCIONAMENTO,14OCT2021:00:00:00,259983,195741,NA,2024,prog,POLÍTICAS PÚBLICAS,2021,2024
2024,CIÊNCIAS HUMANAS,CIÊNCIA POLÍTICA,NÃO SE APLICA,NÃO SE APLICA,39,CIÊNCIA POLÍTICA E RELAÇÕES INTERNACIONAIS,53019016,12247,IDP-BSB,"INSTITUTO BRASILEIRO DE ENSINO, DESENVOLVIMENTO E PESQUISA DE BRASÍLIA",PARTICULAR,PRIVADA,FACULDADE,CENTRO-OESTE,BRASÍLIA,PROFISSIONAL,53019016006P0,CIÊNCIA POLÍTICA E RELAÇÕES INTERNACIONAIS,POLITICAL SCIENCE AND INTERNATIONAL RELATIONS,DF,MESTRADO PROFISSIONAL,A,NA,2024,NÃO,NA,EM FUNCIONAMENTO,09AUG2024:00:00:00,262822,197473,NA,2024,prog,CIÊNCIA POLÍTICA,2024,2024
2024,CIÊNCIAS HUMANAS,CIÊNCIA POLÍTICA,NÃO SE APLICA,NÃO SE APLICA,39,CIÊNCIA POLÍTICA E RELAÇÕES INTERNACIONAIS,53037014,17161,CEFOR,"CENTRO DE FORMAÇÃO, TREINAMENTO E APERFEIÇOAMENTO",FEDERAL,PÚBLICA,ESCOLA DE GOVERNO,CENTRO-OESTE,BRASÍLIA,PROFISSIONAL,53037014001P0,PODER LEGISLATIVO,MA IN LEGISLATIVE AFFAIRS,DF,MESTRADO PROFISSIONAL,5,NA,2013,NÃO,NA,EM FUNCIONAMENTO,30AUG2012:00:00:00,262605,197290,NA,2024,prog,CIÊNCIA POLÍTICA,2013,2024
2024,CIÊNCIAS HUMANAS,CIÊNCIA POLÍTICA,POLÍTICAS PÚBLICAS,NÃO SE APLICA,39,CIÊNCIA POLÍTICA E RELAÇÕES INTERNACIONAIS,53062000,19320,FGV-BSB,FUNDAÇÃO GETULIO VARGAS - BRASÍLIA,PARTICULAR,PRIVADA,FACULDADE,CENTRO-OESTE,BRASÍLIA,ACADÊMICO,53062000001P8,POLÍTICAS PÚBLICAS E GOVERNO,PUBLIC POLICY AND GOVERMENT,DF,MESTRADO,3,NA,2019,NÃO,NA,EM FUNCIONAMENTO,23AUG2019:00:00:00,260712,196186,NA,2024,prog,POLÍTICAS PÚBLICAS,2019,2024
2024,CIÊNCIAS HUMANAS,CIÊNCIA POLÍTICA,NÃO SE APLICA,NÃO SE APLICA,39,CIÊNCIA POLÍTICA E RELAÇÕES INTERNACIONAIS,53093003,NI,ESD,ESCOLA SUPERIOR DE DEFESA,FEDERAL,PÚBLICA,OUTRA,CENTRO-OESTE,BRASÍLIA,ACADÊMICO,53093003001P0,"SEGURANÇA, DESENVOLVIMENTO E DEFESA","MASTER PROGRAM IN SECURITY, DEVELOPMENT AND DEFENSE",DF,MESTRADO,A,NA,2024,NÃO,NA,EM FUNCIONAMENTO,26AUG2024:00:00:00,266372,199552,NA,2024,prog,CIÊNCIA POLÍTICA,2024,2024
